query,clicks,demand,sources,decision,notes
займ,277709,674344,zaim,commercial,core loans
займы,236991,589775,zaim,commercial,core loans
займ на карту,162514,229457,zaim,commercial,card
займы онлайн,162192,383569,"microzaim;zaim",commercial,online
займ онлайн,150519,275680,"microzaim;zaim",commercial,online
микрозайм,147656,327551,"microzaim;zaim",commercial,core loans
займы онлайн на карту,104416,146474,zaim,commercial,"online; card"
онлайн займ,98947,117052,zaim,commercial,online
онлайн займы,88935,103462,zaim,commercial,online
займ на карту без отказа,66414,86097,zaim,commercial,"card; no refusal"
займ на карту t_me_top_zaim24,57894,28623,zaim,spam,affiliate/spam tail
займ онлайн на карту,55813,70412,zaim,commercial,"online; card"
займ займом на карту,54230,59742,zaim,commercial,card
займы на карту,52786,71572,zaim,commercial,card
лайм займ,45776,105612,zaim,brand,brand/lk or MFO name
займ на карту онлайн,45415,54245,zaim,commercial,"online; card"
взять займ,43086,78531,zaim,commercial,action
займы на карту онлайн,38902,44446,zaim,commercial,"online; card"
быстрый займ,37927,46446,zaim,commercial,urgent
онлайн займы на карту,37335,42288,zaim,commercial,"online; card"
займ t_me_top_zaim24,36594,17657,zaim,spam,affiliate/spam tail
займ экспресс,35801,38810,zaim,commercial,urgent
онлайн займ на карту,35764,39965,zaim,commercial,"online; card"
займы без отказа,30053,64776,zaim,commercial,no refusal
займ без отказа,28865,50000,zaim,commercial,no refusal
займы онлайн t_me_top_zaim24,28841,13901,zaim,spam,affiliate/spam tail
займ без процентов,27803,51912,zaim,commercial,zero percent
взять займ на карту,27011,32405,zaim,commercial,"action; card"
займ на карте онлайн,26621,29065,zaim,commercial,"online; card"
юкки займ,25806,54458,zaim,brand,brand/lk or MFO name
займ онлайн на карте,25515,27446,zaim,commercial,"online; card"
займы онлайн на карту без отказа,25275,39268,zaim,commercial,"online; card; no refusal"
займ на карту срочно,24171,29607,zaim,commercial,"card; urgent"
займы с плохой кредитной историей без отказа,23621,23644,zaim,commercial,"no refusal; bad credit"
займ с плохой кредитной историей без отказа,23563,23185,zaim,commercial,"no refusal; bad credit"
микрозайм без процентов,23344,42238,"microzaim;zaim",commercial,zero percent
займ на карту вам одобрено,22346,22402,zaim,spam,affiliate/spam tail
турбозайм личный кабинет,21818,52726,zaim,brand,brand/lk or MFO name
взять микрозайм,21275,29188,microzaim,commercial,action
юкки займ личный кабинет,20285,28410,zaim,brand,brand/lk or MFO name
веб займ,19933,91316,zaim,brand,brand/lk or MFO name
займ до зарплаты,19879,21911,zaim,commercial,salary
микрозайм на карту,19608,18767,microzaim,commercial,card
займ без отказа с плохой кредитной историей,19600,18082,zaim,commercial,"no refusal; bad credit"
займы без отказа с плохой кредитной историей,19534,18112,zaim,commercial,"no refusal; bad credit"
взять займ на карту без отказа,19002,25595,zaim,commercial,"action; card; no refusal"
до зарплаты займ,18785,23662,zaim,commercial,salary
микрозайм онлайн,18349,21760,microzaim,commercial,online
займ под залог птс,18183,24888,zaim,commercial,pledge
займ с плохой кредитной историей,17965,17424,zaim,commercial,bad credit
займы на карту без отказа,17730,22815,zaim,commercial,"card; no refusal"
все займы,17448,25797,zaim,commercial,comparison
микрозайм t_me_top_zaim24,16640,8265,microzaim,spam,affiliate/spam tail
онлайн займ на карту без отказа,16594,24131,zaim,commercial,"online; card; no refusal"
квику,16470,24698,zaim,brand,brand/lk or MFO name
займ взять,16263,20851,zaim,commercial,action
займ без отказа на карту,16263,20160,zaim,commercial,"card; no refusal"
без отказа займ,16017,19807,zaim,commercial,no refusal
привет сосед займ,15714,29594,zaim,brand,brand/lk or MFO name
займ онлайн на карту без отказа,15545,18868,zaim,commercial,"online; card; no refusal"
займы без отказа на карту,15260,22424,zaim,commercial,"card; no refusal"
займ под залог авто,15159,23481,zaim,commercial,pledge
новые займы,14701,15167,zaim,maybe,needs serp check: new/unknown lenders
займы онлайн на карту t_me_top_zaim24,14017,6728,zaim,spam,affiliate/spam tail
займы с плохой кредитной историей,13949,13310,zaim,commercial,bad credit
микрозайм без процентов на карту,13839,20783,microzaim,commercial,"card; zero percent"
займы без процентов,12928,28044,zaim,commercial,zero percent
взять займ онлайн,12678,18582,zaim,commercial,"action; online"
займ на карту без отказов,12521,15525,zaim,commercial,"card; no refusal"
а деньги займ,12365,19400,zaim,brand,brand/lk or MFO name
займы без отказов на карту,12230,15390,zaim,commercial,"card; no refusal"
микрозаймы без процентов,12078,18746,zaim,commercial,zero percent
все займы онлайн,11399,17727,zaim,commercial,"online; comparison"
займ мобайл,11368,13715,zaim,brand,brand/lk or MFO name
лайм займ личный кабинет,10886,22807,zaim,brand,brand/lk or MFO name
бустра займ личный кабинет,10734,18207,zaim,brand,brand/lk or MFO name
займ на карту онлайн без отказа,10671,13623,zaim,commercial,"online; card; no refusal"
моментальный займ,10597,12773,zaim,commercial,urgent
займ на карту с плохой кредитной историей,10489,9543,zaim,commercial,"card; bad credit"
экспресс займ,10457,11523,zaim,commercial,urgent
корона займ,10334,12563,zaim,brand,brand/lk or MFO name
капуста,10237,28146,zaim,brand,brand/lk or MFO name
первый займ без процентов,10026,14602,zaim,commercial,zero percent
небус займ,9780,21817,zaim,brand,brand/lk or MFO name
займ через госуслуги,9671,9225,zaim,maybe,needs serp check: gosuslugi
займы без карты,9547,9716,zaim,maybe,needs manual/serp check
займы на карту без отказа онлайн,9533,11782,zaim,commercial,"online; card; no refusal"
займы онлайн без отказа на карту,9483,11911,zaim,commercial,"online; card; no refusal"
займ на карту срочно без отказа,9364,11586,zaim,commercial,"card; no refusal; urgent"
без процентов займ,9319,11656,zaim,commercial,zero percent
займ срочно,9281,10819,zaim,commercial,urgent
микрокредит,9277,13717,microcredit,commercial,core loans
займ на карту без процентов,9203,10719,zaim,commercial,"card; zero percent"
онлайн займы на карту без отказа,9182,11299,zaim,commercial,"online; card; no refusal"
привет сосед займ личный кабинет,9016,14699,zaim,brand,brand/lk or MFO name
займ с просрочками и плохой кредитной историей,8940,7096,zaim,commercial,bad credit
онлайн займ без отказа на карту,8833,11135,zaim,commercial,"online; card; no refusal"
займ на карту без отказа срочно,8796,10087,zaim,commercial,"card; no refusal; urgent"
займ на карту без отказа t_me_top_zaim24,8667,4446,zaim,spam,affiliate/spam tail
займы без отказа онлайн на карту,8563,10544,zaim,commercial,"online; card; no refusal"
займ экспресс личный кабинет,8541,7380,zaim,brand,brand/lk or MFO name
займ без процентов на карту,8522,14674,zaim,commercial,"card; zero percent"
займ без процентов первый,8504,10086,zaim,commercial,zero percent
займ онлайн без отказа,8399,12845,zaim,commercial,"online; no refusal"
займы новые,8368,8926,zaim,maybe,needs serp check: new/unknown lenders
займ на карту без отказа вам одобрено,8240,8265,zaim,spam,affiliate/spam tail
займ без процента,8168,10693,zaim,commercial,zero percent
взять займ с плохой кредитной историей,8135,7880,zaim,commercial,"action; bad credit"
онлайн на карту займ без отказа,8131,10127,zaim,commercial,"online; card; no refusal"
займы без процента,8095,9515,zaim,commercial,zero percent
небус займ личный кабинет войти,8076,17814,zaim,brand,brand/lk or MFO name
займ на карту мгновенно,8067,8395,zaim,commercial,"card; urgent"
займ ооо,8005,9182,zaim,maybe,needs manual/serp check
топ займов,7943,9280,zaim,commercial,comparison
займ под залог автомобиля,7822,12024,zaim,commercial,pledge
займ на карту без отказов онлайн,7729,9701,zaim,commercial,"online; card; no refusal"
займ на карту онлайн без отказов,7726,9779,zaim,commercial,"online; card; no refusal"
малоизвестные займы,7597,6767,zaim,maybe,needs serp check: new/unknown lenders
микрозайм с плохой кредитной историей,7588,6735,microzaim,commercial,bad credit
юкки займ личный,7582,11035,zaim,brand,brand/lk or MFO name
займы онлайн без отказа,7491,9598,zaim,commercial,"online; no refusal"
доброзайм,7444,26071,microzaim,brand,brand/lk or MFO name
займы онлайн на карту вам одобрено,7383,7398,zaim,spam,affiliate/spam tail
веб займ личный кабинет,7354,23063,zaim,brand,brand/lk or MFO name
займы без отказа с плохой кредитной,7166,6148,zaim,commercial,"no refusal; bad credit"
новые займы онлайн на карту,7136,7622,zaim,maybe,needs serp check: new/unknown lenders
микрозайм без отказа,7020,10065,microzaim,commercial,no refusal
автоломбард займ,6921,7818,zaim,commercial,pledge
займ с плохой историей,6913,6679,zaim,commercial,bad credit
займы онлайн на карту без процентов,6893,9818,zaim,commercial,"online; card; zero percent"
лайк займ,6546,22678,zaim,brand,brand/lk or MFO name
микрозайм на карту онлайн choosingbestloan,6538,8188,microzaim,spam,affiliate/spam tail
заем ру,6518,6415,zaim,brand,brand/lk or MFO name
займ через госуслуги на карту,6496,5943,zaim,maybe,needs serp check: gosuslugi
взять займ на карту без отказа онлайн,6448,8322,zaim,commercial,"action; online; card; no refusal"
папа займ,6440,7348,zaim,brand,brand/lk or MFO name
займы через госуслуги,6440,5593,zaim,maybe,needs serp check: gosuslugi
новые займы онлайн,6437,7623,zaim,maybe,needs serp check: new/unknown lenders
займ на карту без отказа без проверки мгновенно,6432,8091,zaim,commercial,"card; no refusal; urgent; docs/checks"
без процентов первый займ,6306,7462,zaim,commercial,zero percent
квики,6276,8408,zaim,brand,brand/lk or MFO name
займ срочно на карту без отказа,6229,6876,zaim,commercial,"card; no refusal; urgent"
бустра займ,6209,11488,zaim,brand,brand/lk or MFO name
займ онлайн на карту без процентов,6045,7320,zaim,commercial,"online; card; zero percent"
быстрые займы,6014,7957,zaim,commercial,urgent
быстрый займ на карту онлайн,6002,6917,zaim,commercial,"online; card; urgent"
микрозайм на карту без процентов,5884,6995,microzaim,commercial,"card; zero percent"
срочный займ на карту без отказа,5863,7267,zaim,commercial,"card; no refusal; urgent"
быстрый займ на карту,5855,7436,zaim,commercial,"card; urgent"
микрозайм онлайн на карту,5812,5934,"microzaim;zaim",commercial,"online; card"
займ на карту через госуслуги,5780,5093,zaim,maybe,needs serp check: gosuslugi
капуста займ,5766,13133,zaim,brand,brand/lk or MFO name
займы на карту с плохой кредитной историей,5684,5047,zaim,commercial,"card; bad credit"
взять займ под залог автомобиля,5677,6854,zaim,commercial,"action; pledge"
займы без отказа creditulka,5613,2740,zaim,spam,affiliate/spam tail
займ на карту без отказа без проверки,5609,6626,zaim,commercial,"card; no refusal; docs/checks"
займ на карту срочно t_me_top_zaim24,5571,2791,zaim,spam,affiliate/spam tail
взять займ под залог авто,5522,6926,zaim,commercial,"action; pledge"
займ через госуслуги на карту без отказа,5470,5377,zaim,maybe,needs serp check: gosuslugi
займ без процентов вам одобрено,5413,5444,zaim,spam,affiliate/spam tail
займы на карту без отказа срочно,5410,6535,zaim,commercial,"card; no refusal; urgent"
малоизвестные новые займы,5393,4632,zaim,maybe,needs serp check: new/unknown lenders
займ без отказа на карту срочно,5384,6721,zaim,commercial,"card; no refusal; urgent"
умные наличные займ,5376,7013,zaim,brand,brand/lk or MFO name
займы онлайн на карту creditulka,5365,2339,zaim,spam,affiliate/spam tail
дополучкино займ,5318,9995,zaim,brand,brand/lk or MFO name
бюджет займ,5301,7529,zaim,brand,brand/lk or MFO name
займы онлайн через госуслуги,5291,4535,zaim,maybe,needs serp check: gosuslugi
займы онлайн на карту без отказа без проверки,5289,6342,zaim,commercial,"online; card; no refusal; docs/checks"
займы с плохой кредитной,5260,4853,zaim,commercial,bad credit
займ под залог машины,5241,6876,zaim,commercial,pledge
рефинансирование займов,5239,6324,zaim,maybe,needs manual/serp check
займы с просрочками и плохой кредитной историей,5223,4413,zaim,commercial,bad credit
займ денег под залог автомобиля,5155,6351,zaim,commercial,pledge
автоломбард москва под залог,5121,5366,zaim,maybe,needs manual/serp check
микрозайм без процентов на 30 дней,5117,4097,microzaim,commercial,zero percent
займ на карту онлайн без процентов,5105,6550,zaim,commercial,"online; card; zero percent"
микрозайм на карту онлайн,5104,14362,"microzaim;zaim",commercial,"online; card"
займы с плохой ки,5095,5507,zaim,commercial,bad credit
аланские займы,5082,4010,zaim,brand,brand/lk or MFO name
бережный займ,5077,5733,zaim,brand,brand/lk or MFO name
займ под птс,5047,7676,zaim,commercial,pledge
займ денег под залог авто,5046,5656,zaim,commercial,pledge
займ под залог авто в москве,5041,6106,zaim,maybe,needs manual/serp check
займ под залог автомобиля москва,5040,6093,zaim,maybe,needs manual/serp check
рефинансирование микрозаймов,5033,5053,microzaim,maybe,needs manual/serp check
взять займ онлайн на карту,4999,6872,zaim,commercial,"action; online; card"
срочные займы на карту без отказа,4986,5656,zaim,commercial,"card; no refusal; urgent"
калькулятор процентов по займу,4962,5752,zaim,info,support/info intent
получить деньги под залог автомобиля,4959,5748,zaim,commercial,"action; pledge"
займ по паспорту на карту без отказа,4952,5023,zaim,commercial,"card; no refusal; docs/checks"
деньга займ,4949,8683,zaim,brand,brand/lk or MFO name
вивус займ личный кабинет,4932,5798,zaim,brand,brand/lk or MFO name
займы через госуслуги онлайн,4911,3904,zaim,maybe,needs serp check: gosuslugi
взять займ без отказа на карту,4910,6078,zaim,commercial,"action; card; no refusal"
займы без процентов первый раз,4876,6336,zaim,commercial,zero percent
малоизвестные займы онлайн на карту,4870,3607,zaim,maybe,needs serp check: new/unknown lenders
долгосрочные займы без отказа,4857,3406,zaim,commercial,"no refusal; urgent; long-term"
бустра займ личный,4831,9436,zaim,brand,brand/lk or MFO name
все займы онлайн на карту,4822,6250,zaim,commercial,"online; card; comparison"
займ без процентов на карту онлайн,4821,6370,zaim,commercial,"online; card; zero percent"
займ с плохой кредитной историей и просрочками,4821,4448,zaim,commercial,bad credit
займ без отказа на карту с плохой кредитной историей срочно,4817,4299,zaim,commercial,"card; no refusal; bad credit; urgent"
финтерс займ,4809,8927,zaim,brand,brand/lk or MFO name
небус займ личный,4803,10655,zaim,brand,brand/lk or MFO name
микрозайм до зарплаты,4753,4761,"microzaim;zaim",commercial,salary
взять деньги под залог машины,4730,5485,zaim,commercial,"action; pledge"
первый займ бесплатно,4710,17665,zaim,commercial,zero percent
взять займ онлайн на карту без отказа,4708,5313,zaim,commercial,"action; online; card; no refusal"
займы онлайн без процентов,4668,6502,zaim,commercial,"online; zero percent"
онлайн займ без процентов на карту,4663,5583,zaim,commercial,"online; card; zero percent"
займ быстро на карту,4658,5728,zaim,commercial,"card; urgent"
займ онлайн через госуслуги,4656,3925,zaim,maybe,needs serp check: gosuslugi
займы без процентов creditulka,4648,2398,zaim,spam,affiliate/spam tail
где взять займ с убитой ки,4631,4325,zaim,maybe,needs manual/serp check
займ под птс авто,4621,6196,zaim,commercial,pledge
займ с плохой ки,4605,5201,zaim,commercial,bad credit
займ срочно на карту,4604,5478,zaim,commercial,"card; urgent"
капиталина займ,4596,9375,zaim,brand,brand/lk or MFO name
займы без карты вам одобрено,4596,4609,zaim,spam,affiliate/spam tail
займ онлайн на карту срочно,4595,6277,zaim,commercial,"online; card; urgent"
финтерс займ личный кабинет,4571,7098,zaim,brand,brand/lk or MFO name
деньги под залог машины москва,4523,5532,zaim,maybe,needs manual/serp check
займ без процентов онлайн на карту,4509,5305,zaim,commercial,"online; card; zero percent"
деньги в долг под залог машины,4509,5230,zaim,commercial,pledge
твои займы,4491,4628,zaim,brand,brand/lk or MFO name
займы под залог спецтехники,4489,5093,zaim,maybe,needs manual/serp check
взять займ под залог машины,4485,5360,zaim,commercial,"action; pledge"
срочные займы на карту без отказов,4481,5367,zaim,commercial,"card; no refusal; urgent"
займ с просрочками,4475,5724,zaim,commercial,bad credit
микрозайм на карту вам одобрено,4446,4457,microzaim,spam,affiliate/spam tail
онлайн займ на карту без отказа creditulka,4436,2177,zaim,spam,affiliate/spam tail
микрокредиты,4434,5084,microcredit,commercial,core loans
займ под залог птс авто,4372,5657,zaim,commercial,pledge
взять займ на карту t_me_top_zaim24,4334,2136,zaim,spam,affiliate/spam tail
онлайн займ через госуслуги,4332,3508,"microzaim;zaim",maybe,needs serp check: gosuslugi
на карту займ без отказа срочно,4288,4999,zaim,commercial,"card; no refusal; urgent"
каширо займ,4287,6407,zaim,brand,brand/lk or MFO name
микрозаймы без процентов на карту,4275,6047,zaim,commercial,"card; zero percent"
надо денег займ личный кабинет,4270,9409,zaim,brand,brand/lk or MFO name
займ онлайн без отказа на карту срочно,4254,4957,zaim,commercial,"online; card; no refusal; urgent"
турбозайм займ личный кабинет,4244,13407,zaim,brand,brand/lk or MFO name
займ онлайн на карту через госуслуги,4233,3518,"microzaim;zaim",maybe,needs serp check: gosuslugi
турбо займ,4227,16926,zaim,brand,brand/lk or MFO name
срочные онлайн займы на карту,4222,5880,zaim,commercial,"online; card; urgent"
оформить займ,4215,6240,zaim,commercial,action
киви займ,4204,6746,zaim,brand,brand/lk or MFO name
займ через госуслуги онлайн,4199,3199,"microzaim;zaim",maybe,needs serp check: gosuslugi
микрозайм через госуслуги,4193,3904,"microzaim;zaim",maybe,needs serp check: gosuslugi
взять займ без отказа,4190,6733,zaim,commercial,"action; no refusal"
займы без отказа на карту creditulka,4190,2137,zaim,spam,affiliate/spam tail
займы на карту через госуслуги,4160,3625,zaim,maybe,needs serp check: gosuslugi
займ без процентов на 30 дней,4127,6194,zaim,commercial,zero percent
займы онлайн на карту без отказа creditulka,4127,2155,zaim,spam,affiliate/spam tail
быстрый займ на карту без отказа,4120,4845,zaim,commercial,"card; no refusal; urgent"
бери беру займ,4090,8987,zaim,brand,brand/lk or MFO name
квику займ,4056,5920,zaim,brand,brand/lk or MFO name
займ с просрочками и плохой кредитной,4054,2821,zaim,commercial,bad credit
целевые финансы займ личный кабинет,4051,5392,zaim,brand,brand/lk or MFO name
деньги займ на карту,4049,4446,zaim,commercial,card
екапуста займ,4041,7787,zaim,brand,brand/lk or MFO name
займы на карту срочно,4039,4939,zaim,commercial,"card; urgent"
белые деньги займ,4014,4226,zaim,brand,brand/lk or MFO name
займы онлайн на карте,4011,2393,zaim,commercial,"online; card"
автоломбард москва под залог птс,4009,5887,zaim,maybe,needs manual/serp check
займы онлайн с плохой кредитной историей,4005,4105,zaim,commercial,"online; bad credit"
микрозайм на карту без отказа,3988,4012,microzaim,commercial,"card; no refusal"
беспроцентный займ,3967,6043,zaim,commercial,zero percent
займ на 30 дней без процентов,3966,4321,zaim,commercial,zero percent
займ на карту быстро,3955,5037,zaim,commercial,"card; urgent"
деньги займ,3933,7669,zaim,maybe,loan intent needs review
займы на карту без процентов онлайн,3898,4950,zaim,commercial,"online; card; zero percent"
займ взять онлайн на карту без отказа,3891,4489,zaim,commercial,"action; online; card; no refusal"
займы без отказа t_me_top_zaim24,3879,2143,zaim,spam,affiliate/spam tail
мани мен займ личный кабинет,3870,7821,zaim,brand,brand/lk or MFO name
автоломбард кредит под залог птс,3864,4702,zaim,commercial,pledge
небус займ личный кабинет,3850,7791,zaim,brand,brand/lk or MFO name
займ до зарплаты на карту,3850,4101,zaim,commercial,"card; salary"
займы без процентов онлайн на карту,3847,4803,zaim,commercial,"online; card; zero percent"
займы на карту без процентов,3846,4786,zaim,commercial,"card; zero percent"
займ на карту онлайн срочно,3827,4281,zaim,commercial,"online; card; urgent"
займ без отказа онлайн,3821,4845,zaim,commercial,"online; no refusal"
золотая корона займ,3809,4877,zaim,brand,brand/lk or MFO name
срочный займ на карту,3807,4624,zaim,commercial,"card; urgent"
срочные займы на карту,3785,4299,zaim,commercial,"card; urgent"
автоломбард машина под залог,3781,4629,zaim,commercial,pledge
квики займ,3761,4683,zaim,brand,brand/lk or MFO name
взять микрозайм на карту,3752,4807,microzaim,commercial,"action; card"
займ онлайн с плохой кредитной историей,3752,3492,zaim,commercial,"online; bad credit"
новые займы 2025,3749,3788,zaim,maybe,needs serp check: new/unknown lenders
целевые финансы займ,3745,5410,zaim,brand,brand/lk or MFO name
автоломбард займ под залог птс москва,3717,4651,zaim,maybe,needs manual/serp check
займы 2025,3715,3542,zaim,maybe,needs serp check: new/unknown lenders
займы онлайн на карту кредит экспресс,3706,3774,zaim,commercial,"online; card; urgent"
займ на карту без проверок,3698,4380,zaim,commercial,"card; docs/checks"
займы без отказа с плохой кредитной историей на карту,3695,3157,zaim,commercial,"card; no refusal; bad credit"
лучшие займы,3680,5554,zaim,commercial,comparison
займы на карту creditulka,3665,1769,zaim,spam,affiliate/spam tail
займы которые дают абсолютно всем на карту,3625,3508,zaim,maybe,needs manual/serp check
займ без проверок,3621,4212,zaim,commercial,docs/checks
займы онлайн новые,3582,4349,zaim,,
юки займ,3571,9232,zaim,,
через госуслуги займ,3562,3602,"microzaim;zaim",,
деньги под залог птс автомобиля,3535,5025,zaim,,
займ на карту без отказа через госуслуги,3525,3312,"microzaim;zaim",,
займ 100 процентов одобрения на карту,3522,4418,zaim,,
займ без процентов онлайн,3506,5189,zaim,,
все займы на карту,3503,4492,zaim,,
деньги ок займ личный кабинет,3497,3771,zaim,,
займы онлайн на карту без отказа без проверки мгновенно,3477,4145,zaim,,
микрозайм без отказа creditulka,3450,1674,microzaim,,
займы онлайн choosingbestloan,3443,3597,zaim,,
лабубу займ,3418,3651,zaim,,
автоломбард займ под птс москва,3401,4310,zaim,,
займ 100 одобрение,3390,4466,zaim,,
займ срочно без отказа,3385,4143,zaim,,
займ на карту срочно онлайн без отказа,3382,3721,zaim,,
займы без процентов на карту,3373,4295,zaim,,
займы через госуслуги на карту,3352,2913,zaim,,
бум займ,3335,3472,zaim,,
займ под залог птс автомобиля,3325,4911,zaim,,
займ без процентов на 30 дней на карту,3311,5226,zaim,,
как получить займ с плохой кредитной историей без отказа,3300,2525,zaim,,
займ под залог автомобиля с правом пользования,3298,4458,zaim,,
займы 100 процентов одобрения,3298,4152,zaim,,
давака займ,3295,6916,zaim,,
займы онлайн все,3294,4021,zaim,,
до зарплаты оформить займ онлайн,3294,3403,zaim,,
автоломбард автомобиль займ,3289,3377,zaim,,
быстро займы на карту,3271,3961,zaim,,
займ на карту без процента,3254,4106,zaim,,
автоломбард займы под авто,3238,3354,zaim,,
займ онлайн на карту без отказа без проверки,3233,3799,zaim,,
срочные займы онлайн на карту без отказов,3219,3799,zaim,,
займы онлайн на карту choosingbestloan,3206,3259,zaim,,
деньги на дом займ,3196,5373,zaim,,
привет сосед займ личный,3181,5978,zaim,,
займы без отказа с плохой кредитной историей на карту срочно,3180,3473,zaim,,
выгодный автоломбард,3179,3360,zaim,,
до зарплаты займ на карту,3172,3183,zaim,,
срочно деньги займ,3155,5554,zaim,,
займ по паспорту на карту,3153,3753,zaim,,
boostra займ личный кабинет,3148,5660,zaim,,
займ по паспорту,3139,3994,zaim,,
договор займа,3127,4276,zaim,,
автоломбард под займ москва,3122,3333,zaim,,
умные наличные займ личный кабинет,3108,5112,zaim,,
займ без отказа с плохой кредитной,3102,2425,zaim,,
займ на карту microcreditor,3101,3140,"microcredit;microzaim;zaim",,
скорый займ,3096,4756,zaim,,
срочно займ,3093,4347,zaim,,
новые онлайн займы на карту без отказа,3077,3088,zaim,,
займ под залог птс машины,3073,4223,zaim,,
взять займ через госуслуги,3071,2824,zaim,,
займы с плохой кредитной историей на карту,3057,3006,zaim,,
займы список,3054,3986,zaim,,
займы новые онлайн малоизвестные,3047,3509,zaim,,
займ новые,3045,3579,zaim,,
займ с плохой кредитной,3041,2959,zaim,,
где взять микрозайм с плохой кредитной историей,3035,2879,microzaim,,
займы через госуслуги онлайн на карту,3034,2133,"microzaim;zaim",,
взять займ через госуслуги на карту,3029,2714,zaim,,
где взять займ,3016,3514,zaim,,
займ с плохой кредитной историей без отказа решение сразу,3012,3034,zaim,,
экспресс займы,3008,4296,zaim,,
долгосрочные займы,2998,3637,zaim,,
займ госуслуги,2974,3015,zaim,,
взять займ на карту онлайн,2959,3655,zaim,,
займ без паспорта,2900,3475,zaim,,
займ под залог,2895,3646,zaim,,
взять займ через госуслуги на карту онлайн,2863,2463,zaim,,
кит кредит займ,2857,3758,zaim,,
лучшие займы онлайн на карту,2852,4010,zaim,,
займы без отказа без проверки мгновенно,2838,3516,zaim,,
взять микрозайм онлайн,2825,3389,microzaim,,
новые займы на карту,2820,3264,zaim,,
займ без кредитной истории,2817,3185,zaim,,
скб финанс займ,2798,3052,zaim,,
кредит плюс займ,2797,5655,zaim,,
lime zaim,2794,7268,zaim,,
до зарплаты микрозайм,2786,2644,microzaim,,
белка кредит личный кабинет,2784,5909,zaim,,
пробаланс займ,2781,3326,zaim,,
займ с плохой кредитной историей на карту,2775,2402,zaim,,
скб финанс займ личный кабинет,2773,2645,zaim,,
госуслуги займ,2768,2210,"microzaim;zaim",,
лайм займ личный,2751,5338,zaim,,
онлайн займ на карту без отказа без проверки,2749,3638,zaim,,
взять займ без процентов,2746,4457,zaim,,
займ онлайн без карты,2746,3676,zaim,,
эко займ,2745,4805,zaim,,
микрозайм на карту t_me_top_zaim24,2739,1333,microzaim,,
займы на карту без отказа мгновенно,2733,3145,zaim,,
взять займ на карту вам одобрено,2733,2739,zaim,,
займ залог,2728,2590,zaim,,
а деньги займ на карту,2725,4357,zaim,,
займы онлайн на карту без отказа срочно,2720,3449,zaim,,
займ без отказа по паспорту,2719,2906,zaim,,
новые займы без отказа,2717,3602,zaim,,
простые займы,2715,3218,zaim,,
папа займ личный кабинет,2708,2533,zaim,,
первый займ без процентов на карту,2678,3515,zaim,,
надо денег займ,2658,8278,zaim,,
срочно займ t_me_top_zaim24,2656,1304,zaim,,
получить займ на карту без отказа,2649,3453,zaim,,
взять микрозайм на карту без отказа,2648,3525,microzaim,,
быстрый займ онлайн,2642,3314,zaim,,
оформить займ на карту,2633,3600,zaim,,
займы онлайн на карту без отказа creditulka.com,2629,3008,zaim,,
займы онлайн через госуслуги на карту,2627,2271,zaim,,
займы новые без отказа,2621,3076,zaim,,
займы онлайн microcreditor,2621,2652,zaim,,
взять займ под залог птс,2619,3900,zaim,,
займ для граждан снг,2603,3238,zaim,,
займы со 100 одобрением на карту,2598,3117,zaim,,
новые займы с плохой кредитной историей,2597,2463,zaim,,
возьмика займ,2587,5427,zaim,,
рейтинг микрозаймов,2583,3492,microzaim,,
микрозайм на карту через госуслуги,2581,2176,microzaim,,
микрокредит онлайн,2579,3301,microcredit,,
займы без процентов первый раз на карту,2579,3288,zaim,,
а деньги личный кабинет займ вход в личный кабинет,2570,3019,zaim,,
займ без отказа без процентов,2559,3124,zaim,,
деньги ок займ,2554,3019,zaim,,
займы под залог авто с правом пользования,2547,3778,zaim,,
займ денег онлайн,2544,3254,zaim,,
займы без процентов первый раз creditulka,2538,1175,zaim,,
займ на карту с плохой историей,2535,2660,zaim,,
аденьги личный кабинет личный кабинет,2533,3008,zaim,,
экспресс деньги личный кабинет,2533,2364,zaim,,
заем,2527,6029,zaim,,
займ без процентов на карту мгновенно,2513,3510,zaim,,
займы госуслуги,2507,1951,zaim,,
альфа займ,2506,4866,zaim,,
екапуста взять займ,2499,5877,zaim,,
займ онлайн на карту с плохой историей,2497,2439,zaim,,
займ онлайн новые,2495,2868,zaim,,
где взять микрозайм без отказа,2493,3147,"microzaim;zaim",,
рейзор займ,2490,2628,zaim,,
на карту займ,2479,3850,zaim,,
займ денежных средств под залог автомобиля,2476,2861,zaim,,
простой вопрос займ,2473,7128,zaim,,
быстрый займ по паспорту,2466,3219,zaim,,
онлайн займ на карту без отказа вам одобрено,2461,2473,zaim,,
рефинансирование займа под залог птс,2454,3264,zaim,,
веббанкир займ,2453,5621,zaim,,
займ на карту через госуслуги без отказа,2438,2252,zaim,,
взять займ под залог птс автомобиля,2432,3339,zaim,,
займы без отказа через госуслуги,2410,2546,"microzaim;zaim",,
займ без фото,2406,2802,zaim,,
займ на карту t_me_top_zaim24 t_me_top_zaim24,2398,1179,zaim,,
займ онлайн на карте t_me_top_zaim24,2395,1185,zaim,,
онлайн займ на карту срочно,2390,2578,zaim,,
займ под залог птс автомобиля в москве,2382,3330,zaim,,
займ сразу,2382,2931,zaim,,
расчет процентов по займу,2377,2742,zaim,,
займ золотая корона,2375,2269,zaim,,
займ с плохой кредитной историей вам одобрено,2368,2377,zaim,,
займ на карту под залог автомобиля,2367,2995,zaim,,
займ на карту по паспорту,2364,2979,zaim,,
рокетмен займ,2361,4183,zaim,,
займ без отказа с плохой историей,2359,2176,zaim,,
до зарплаты оформить займ,2354,3024,zaim,,
займ по паспорту онлайн,2348,2790,zaim,,
рублион займ,2341,2537,zaim,,
денежные займы под залог автомобиля,2336,2847,zaim,,
займы без проверок,2329,3198,zaim,,
вивус займ,2319,6051,zaim,,
быстрый займ через госуслуги,2319,2068,zaim,,
займ на кредитную карту без отказа,2311,2535,zaim,,
получить займ,2310,3465,zaim,,
взять деньги под залог птс автомобиля,2310,3234,zaim,,
оформить займ онлайн,2309,3381,zaim,,
займ на карту новые мфо без отказа,2308,2555,zaim,,
микрозайм через госуслуги без отказов,2307,1950,"microzaim;zaim",,
т займ,2303,2724,zaim,,
лайк мани займ,2302,4128,zaim,,
экспресс займы creditulka,2296,1136,zaim,,
взять займ онлайн через госуслуги,2295,1813,zaim,,
твой займ,2293,2380,zaim,,
микрозайм госуслуги,2287,2006,"microzaim;zaim",,
лайк займ личный кабинет,2285,5004,zaim,,
займ онлайн на карту без отказа срочно,2277,2649,zaim,,
взять займ по паспорту,2269,2821,zaim,,
займы с высоким одобрением,2265,3210,zaim,,
юкки займ личный кабинет войти,2260,3027,zaim,,
кредит под залог авто автоломбарде,2259,2733,zaim,,
займ на карту без отказа 2025,2255,3250,zaim,,
займ на карту 100 процентов,2252,2783,zaim,,
деньги ок займ личный,2250,2409,zaim,,
свои люди займ,2249,8192,zaim,,
займы без отказа без проверки,2239,3134,zaim,,
займы онлайн без проверок,2239,2816,zaim,,
займы с плохой кредитной и просрочками,2231,1771,zaim,,
новые займы онлайн на карту без отказа,2218,2447,zaim,,
займы онлайн на карту по паспорту,2204,2797,zaim,,
займ онлайн срочно,2199,3277,zaim,,
займ быстрый на карту,2199,2787,zaim,,
займы онлайн на карту с плохой кредитной историей,2198,2183,zaim,,
займ быстро на карту без отказа,2193,2795,zaim,,
платиза займ,2192,5457,zaim,,
займы онлайн список,2189,2857,zaim,,
быстрый займ на карту онлайн t_me_top_zaim24,2189,1050,zaim,,
кредит онлайн на карту без отказа,2188,3752,zaim,,
топ микрозаймов,2188,3643,microzaim,,
займ на виртуальную карту,2183,2457,zaim,,
займ под залог недвижимости,2182,4419,zaim,,
топ займов онлайн,2181,3949,zaim,,
оформить займ под залог птс,2176,2896,zaim,,
взять онлайн займ на карту,2174,2766,zaim,,
займ денег,2156,3113,zaim,,
займ авто,2153,2663,zaim,,
займ на карту без отказа 100 процентов,2151,2813,zaim,,
займ на карту с плохой кредитной,2151,2318,zaim,,
займ онлайн через госуслуги на карту,2136,1932,"microzaim;zaim",,
взять займ на карту без отказа t_me_top_zaim24,2131,1095,zaim,,
получить деньги под залог машины,2122,2682,zaim,,
займ под залог птс в москве,2120,3197,zaim,,
займ быстро деньги,2116,2647,zaim,,
займ экспресс на карту,2116,2145,zaim,,
займ на карту без процентов вам одобрено,2116,2125,zaim,,
займ без процентов на карту t_me_top_zaim24,2116,1096,zaim,,
займ без отказа 100 процентов,2114,3084,zaim,,
займ без процентов без отказа на карту,2114,2639,zaim,,
займ с плохой кредитной историей без отказа t_me_top_zaim24,2108,1352,zaim,,
калькулятор займа,2097,2413,zaim,,
займы отзывы,2091,2470,zaim,,
смс финанс займ,2090,4083,zaim,,
займ для ип,2089,2647,zaim,,
займ без карты срочно,2081,2226,zaim,,
займ под залог птс авто в москве,2075,2622,zaim,,
все займы вам одобрено,2071,2081,zaim,,
займ срочно через госуслуги,2071,1877,"microzaim;zaim",,
все займы онлайн на карту без отказа,2061,2312,zaim,,
кредиттер займ личный кабинет,2051,2394,zaim,,
белка кредит займ личный кабинет,2050,6093,zaim,,
микрозаймы без отказа без проверки мгновенно,2046,2108,zaim,,
займ быстро,2045,3038,zaim,,
мгновенные займы,2036,2118,zaim,,
срочно деньги займ на карту без отказа,2035,2152,zaim,,
получить займ онлайн,2034,2660,zaim,,
новые займы на карту без отказа,2029,2488,zaim,,
микрозайм онлайн без карты choosingbestloan,2029,2173,microzaim,,
займ до зп,2027,2175,zaim,,
займ под птс авто в москве,2025,2607,zaim,,
новые займы creditulka,2025,981,zaim,,
оформить займ на карту без отказа,2023,2676,zaim,,
микро займ на карту,2014,4480,zaim,,
займ с плохой кредитной историей срочно,2011,2215,zaim,,
вебзайм личный,2003,6129,zaim,,
займы с просрочками,2003,3218,zaim,,
взять займ на карту без отказа срочно,2000,2470,zaim,,
займ на карту без отказа с плохой кредитной историей без проверок,1999,1892,zaim,,
займ до зарплаты вам одобрено,1989,2093,zaim,,
займ на карту без отказа без процентов,1988,2988,zaim,,
займ на карту с плохой кредитной историей срочно,1987,2133,zaim,,
деньги онлайн займ,1985,2605,zaim,,
займ на карту без отказа через госуслуги срочно,1978,1738,"microzaim;zaim",,
оформить микрозайм,1976,3198,microzaim,,
реальный займ,1976,1890,zaim,,
новые малоизвестные займы,1968,1973,zaim,,
digicash займ,1966,2422,zaim,,
дополучкино займ личный кабинет,1957,3205,zaim,,
взять микро займ на карту,1954,3758,zaim,,
взять займ на карту через госуслуги,1954,1602,zaim,,
автоломбард авто в москве,1945,2021,zaim,,
займы онлайн новые на карту без отказа,1941,1981,zaim,,
быстрые займы на карту онлайн,1939,2763,zaim,,
займ на карту до зарплаты,1937,2180,zaim,,
рефинансирование микрозаймов онлайн без отказа,1930,1988,microzaim,,
займ денег под залог птс,1929,2447,zaim,,
займ быстроденьги,1929,2265,zaim,,
какие займы дают без отказа,1918,2384,zaim,,
займы онлайн на карту без отказа t_me_top_zaim24,1918,1040,zaim,,
взять займ срочно,1915,2949,zaim,,
займ онлайн без процентов первый раз,1914,2860,zaim,,
микрозайм через госуслуги онлайн,1914,1714,microzaim,,
микрозайм без процентов на карту онлайн,1903,4659,microzaim,,
займ под птс онлайн,1903,2584,zaim,,
займ онлайн без процентов,1902,4278,zaim,,
микрозаймы без отказа,1901,3080,zaim,,
быстрые займы на карту онлайн без отказа,1894,2496,zaim,,
автоломбард займ птс,1889,2443,zaim,,
займер вход в личный кабинет займ вход в личный кабинет войти,1888,6304,zaim,,
займ на месяц без процентов,1888,2675,zaim,,
каширо займ личный кабинет,1884,3726,zaim,,
займ через госуслуги без фото паспорта,1883,1107,zaim,,
мани мен займ,1880,5723,zaim,,
где взять займ с плохой кредитной историей,1879,2065,zaim,,
срочный займ на карту без отказа с плохой кредитной историей,1875,1553,zaim,,
микро займ,1869,6566,zaim,,
быстро займ на карту,1863,2279,zaim,,
лучшие онлайн займы,1860,3016,zaim,,
займ под залог авто онлайн,1860,2887,zaim,,
рефинансирование микрозаймов онлайн,1859,1838,microzaim,,
микрозайм без паспорта,1851,2355,microzaim,,
займ онлайн на карту без отказа без проверки мгновенно,1850,2339,zaim,,
снап кредит займ,1848,2474,zaim,,
получить займ на карту,1847,2439,zaim,,
займ на карту онлайн без отказа без проверки,1844,2105,zaim,,
микрокредит через госуслуги,1843,1870,"microcredit;zaim",,
быстро займы на карту без отказа,1839,1952,zaim,,
быстро деньги займ личный кабинет,1833,4825,zaim,,
белка займ,1832,6152,zaim,,
быстроденьги займ,1825,4599,zaim,,
займ по номеру телефона,1825,2131,zaim,,
конга займ,1825,2049,zaim,,
займ без процентов на 30,1821,3108,zaim,,
займ онлайн с помощью госуслуг,1821,1446,"microzaim;zaim",,
займ под птс без авто,1816,2409,zaim,,
срочно займ на карту,1811,1946,zaim,,
займ на карту онлайн срочно без отказа,1809,1970,zaim,,
займ без отказа с плохой кредитной историей и просрочками на карту,1809,1455,zaim,,
займ на карту быстро без отказа,1802,2003,zaim,,
займ под залог автомобиля онлайн,1800,2877,zaim,,
все существующие займы онлайн,1794,2217,zaim,,
займ онлайн с плохой ки,1790,2114,zaim,,
займ без проверки кредитной истории,1787,2757,zaim,,
взять займ онлайн без отказа,1787,2335,zaim,,
займы на карту без отказа с плохой кредитной историей и просрочками,1784,1595,zaim,,
займ на карту новые мфо,1783,2202,zaim,,
бз займ,1780,2272,zaim,,
займ на карту без кредитной истории,1780,1898,zaim,,
быстрый займ вам одобрено,1779,1911,zaim,,
грин мани займ,1776,3451,zaim,,
займ на кредитную карту,1775,2386,zaim,,
займы рф,1774,2217,zaim,,
займы на карту через госуслуги без отказа,1770,1854,"microzaim;zaim",,
подбор микрозайма,1768,2024,microzaim,,
взять на карту займ онлайн,1762,2061,zaim,,
займ без отказа с просрочками,1761,1856,zaim,,
займы пропащим,1760,1794,zaim,,
оформить займ на карту без отказа срочно,1759,2341,zaim,,
березка займ,1756,2180,zaim,,
займу на карту с кредитной историей,1756,1881,zaim,,
займы онлайн на карту через госуслуги,1755,1364,zaim,,
займы под залог птс без автомобиля,1749,2189,zaim,,
займ на карту без отказа онлайн,1749,2106,zaim,,
займы онлайн bistrodengi.ru,1749,1841,zaim,,
займ под авто,1747,4113,zaim,,
займ с просрочками и плохой кредитной историей кредит экспресс,1745,2008,zaim,,
взять займ на карту без отказа с плохой кредитной историей и просрочками,1744,1950,zaim,,
взять займ онлайн t_me_top_zaim24,1744,850,zaim,,
быстрые деньги займ,1739,2229,zaim,,
займ под залог птс онлайн,1736,2535,zaim,,
займы рсб,1734,1634,zaim,,
мфо займ через госуслуги,1731,1368,zaim,,
займ на карту без отказа без проверки мгновенно на карту,1728,2181,zaim,,
займ миксер,1726,1877,zaim,,
займы без отказа creditulka.com,1721,2007,zaim,,
кредиска займ,1719,4708,zaim,,
микрозайм онлайн без процентов,1716,2495,"microzaim;zaim",,
сравни ру займы на карту,1715,2678,zaim,,
вивус займ личный,1715,2378,zaim,,
займ с плохой кредитной историей без отказа кредит экспресс,1715,1831,zaim,,
скорый займ личный кабинет,1715,1800,zaim,,
займ под залог авто с правом пользования,1713,2538,zaim,,
займы rsb,1713,1636,zaim,,
займ онлайн на карту срочно без отказа,1712,2026,zaim,,
быстрый займ creditulka,1711,728,zaim,,
микрозайм онлайн на карту без отказа,1710,1719,microzaim,,
деньги на карту мгновенно без отказа,1709,1794,zaim,,
быстрые займы на карту,1708,2384,zaim,,
займы без отказа на карту срочно,1708,1935,zaim,,
малоизвестные новые займы на карту онлайн без отказа с плохой кредитной историей и просрочками,1708,1234,zaim,,
займы рсб24,1707,1621,zaim,,
займ на карту без отказов t_me_top_zaim24,1706,878,zaim,,
беспроцентный займ вам одобрено,1704,1714,zaim,,
мфо займ,1699,2440,zaim,,
займы 24рсб,1699,1637,zaim,,
взять займ на карту онлайн по паспорту,1697,2262,"microzaim;zaim",,
займы без процентов на карту на 30 дней,1697,2111,zaim,,
оформить микрозайм онлайн,1697,2071,microzaim,,
проверенные займы,1695,1952,zaim,,
займы rsb24,1695,1604,zaim,,
займ через госуслуги на карту без отказа без проверки,1694,1542,zaim,,
твои займы личный кабинет,1693,1541,zaim,,
займы онлайн на карту без проверок срочно,1687,2358,zaim,,
список займов,1686,2581,zaim,,
рефинансирование птс займ,1686,2189,zaim,,
экспресс займ онлайн,1682,1765,zaim,,
495 кредит займ,1674,2805,zaim,,
займ с плохой кредитной историей кредит экспресс,1674,1691,zaim,,
бережный займ личный кабинет,1670,1716,zaim,,
микрозайм на карту онлайн без процентов,1669,2659,"microzaim;zaim",,
займ под залог мотоцикла,1669,1947,zaim,,
отличные наличные займ,1669,1801,zaim,,
микро займ за пять минут на карту,1668,2337,zaim,,
выдадим займ,1667,1947,zaim,,
займы без отказа новые мфо,1667,1733,zaim,,
беспроцентный займ на карту,1665,2406,zaim,,
one click money займ,1662,4771,zaim,,
рефинансирование займа под залог птс москва,1660,2155,zaim,,
займ иностранному гражданину,1660,1724,zaim,,
займ на карту онлайн без проверок,1657,1741,zaim,,
займы до зарплаты,1655,2351,zaim,,
взять займ онлайн на карту t_me_top_zaim24,1655,783,zaim,,
список микрозаймов,1653,2711,microzaim,,
аденьги личный кабинет войти,1653,1819,zaim,,
финтерс займ личный,1652,2887,zaim,,
рефинансирование займа под птс,1652,2184,zaim,,
займ под залог вам одобрено,1650,1656,zaim,,
лайм займ взять,1648,2351,zaim,,
займы быстро на карту без отказа,1645,1984,zaim,,
кредит 7 займ личный кабинет,1641,3921,zaim,,
займы с 20 лет на карту,1640,1844,zaim,,
добро займ,1639,6705,zaim,,
займ без процентов на карту без отказа,1639,2220,zaim,,
онлайн займы на банковскую карту,1638,2463,zaim,,
первый займ без процентов на карту онлайн,1633,2563,zaim,,
займ онлайн без отказа и проверок на карту,1633,1839,zaim,,
займ онлайн госуслуги,1630,1497,"microzaim;zaim",,
онлайн займы на карту без отказа срочно,1627,2165,zaim,,
boostra займ,1626,3682,zaim,,
турбозайм займ,1621,5777,zaim,,
займ на карту без отказа 100 процентов одобрения,1618,2713,zaim,,
займ с плохой историей вам одобрено,1618,1625,zaim,,
апельсинка займ,1612,1733,zaim,,
микрозаймы онлайн на карту через госуслуги,1611,1401,"microzaim;zaim",,
займы все,1605,2152,zaim,,
займы через госуслуги без фото,1605,1628,zaim,,
займы с очень плохой кредитной историей,1605,1576,zaim,,
займ bistrodengi.ru,1603,1637,zaim,,
займ на карту госуслуги,1602,1326,zaim,,
топ займов creditulka,1600,777,zaim,,
новые займы онлайн на карту creditulka,1600,772,zaim,,
займ онлайн choosingbestloan,1597,1659,zaim,,
хурма займ,1596,4092,zaim,,
калькулятор процентов по договору займа,1596,1811,zaim,,
договор займа между физическими лицами,1596,1607,zaim,,
лучшие займы онлайн,1591,3017,zaim,,
микрозайм онлайн на карту без отказа мгновенно,1591,1906,microzaim,,
экспресс займ личный кабинет,1591,1424,zaim,,
срочные займы на карту онлайн,1589,1832,zaim,,
кредит займ,1587,2311,zaim,,
займ онлайн быстро на карту,1585,1777,zaim,,
займы новые creditulka,1580,806,zaim,,
займ с плохой кредитной историей t_me_top_zaim24,1574,851,zaim,,
займ взять онлайн,1571,1976,zaim,,
взять займ на карту без процентов,1569,2679,zaim,,
грин мани займ личный кабинет,1568,2438,zaim,,
автоломбард займ птс залог,1568,2043,zaim,,
микрозайм взять,1566,2650,microzaim,,
займ на карту под залог авто,1566,2061,zaim,,
займ круглосуточно без отказа,1566,1841,zaim,,
займы на карту кредит экспресс,1563,1595,zaim,,
быстрый займ без процентов,1560,2105,zaim,,
взять займ без процентов на карту,1559,2290,zaim,,
экспресс займ на карту без отказа,1559,1821,zaim,,
займы bistrodengi.ru,1558,1581,zaim,,
а деньги вход,1550,1844,zaim,,
автоломбард под займ,1549,2013,zaim,,
кредиттер займ,1547,2325,zaim,,
займы онлайн на карту без проверок,1547,1851,zaim,,
займ без паспорта на карту,1543,2365,zaim,,
манимен займ,1539,4129,zaim,,
отзывы про микрозайм,1534,1199,microzaim,,
займы на карту онлайн мгновенно без отказа,1533,1711,zaim,,
взять микрозайм без процентов первый раз,1532,2199,"microzaim;zaim",,
взять займ на карту без отказа онлайн срочно,1532,2158,zaim,,
честное слово займ,1531,1722,zaim,,
где лучше взять микрозайм на карту,1530,1797,microzaim,,
взять микрозайм без отказа,1529,1809,"microzaim;zaim",,
лайм займ кредит экспресс,1526,1617,zaim,,
микрозайм без процентов t_me_top_zaim24,1524,751,microzaim,,
лайк мани займ личный кабинет,1523,2250,zaim,,
взять займ на карту без отказа вам одобрено,1523,1532,zaim,,
мгновенные займы на карту без проверок,1521,1611,zaim,,
лайм займ личный кабинет войти,1518,2270,zaim,,
займ онлайн на карту быстро,1509,1885,zaim,,
займ срочно без отказов и проверок,1506,1981,zaim,,
микрозайм с плохой кредитной историей и просрочками,1506,1167,microzaim,,
онлайн займ на карту без отказа без проверки мгновенно,1503,1913,zaim,,
взять микрозайм с плохой кредитной историей,1502,1504,microzaim,,
займы под залог автомобиля с правом пользования,1501,2125,zaim,,
займ 100 процентов одобрения,1501,2044,zaim,,
займ на карту без отказа срочно t_me_top_zaim24,1500,759,zaim,,
займ с убитой ки,1488,1568,zaim,,
займ онлайн без отказа t_me_top_zaim24,1486,834,zaim,,
kviku займ,1484,2136,zaim,,
кит кредит займ личный кабинет,1483,1518,zaim,,
пчелка займ,1482,2178,zaim,,
первый займ бесплатно без процентов,1480,2251,zaim,,
a dengi,1479,3102,"microzaim;zaim",,
рефинансирование микрозаймов под залог птс,1477,1977,microzaim,,
взять займ быстро,1477,1832,zaim,,
экспресс займ онлайн на карту,1475,1644,zaim,,
займ экспресс на карту срочно без отказа,1475,1548,zaim,,
займ на карту срочно круглосуточно,1474,1491,zaim,,
все займы на карту онлайн,1473,1906,zaim,,
займы онлайн без процентов на первый займ,1471,2230,zaim,,
займ на карту мгновенно t_me_top_zaim24,1471,723,zaim,,
эква займ,1469,4637,zaim,,
получить займ на карту онлайн,1469,2104,zaim,,
кэш магнит займ,1466,1778,zaim,,
займ экспресс личный,1466,1435,zaim,,
юкки займ личный кабинет войти в личный кабинет по номеру телефона,1464,1935,zaim,,
микрозайм bistrodengi.ru,1464,1475,microzaim,,
займ с убитой кредитной историей,1464,1356,zaim,,
оформить займ через госуслуги мгновенный на карту,1462,1332,"microzaim;zaim",,
займ на карту мгновенно круглосуточно без отказа,1458,1659,zaim,,
частный займ,1457,1353,zaim,,
быстрый займ онлайн на карту,1456,1797,zaim,,
займ на карту без отказа 100 процентов t_me_top_zaim24,1456,721,zaim,,
займ под 0 процентов на 30 дней,1455,1726,zaim,,
взять займ онлайн на карту без отказа без проверки мгновенно,1454,1607,zaim,,
займы на карту быстро,1453,2057,zaim,,
займ для бизнеса,1451,2258,zaim,,
корона займ личный кабинет,1451,1573,zaim,,
микрозайм онлайн без отказа,1450,1771,microzaim,,
займ экспресс на карту без отказа и проверок срочно,1448,2024,zaim,,
быстрый займ на карту без отказа срочно,1445,2149,zaim,,
оформить займ без отказа,1443,1895,zaim,,
мгновенные займы на карту без отказов,1441,2122,zaim,,
займ под залог птс онлайн на карту,1440,1932,zaim,,
займы онлайн круглосуточно на карту,1439,1480,zaim,,
мгновенные займы без проверок круглосуточно t_me_top_zaim24,1436,737,zaim,,
мфо без процентов на первый займ,1435,2453,zaim,,
взять займ без отказа срочно,1435,1860,zaim,,
деньги на карту онлайн займ,1431,1972,zaim,,
где можно взять займ на карту без отказа срочно,1431,1820,zaim,,
займ без фото паспорта на карту,1430,1873,zaim,,
займ на карту под залог птс,1426,1833,zaim,,
вебзайм личный кабинет займ вход в личный кабинет,1425,3756,zaim,,
микрозайм с плохой историей,1423,1443,microzaim,,
быстро займ,1422,2392,zaim,,
взять микрозайм онлайн на карту,1420,2124,microzaim,,
рейтинг займов,1420,2043,zaim,,
займ 100,1420,1779,zaim,,
займ онлайн без отказа на карту,1420,1669,zaim,,
займ всем без отказа с плохой кредитной историей,1419,1519,zaim,,
взять займ с просрочками,1415,2104,zaim,,
займ без фото с паспортом в руках,1414,1687,zaim,,
займы которые дают абсолютно всем на карту с просрочкой,1413,1432,zaim,,
микрозайм до зарплаты вам одобрено,1413,1418,microzaim,,
займы онлайн на карту с плохой кредитной историей и просрочками,1411,1368,zaim,,
займ на долгий срок,1410,2204,zaim,,
займ на карту мгновенно без указания работы,1407,1286,zaim,,
займ с очень плохой кредитной историей,1402,1312,zaim,,
как получить микрозайм без отказа,1401,1578,microzaim,,
срочные онлайн займы на карту zaymtop.ru,1399,1422,zaim,,
получить займ онлайн на карту срочно,1398,1796,zaim,,
кубышка займ,1397,4978,zaim,,
займы онлайн новые мфо,1395,1820,zaim,,
займ t_me_top_zaim24 t_me_top_zaim24,1393,677,zaim,,
веббанкир займ личный кабинет займ,1391,4017,zaim,,
взять займ без карты,1391,1648,zaim,,
монеза займ,1390,3595,zaim,,
онлайн займ на карту без отказа срочно,1390,1908,zaim,,
займ экспресс на карту срочно,1387,1469,zaim,,
займы на карту онлайн мгновенно,1386,1902,zaim,,
микрозайм турбозайм,1385,1871,microzaim,,
займ без кредитной карты,1384,1356,zaim,,
займ без фото паспорта,1383,1930,zaim,,
капуста займ личный кабинет,1382,2640,zaim,,
займы без процентов первый,1382,2070,zaim,,
займ с просрочками на карту,1382,1692,zaim,,
договор займа между физическими лицами образец 2025,1382,1114,zaim,,
займ онлайн без отказа и проверок,1380,1743,zaim,,
займ бесплатно,1379,2724,zaim,,
займы на карту онлайн без отказа,1378,1553,zaim,,
где можно взять займ,1377,1979,zaim,,
микрозайм онлайн без отказа срочно,1377,1723,microzaim,,
деньги срочно займ,1377,1432,zaim,,
малоизвестные займы онлайн,1375,1406,zaim,,
займ ру,1374,1611,zaim,,
микрозайм на карту без проверок,1374,1318,microzaim,,
до зарплаты взять займ,1372,1741,zaim,,
займ на юмани,1372,1576,zaim,,
деньги сразу займ,1368,4182,zaim,,
микрозайм без отказа с плохой кредитной историей,1367,1295,"microzaim;zaim",,
микрозайм с просрочками и плохой кредитной историей,1367,1047,microzaim,,
займ на длительный срок,1364,2026,zaim,,
займ с просрочками без отказа,1364,1537,zaim,,
займы под птс creditulka,1364,619,zaim,,
взять займ онлайн срочно,1363,2105,zaim,,
быстрый займ без отказа,1361,2162,zaim,,
деньги займ онлайн на карту,1361,1577,zaim,,
займ взять на карту,1360,1688,zaim,,
займ под автомобиль,1359,2184,zaim,,
взять займ на карту без проверок,1359,1803,zaim,,
как взять займ,1359,1721,zaim,,
деньги в займ на карту без проверок,1359,1459,zaim,,
долгосрочный займ с ежемесячным платежом,1355,1584,zaim,,
микрокредит на карту срочно,1354,1716,microcredit,,
cashtoyou займ,1350,3160,zaim,,
займ на 30 дней,1349,1520,zaim,,
займы с плохой кредитной историей без отказа кредит экспресс,1349,1498,zaim,,
микрозайм на карту без отказа без проверки,1345,1478,"microzaim;zaim",,
получить займ через госуслуги на карту,1345,1320,zaim,,
умный займ,1341,1978,zaim,,
кальмия займ,1341,1217,zaim,,
займ на карту без процентов без отказа,1340,1957,zaim,,
заем.ру,1340,1296,zaim,,
взять займ до зарплаты,1339,1664,zaim,,
займ на карту озон,1339,1443,zaim,,
смс займ,1338,1479,zaim,,
займ деньги,1337,1660,zaim,,
займ корона,1334,1703,zaim,,
займ на карту без отказа с плохой кредитной историей,1334,1428,zaim,,
займы онлайн на карту по паспорту t_me_top_zaim24,1334,646,zaim,,
подбор займов на карту,1333,1315,zaim,,
все займы на карту без отказа,1329,2170,zaim,,
микрозайм без процентов кредит экспресс,1329,1698,"microzaim;zaim",,
безотказный займ на карту без проверок,1329,1675,zaim,,
займы на карту срочно без отказа,1329,1317,zaim,,
микрозайм быстро,1327,1699,microzaim,,
онлайн заявка на займ на карту,1325,1867,zaim,,
займ под птс онлайн на карту,1322,1808,zaim,,
займ мобайл личный кабинет,1321,1445,zaim,,
займ без отказа с просрочками на карту,1318,1541,zaim,,
займ онлайн новые мфо без отказа,1315,1675,zaim,,
подбор займов,1314,1663,zaim,,
экспресс деньги займ на карту,1313,1295,zaim,,
займ срочно без отказа на карту,1312,1552,zaim,,
рефинансирование микрозаймов онлайн без отказа на карту,1310,1638,microzaim,,
деньги на карту онлайн займ без отказа,1310,1347,zaim,,
займ на карту с плохой кредитной историей t_me_top_zaim24,1310,731,zaim,,
займ сразу на карту без проверок,1309,1485,zaim,,
займ до зп на карту,1307,1501,zaim,,
финмолл займ,1307,1469,zaim,,
займы без фото документов,1306,1693,zaim,,
займ на любую карту,1306,1646,zaim,,
займ онлайн без карты вам одобрено,1306,1312,zaim,,
займ под птс автомобиля,1305,2285,zaim,,
микрозайм без процентов на месяц,1305,2024,microzaim,,
займы онлайн список t_me_top_zaim24,1305,654,zaim,,
микрозайм без проверок,1300,1510,microzaim,,
онлайн займ на карту без отказа мгновенно,1299,1464,zaim,,
веб займ личный,1298,3957,zaim,,
займ на карту мгновенно без отказа,1297,1722,zaim,,
круглосуточные займы на карту без проверок,1297,1601,zaim,,
екапуста личный кабинет займ вход в личный кабинет,1296,2870,zaim,,
долгосрочный займ,1293,2413,zaim,,
digicash займ личный кабинет,1293,1312,zaim,,
займ залог вам одобрено,1292,1295,zaim,,
займ без процентов первый раз,1290,2034,zaim,,
все займы на карту creditulka,1290,572,zaim,,
займы с плохой кредитной историей без отказа на карту,1289,1151,zaim,,
займ на карту choosingbestloan,1287,1345,zaim,,
мфо займ на карту,1285,1580,zaim,,
микрорезерв займ,1285,1499,zaim,,
займ быстрый на карту без отказа,1284,1488,zaim,,
кешмагнит займ,1283,1732,zaim,,
займ на карту без отказа без проверки мгновенно с любой,1282,1303,zaim,,
lime займ,1281,3196,zaim,,
займ на карту онлайн без отказа срочно,1281,1791,zaim,,
займ всем без отказа на карту,1280,1308,zaim,,
займы на карту онлайн без отказов,1279,1929,zaim,,
список новых займов на карту,1277,1167,zaim,,
бани мани займ,1276,1674,zaim,,
займ срочно на карту без отказа и проверок,1274,1323,zaim,,
срочно займ на кредитную карту без отказа,1272,1247,zaim,,
бостра,1271,3112,zaim,,
микрозайм без процентов на карту мгновенно онлайн,1270,2486,microzaim,,
гранат займ,1269,1386,zaim,,
займ всем без отказа,1268,1743,zaim,,
мгновенные займы на карту без проверок круглосуточно,1268,1458,zaim,,
займы онлайн на карту новые,1267,1503,zaim,,
займ онлайн bistrodengi.ru,1267,1276,zaim,,
взять микрозайм через госуслуги,1267,998,"microzaim;zaim",,
быстроденьги личный кабинет займ вход в личный кабинет,1266,2219,zaim,,
оформить займ на карту онлайн,1263,1908,zaim,,
займ без отказа срочно,1263,1520,zaim,,
займ под материнский капитал,1262,1456,zaim,,
новые займы онлайн на карту срочно,1261,1642,zaim,,
займ на карту круглосуточно без отказа,1261,1630,zaim,,
займ онлайн без отказа с плохой кредитной историей на карту,1261,1300,zaim,,
микрозайм без процентов первый раз на карту,1257,1781,microzaim,,
займ на карту без фото,1256,1421,zaim,,
займы срочно на карту,1254,1586,zaim,,
получить займ онлайн на карту,1249,1721,zaim,,
займы новые 2025,1247,1257,zaim,,
получить микрозайм,1245,1945,microzaim,,
займ птс,1245,1219,zaim,,
капиталина займ личный кабинет,1244,1991,zaim,,
взять займ на карту без отказа быстро,1244,1486,zaim,,
расчет процентов по договору займа,1243,1448,zaim,,
яндекс займ,1243,1443,zaim,,
кредит с плохой кредитной историей без отказа на карту,1241,1142,zaim,,
новые займы вам одобрено,1240,1242,zaim,,
корона займ на карту,1239,1358,zaim,,
новые займы на карту онлайн,1238,1435,zaim,,
займ на карту с плохой кредитной историей срочно без отказа,1238,879,zaim,,
микрокредит на карту,1237,1595,microcredit,,
срочно деньги займ на карту,1236,1402,zaim,,
рефинансирование микрозаймов с просрочками,1236,1283,microzaim,,
займы с убитой ки,1236,1249,zaim,,
займ через госуслуги без отказа,1236,907,zaim,,
осм займ,1235,1650,zaim,,
займ онлайн на карту без проверок,1234,1699,zaim,,
займ на киви кошелек,1234,1331,zaim,,
малоизвестные мфо предоставляющие займы онлайн,1233,1152,zaim,,
займ новые мфо,1229,1199,zaim,,
займ с открытыми просрочками на карту,1228,1200,zaim,,
взять займ срочно без отказа,1227,1637,zaim,,
рефинансирование займов микрофинансовых организаций,1226,1327,zaim,,
микрокредит на карту без отказа без проверки,1225,1308,microcredit,,
займ за минуту,1225,1179,zaim,,
займ онлайн без отказов,1224,1896,zaim,,
деньги в займ,1224,1893,zaim,,
золотая корона займ на карту срочно,1221,1325,zaim,,
finters займ личный кабинет,1220,2015,zaim,,
взять займ онлайн на карту creditulka,1220,530,zaim,,
микра займ,1218,1564,zaim,,
первый займ,1217,1421,zaim,,
займ без процентов первый раз на карту,1216,1529,zaim,,
микрозайм онлайн на карту без проверок,1215,1657,microzaim,,
займ без процентов без отказа,1214,1732,zaim,,
а деньги займ личный кабинет,1211,1433,"microzaim;zaim",,
взять займ на виртуальную карту,1211,1357,zaim,,
займ онлайн на карту кредит экспресс,1209,1233,zaim,,
новые мфо онлайн займ на карту,1208,1260,zaim,,
микрозайм по паспорту онлайн,1207,1565,microzaim,,
срочно взять займ на карту без отказа,1207,1408,zaim,,
быстрый займ на карту без отказа срочно t_me_top_zaim24,1204,604,zaim,,
простой вопрос займ личный кабинет,1203,1879,zaim,,
займ взять без процентов,1203,1808,zaim,,
займы на карту онлайн без отказов срочно,1202,1550,zaim,,
взять займ без фото паспорта,1198,1656,zaim,,
займ через госуслуги на карту онлайн,1197,1342,zaim,,
микрозайм по паспорту,1194,1810,microzaim,,
аденьги займ личный кабинет,1193,1730,zaim,,
получить займ через госуслуги на карту онлайн,1191,1179,"microzaim;zaim",,
займ без отказа на карту без процентов,1190,1690,zaim,,
займы через госуслуги без отказа,1189,971,zaim,,
калькулятор расчета процентов по займу,1188,1351,zaim,,
мега деньги займ,1187,3204,zaim,,
займ без проверки,1187,1319,zaim,,
займ с плохой кредитной историей без отказа на карту,1187,1229,zaim,,
займы новые онлайн,1182,1266,zaim,,
расчет процентов по займу онлайн калькулятор 2025,1182,1141,zaim,,
бон займ,1180,1245,zaim,,
займы с убитой ки и просрочками,1179,1060,zaim,,
займы на карту онлайн без отказов круглосуточно,1177,1155,zaim,,
взять займ на карту онлайн через госуслуги,1174,957,zaim,,
пко рсв,1172,1727,microcredit,,
простые займы личный кабинет,1171,1147,zaim,,
самый быстрый займ на карту t_me_top_zaim24,1171,574,zaim,,
дружеский займ,1170,1242,zaim,,
новый займ без отказа,1169,1289,zaim,,
надо денег займ личный,1168,2961,zaim,,
займы для бизнеса,1168,1563,zaim,,
облигации федерального займа,1167,2716,zaim,,
онлайн займ под залог авто,1167,1755,zaim,,
микрозайм онлайн на карту без проверок срочно,1166,1334,microzaim,,
займы без отказа новые,1165,1108,zaim,,
бери беру займ личный кабинет,1163,2435,zaim,,
получить займ на карту срочно,1163,1409,zaim,,
взять деньги под залог птс,1162,1523,zaim,,
белка кредит займ,1160,4902,zaim,,
беспроцентный займ на карту онлайн,1160,1902,zaim,,
взять займ на карту срочно без отказа,1160,1588,zaim,,
скай займ,1159,1203,zaim,,
займ на карту сразу без отказа,1157,1363,zaim,,
взять займ срочно t_me_top_zaim24,1157,571,zaim,,
как взять быстрый займ,1156,1589,zaim,,
золотая корона займ на карту,1156,1233,zaim,,
займ без проверки кредитной истории на карту,1155,1587,zaim,,
монеза займ личный кабинет,1155,1119,zaim,,
онлайн займы новые,1154,1349,zaim,,
срочно займ на карту без отказа,1153,1497,zaim,,
онлайн займ на карту срочно без отказа,1153,1438,zaim,,
займы на карту без проверок,1152,1487,zaim,,
займы на карту без отказа срочно онлайн,1152,1348,zaim,,
самые лучшие мфо,1152,1121,zaim,,
взять займ на карту быстро,1150,1577,zaim,,
экспресс деньги займ,1150,1283,zaim,,
микрозайм 100 процентов одобрение,1148,1173,microzaim,,
топ микрозаймов онлайн,1147,1617,"microzaim;zaim",,
займ на карту без отказов мгновенно онлайн,1146,1357,zaim,,
онлайн займ через госуслуги на карту,1146,1344,"microzaim;zaim",,
новые мфо займы,1144,1268,zaim,,
оформить займ через госуслуги мгновенный,1144,1087,zaim,,
веб займ личный кабинет войти,1142,2498,zaim,,
выдадим займ личный кабинет,1142,1100,zaim,,
займ без процентов на 30 дней creditulka,1141,482,zaim,,
займы с плохой кредитной историей кредит экспресс,1140,1152,zaim,,
joymoney займ,1139,4426,zaim,,
онлайн займы через госуслуги,1138,1221,"microzaim;zaim",,
взять займ с плохой кредитной историей и просрочками,1137,1460,zaim,,
взять микрозайм на карту без отказа онлайн,1136,1644,microzaim,,
микрозайм с просрочками,1135,1503,microzaim,,
займ без отказа онлайн на карту,1135,1450,zaim,,
займ онлайн собрано про,1135,791,zaim,,
займ на карту без проверок кредитной истории t_me_top_zaim24,1135,574,zaim,,
мкк новые займы,1134,1014,zaim,,
все займы онлайн список,1133,1499,zaim,,
возьмика займ личный кабинет,1132,2452,zaim,,
коке кз,1132,1512,microcredit,,
займ без отказа с плохой кредитной историей на карту срочно,1132,785,zaim,,
займ на карту без отказа кредит экспресс,1131,1144,zaim,,
займ с любой кредитной историей на карту,1126,1053,zaim,,
займ онлайн быстро через госуслуги,1125,836,"microcredit;zaim",,
взять займ срочно на карту без отказа,1124,1545,zaim,,
займы онлайн на карту без отказа новые,1124,1133,zaim,,
взять микрозайм на карту без отказа срочно,1122,1335,"microzaim;zaim",,
микрозайм личный кабинет,1121,1212,microzaim,,
займ онлайн на карту без звонков,1120,1390,zaim,,
займы на карту без отказа и проверок,1119,1267,zaim,,
займ онлайн sobrano pro,1118,762,zaim,,
займ 100 процентов одобрения на карту t_me_top_zaim24,1118,547,zaim,,
займ на карту без фото паспорта,1115,1352,zaim,,
займ онлайн sobrano,1115,757,zaim,,
все займы онлайн t_me_top_zaim24,1115,546,zaim,,
микрозайм срочно без отказа,1114,1323,microzaim,,
займ rsb,1113,955,zaim,,
займ онлайн на карту creditulka,1112,447,zaim,,
займы онлайн на карту круглосуточно без отказов,1111,1199,zaim,,
займ взять на карту срочно без отказа,1110,1289,zaim,,
займ рсб,1110,967,zaim,,
займы денег на карту онлайн без отказа t_me_top_zaim24,1109,559,zaim,,
бустра займ личный кабинет войти,1106,1376,zaim,,
займ без процентов кредит экспресс,1106,1197,"microzaim;zaim",,
до зарплаты личный кабинет займ вход в личный кабинет,1105,1571,zaim,,
мгновенные займы без проверок круглосуточно,1105,1321,zaim,,
займ без отказа через госуслуги,1105,1318,"microcredit;zaim",,
займы под залог авто creditulka,1104,496,zaim,,
срочный займ с плохой кредитной историей,1103,1382,zaim,,
займы под залог птс creditulka,1103,503,zaim,,
быстрый микрозайм,1102,1551,microzaim,,
займ до зарплаты онлайн,1100,1021,zaim,,
кредит займ на карту,1099,1351,zaim,,
сервис онлайн займов на карту,1099,1163,zaim,,
займ без проверок и отказов,1098,1636,zaim,,
займ без отказа с плохой кредитной историей кредит экспресс,1098,1157,zaim,,
взять займ через госуслуги на карту без отказа,1098,950,zaim,,
взять займ на карту без отказа с плохой кредитной историей и просрочками срочно на карту,1097,954,zaim,,
займ до зарплаты на карту онлайн,1096,1370,zaim,,
займы без отказа с плохой кредитной историей кредит экспресс,1096,1196,zaim,,
микрозайм без процентов на карту мгновенно t_me_top_zaim24,1096,569,microzaim,,
займ 25000 на карту,1095,1175,zaim,,
новый займ,1094,1511,zaim,,
микрозайм без карты,1094,1022,microzaim,,
займ на карту без отказа срочно онлайн,1093,1705,zaim,,
займы creditom ru,1093,1276,zaim,,
займ личный кабинет,1092,960,zaim,,
микрозайм t_me_top_zaim24 t_me_top_zaim24,1092,549,microzaim,,
займ физическому лицу,1091,1153,zaim,,
микрокредит без отказа,1083,1424,microcredit,,
микрозайм онлайн на карту без отказа срочно,1080,1194,microzaim,,
микрозайм срочно,1077,1718,microzaim,,
микрозайм на карту без отказа срочно,1068,1298,microzaim,,
автоломбард под залог птс москва,1064,2830,zaim,,
микрозайм онлайн без отказа без процентов,1057,1373,microzaim,,
микрозайм 1,1049,1262,microzaim,,
микрозайм с плохой кредитной историей и открытыми просрочками,1039,1024,microzaim,,
как получить микрозайм на карту,1035,1619,microzaim,,
где взять микрозайм,1034,1502,microzaim,,
список микрозаймов t_me_top_zaim24,1033,514,microzaim,,
микрозайм на карту с просрочками,1028,1062,microzaim,,
микрозайм без отказа с просрочками,1027,1015,microzaim,,
микрозайм с плохой кредитной историей и открытыми просрочками на карту,1022,842,"microzaim;zaim",,
микрозайм быстро на карту,1016,1318,microzaim,,
микрозайм без процентов первый раз,1007,1491,microzaim,,
микрозайм без отказа с плохой кредитной,1006,1078,microzaim,,
взять микрозайм на карту срочно,1004,1366,"microzaim;zaim",,
микрозайм на карту онлайн срочно без отказов,1003,1361,"microzaim;zaim",,
как взять микрозайм,1002,1450,microzaim,,
займы турбозайм,999,1716,microcredit,,
микрозайм первый,999,1146,microzaim,,
займ до зарплаты на карту срочно онлайн,999,1102,microcredit,,
микрозайм топ,996,1424,microzaim,,
взять микрозайм с просрочками,992,1431,microzaim,,
микрозайм онлайн на карту быстро,990,1100,"microzaim;zaim",,
микрокредит онлайн на карту,987,1273,microcredit,,
кредит под залог стс,986,1018,zaim,,
оформить микрозайм на карту без отказов,982,1375,microzaim,,
микрозайм без процентов на карту мгновенно,980,1792,microzaim,,
микрозайм для иностранных граждан,972,1075,microzaim,,
микрозайм без процентов на карту t_me_top_zaim24,967,493,microzaim,,
кредит под залог птс автомобиля в москве,966,1452,zaim,,
займ на карту мгновенно через госуслуги,963,931,microcredit,,
микрозайм онлайн через госуслуги,959,1072,"microzaim;zaim",,
микрозаймы онлайн без проверки мгновенно,951,873,microzaim,,
залог под птс авто,942,1639,zaim,,
микрозайм с плохой ки,942,1003,microzaim,,
микрозайм получить,938,1329,microzaim,,
займ без процентов без отказа на карту мгновенно,937,1189,microzaim,,
микрокредит на карту без отказа,936,1100,microcredit,,
микрозайм онлайн на карту через госуслуги,934,964,"microzaim;zaim",,
микрозайм людям до 80 лет на карту озон,932,508,microzaim,,
список всех микрозаймов на карту,929,880,microzaim,,
редкие мфо,926,739,zaim,,
495 кредит личный кабинет,921,1077,zaim,,
микрозайм на карту без отказа вам одобрено,921,925,microzaim,,
быстрый микрозайм на карту без отказов,916,1071,microzaim,,
мгновенный микрозайм онлайн на карту choosingbestloan,913,947,microzaim,,
микрозайм первый без процентов,910,1210,microzaim,,
получить микрозайм на карту срочно без отказа,909,1243,"microcredit;microzaim",,
микрозайм без фото с паспортом,908,1012,microzaim,,
занять деньги онлайн на карту,903,1150,zaim,,
микрозайм на карту онлайн круглосуточно без отказа,898,1066,microzaim,,
деньги на карту срочно без отказа,892,991,zaim,,
как взять микрозайм онлайн,890,1082,microzaim,,
автоломбард сайт москва,890,994,zaim,,
сравни ру займы на карту онлайн,888,1470,microzaim,,
взять микрокредит на карту без отказа срочно,871,1107,microcredit,,
микрозайм деньги до зарплаты,870,840,microzaim,,
список микрозаймов онлайн,863,1316,microzaim,,
мфо госуслуги займ,861,726,microcredit,,
взять онлайн микрозайм,860,1040,microzaim,,
микрокредит без проверок,860,961,microcredit,,
микрозаймы без фото с паспортом,860,954,zaim,,
взять микрозайм без проверок,854,905,microzaim,,
микрозайм взять онлайн на карту без отказа,853,1095,microzaim,,
микрозайм под залог птс,850,1150,microzaim,,
взять деньги под птс,849,1162,zaim,,
микрозайм без процентов creditulka,848,323,microzaim,,
займ онлайн без процентов первый,847,1166,microcredit,,
взять микрозайм на карту онлайн без отказа,844,1058,microzaim,,
микрозайм со 100 процентным одобрением,843,1113,microzaim,,
микрозайм по госуслугам,843,720,"microzaim;zaim",,
микрозайм без процентов на первый займ,842,1941,microzaim,,
микрозайм без отказа на карту,842,1227,microzaim,,
микрозайм до зарплаты онлайн,841,690,microzaim,,
займ через госуслуги на карту без отказа без проверки мгновенно,840,730,microzaim,,
получить микрозайм на карту,839,1342,"microzaim;zaim",,
взять микрозайм через госуслуги на карту,839,723,microzaim,,
микрозаймы онлайн мфо,839,584,microzaim,,
займ на карту через госуслуги без фото,838,926,microzaim,,
взять микрозайм срочно без отказа,837,1117,microzaim,,
микрозайм без отказа всем,835,649,microzaim,,
микрозайм на карту онлайн через госуслуги,831,871,microzaim,,
рейтинг онлайн мфо,828,559,microcredit,,
микрокредит онлайн на карту без отказа,826,1243,microcredit,,
микрозайм где взять,826,1007,microzaim,,
микрокредит через госуслуги t_me_top_zaim24,824,437,microcredit,,
канат кз,823,1466,microcredit,,
автоломбард 24 часа москва,823,1346,zaim,,
cash to you личный кабинет,821,1356,zaim,,
заявка на микрозайм,818,944,microzaim,,
онлайн займ на карту через госуслуги,817,939,microzaim,,
займ на карту без отказа мгновенно круглосуточно,814,904,microzaim,,
займ на любую карту мгновенно без отказа,813,965,microcredit,,
услуги автоломбарда,812,969,zaim,,
микрозайм на карту срочно без отказа,810,880,"microzaim;zaim",,
микрозаймы на месяц без процентов,810,715,zaim,,
микрозайм без процентов вам одобрено,809,812,microzaim,,
микрозайм займ,804,1175,microzaim,,
взять микрозайм на карту срочно без отказа,804,1001,microzaim,,
микрозайм 100 одобрение,803,930,"microzaim;zaim",,
мфо через госуслуги,803,742,zaim,,
что будет если не платить микрозаймы,801,977,microzaim,,
взять займ по телефону на карту,799,748,microzaim,,
взять микрозайм онлайн без отказа,798,942,microzaim,,
подбор микрозаймов,798,522,microzaim,,
онлайн микрокредит,796,1081,microcredit,,
микрозайм без отказа срочно,796,895,microzaim,,
микрозайм на карту через госуслуги t_me_top_zaim24,793,405,microzaim,,
займы через госуслуги онлайн на карту без звонков,792,708,microzaim,,
кредит под залог автомобиля онлайн на карту,791,966,zaim,,
где взять микрозайм без отказа на карту,789,983,microzaim,,
взять микрозайм без процентов,788,1091,microzaim,,
микрозайм на карту срочно без проверки,786,560,microzaim,,
микрозайм 1530705 0.2% до 0.5%,784,799,microzaim,,
займы по госуслугам,784,730,microzaim,,
взять займ на карту через госуслуги онлайн,784,718,microzaim,,
занять деньги на карту,779,991,zaim,,
микрозайм на карту круглосуточно без отказа,779,939,microzaim,,
займ без процентов через госуслуги,777,781,microzaim,,
микрозайм онлайн на карту срочно без отказа,776,867,microzaim,,
взять микрозайм онлайн на банковскую карту,775,1499,microzaim,,
микрозайм на карту без отказов мгновенно,768,887,microzaim,,
микрозайм zanimator25$,767,878,microzaim,,
микрозайм без отказа без проверки мгновенно онлайн,761,830,microzaim,,
микрозайм на карту всем,761,535,microzaim,,
список всех мфо,760,1101,zaim,,
оформить микрозайм по телефону,759,910,microzaim,,
быстро деньги на карту без отказа,759,711,zaim,,
микрозайм с плохой кредитной историей на карту,758,811,microzaim,,
взять микрозайм по паспорту,756,1026,microzaim,,
взять срочно микрозайм на карту без отказа,754,862,microzaim,,
микрокредит онлайн на карту срочно без отказа,753,868,microcredit,,
рефинансирование микрозаймов вам одобрено,750,755,microzaim,,
взять срочный займ на карту без отказа,748,945,microzaim,,
микрокредит онлайн на карту без отказа t_me_top_zaim24,744,377,microcredit,,
первые займы без процентов на карту онлайн,740,965,microcredit,,
микрозайм через госуслуги онлайн на карту,740,662,"microcredit;microzaim;zaim",,
микрозайм оформить,738,1204,microzaim,,
рефинансирование микрокредитов,738,772,microcredit,,
кредит онлайн на карту до 15000,738,485,microzaim,,
микрозайм взять быстро,735,1027,"microzaim;zaim",,
микрозайм онлайн на банковскую карту,735,790,"microzaim;zaim",,
список займов на карту мгновенно,735,596,microzaim,,
микрозайм на карту по телефону,732,576,microzaim,,
микрозайм быстро без отказа,725,733,"microzaim;zaim",,
микрозайм на карту отказов,722,914,microzaim,,
микрозайм без процентов на карту кредит экспресс,722,751,microzaim,,
рейтинг микрозаймов на карту онлайн choosingbestloan,721,755,microzaim,,
микрозаймы онлайн без процентов,719,1120,zaim,,
взять микрозайм на карту без отказа creditulka,719,338,microzaim,,
микрокредиты онлайн,718,989,microcredit,,
микрокредит казахстан,716,831,microcredit,,
взять кредит микрозайм,714,867,microzaim,,
оформить микрозайм без отказа,713,889,microzaim,,
онлайн микрозайм,711,1059,microzaim,,
вивус личный кабинет войти,711,790,zaim,,
деньги под залог птс низкий процент,710,885,zaim,,
займы на карту 100 одобрение,709,799,microzaim,,
микрозайм до зарплаты на карту,709,746,microzaim,,
микрозайм на карту без проверок t_me_top_zaim24,708,353,microzaim,,
взять микрокредит,706,1823,microcredit,,
кредит микрозайм,705,1006,microzaim,,
микрозайм на карту мгновенно,705,868,microzaim,,
микрозайм круглосуточно без отказа,705,802,microzaim,,
займ срочно онлайн на карту без отказа,703,746,"microcredit;microzaim",,
кредит на карту большая сумма,701,494,microcredit,,
где получить микрозайм,699,754,microzaim,,
микрозайм на карту мгновенно без отказа взять займ онлайн,697,830,"microcredit;microzaim",,
топ лучших микрозаймов онлайн на карту choosingbestloan,697,723,microzaim,,
где найти микрозайм,697,516,microzaim,,
взять микрокредит онлайн,696,992,microcredit,,
микрозайм без фото,694,853,microzaim,,
микрозайм взять онлайн займ,693,1104,microzaim,,
займ микрозайм,692,818,microzaim,,
займы с любой ки без отказа,691,950,microcredit,,
первый микрозайм без процентов на карту,689,778,microzaim,,
займ на карту круглосуточно мгновенно без отказа,689,724,microzaim,,
микрокредиты без отказа,686,787,microcredit,,
микрозайм онлайн на карту без проверок без отказа,686,765,microzaim,,
каталог микрозайм,685,579,microzaim,,
взять микрозайм на карту срочно онлайн,684,1114,microzaim,,
микрозаймы на карту без отказа без проверки,684,749,zaim,,
микрозайм онлайн без отказа на карту,683,792,microzaim,,
микрозайм онлайн на карту срочно без отказов,683,708,microzaim,,
микрозаймы через госуслуги на карту,683,572,zaim,,
zaim express,681,728,zaim,,
взять микрозайм на карту вам одобрено,679,688,microzaim,,
займ на карту онлайн без отказа без проверки срочно,678,728,microzaim,,
микрозайм онлайн на карту срочно,674,809,microzaim,,
займ на карту без отказа без фото паспорта,674,788,microzaim,,
взять микрозайм на карту без процентов,673,848,microzaim,,
микрозайм онлайн на банковскую карту без отказа,671,1078,"microzaim;zaim",,
займ через госуслуги на карту с 18,669,675,microzaim,,
займ онлайн на карту без отказа без проверки онлайн,667,707,microzaim,,
займ на карту без проверок онлайн срочно,667,691,"microcredit;microzaim",,
микрозаймы на карту без отказа без проверки мгновенно,665,697,zaim,,
capitalina,664,1280,zaim,,
микрозайм с плохим кредитным рейтингом,664,887,microzaim,,
взять микрозайм на карту без отказа онлайн срочно,664,859,microzaim,,
займу на карту онлайн срочно,664,800,microzaim,,
новый микрозайм на карту онлайн,664,573,microzaim,,
компания автоломбард,663,808,zaim,,
микрозайм онлайн на карту без проверок срочно круглосуточно без отказа,663,806,microzaim,,
какой микрозайм лучше,663,739,microzaim,,
где взять микрозайм на карту t_me_top_zaim24,663,334,microzaim,,
микрозайм взять онлайн,662,1039,microzaim,,
микрозайм без отказа без проверки мгновенно на карту,660,688,microzaim,,
микрозайм без процентов на 30 дней creditulka,660,357,microzaim,,
займы онлайн на карту без процентов в первый раз на 30 дней,658,1052,microzaim,,
кредит онлайн микрозайм,656,709,microzaim,,
микрозайм для граждан снг,654,739,microzaim,,
микрозайм в 16 лет можно,653,782,microzaim,,
где можно взять микрозайм без отказа,651,746,microzaim,,
микрозайм на карту с плохой кредитной историей,650,548,microzaim,,
кредит микрозайм на карту,649,752,"microzaim;zaim",,
самые новые микрозаймы,647,641,zaim,,
микрозайм на карту без отказа без проверки мгновенно онлайн,646,754,microzaim,,
где оформить займ на карту,644,953,microzaim,,
микрозайм без карты вам одобрено,643,647,microzaim,,
где взять микрозайм на карту,642,738,microzaim,,
микрозаймы онлайн новые,639,543,zaim,,
микрокредит онлайн без отказа,637,767,microcredit,,
микрозайм на карту без отказа историю займы на карту без,637,690,microzaim,,
микрозайм на карту без отказа без проверки мгновенно,634,801,microzaim,,
маниман,632,1346,zaim,,
микрозайм на карту без отказа без проверки мгновенно онлайн на карту,632,809,"microzaim;zaim",,
взять микрозайм онлайн срочно без отказа t_me_top_zaim24,631,315,microzaim,,
быстрый микрозайм на карту,630,863,microzaim,,
микрокредит без процентов,629,800,microcredit,,
топ микрозаймов онлайн на карту,628,996,microzaim,,
взять срочно микрозайм на карту,627,842,microzaim,,
взять микрозайм на карту без процентов t_me_top_zaim24,626,314,microzaim,,
взять микрокредит онлайн на карту,625,863,microcredit,,
займы без процентов кредит экспресс,624,671,microzaim,,
займы онлайн на карту rsb,624,579,microzaim,,
взять микрозайм онлайн срочно без отказа,622,870,microzaim,,
микрокредит срочно без отказа,621,671,microcredit,,
микрозайм госуслуги онлайн,620,535,microzaim,,
микрозайм без фото с паспортом в руках,618,628,"microzaim;zaim",,
получить займ на карту через госуслуги,617,664,microzaim,,
купить микрозайм,617,516,microzaim,,
получить микрозайм без отказа на карту creditulka,617,282,microzaim,,
взять микрокредит онлайн на карту срочно,615,789,microcredit,,
микрозайм без прописки,615,769,microzaim,,
вивус личный кабинет войти в личный,615,719,zaim,,
микрозайм онлайн без отказа новые,615,716,microzaim,,
взять микрозайм до зарплаты,614,650,microzaim,,
взять микрокредит без отказа,613,723,microcredit,,
микрозайм онлайн на карту без отказа срочно t_me_top_zaim24,613,303,microzaim,,
dozarplati,611,1392,zaim,,
как получить микрозайм,609,1106,microzaim,,
список микрозаймов онлайн на карту,609,1103,microzaim,,
взять займ онлайн без отказа на карту с плохой кредитной историей срочно,607,743,microzaim,,
микрозайм список,604,994,microzaim,,
кредит онлайн без проверки,603,642,microzaim,,
микрозайм без присутствия,601,714,microzaim,,
микрозайм онлайн быстро,600,795,microzaim,,
новейшие мфо,600,633,zaim,,
микрозайм через госуслуги без отказов t_me_top_zaim24,596,319,microzaim,,
займ сто процентов одобрение на карту,593,940,microzaim,,
микрозайм взять на карту без отказа срочно,593,770,microzaim,,
микрозайм на длительный срок под небольшой процент,592,680,microzaim,,
онлайн заявка на микрозайм без отказа,592,604,microzaim,,
микрокредит без отказа онлайн,591,770,microcredit,,
микрозайм под залог автомобиля,586,842,microzaim,,
онлайн микрозайм на карту,584,972,microzaim,,
микрокредит на карту срочно без отказа,583,634,microcredit,,
займы онлайн без фото,582,649,microzaim,,
госуслуги микрозайм,582,524,"microzaim;zaim",,
микрозайм оформить онлайн,581,869,microzaim,,
микрозаймы госуслуги,579,601,"microzaim;zaim",,
взять микрозайм с просрочками creditulka,579,260,microzaim,,
микрозайм на карту без процентов первый раз,576,810,microzaim,,
микрозайм без отказа онлайн,576,658,microzaim,,
екапуста личный кабинет войти по номеру телефона,576,504,zaim,,
микрозайм на карту срочно,574,1136,microzaim,,
получить микрозайм без отказа на карту,574,1006,microzaim,,
где получить микрозайм без отказа,572,716,microzaim,,
микрозаймы новые на карту,570,484,zaim,,
микрозайм через госуслуги на карту,569,559,"microzaim;zaim",,
микрозайм на карту без отказа с плохой кредитной историей и просрочками срочно взять,568,294,microzaim,,
взять займ 100,567,681,microzaim,,
взять кредит онлайн микрозайм,566,713,microzaim,,
турбозайм личный кабинет войти в личный,565,1085,zaim,,
микрозаймы онлайн на карту без отказа без проверки мгновенно,564,814,zaim,,
список мфо где взять срочный микрозайм,564,674,microzaim,,
где лучше всего взять микрозайм,563,518,microzaim,,
микрозайм на карту онлайн без отказа,562,578,microzaim,,
список всех микрозаймов онлайн на карту,561,901,microzaim,,
онлайн займы на карту без проверок,561,720,microzaim,,
микрозайм без процентов на карту онлайн мгновенно,557,1547,microzaim,,
микрозайм 100 процентов одобрение на карту,557,660,"microzaim;zaim",,
микрозайм без отказа онлайн на карту,555,558,microzaim,,
срочный микрозайм на карту,554,692,microzaim,,
микрозайм без процентов онлайн,554,676,microzaim,,
микрозаймы на карту без процентов,551,851,zaim,,
микрозайм с плохой кредитной историей кредит экспресс,551,555,microzaim,,
срочный микрозайм на карту t_me_top_zaim24,551,281,microzaim,,
микрокредиты онлайн на карту,548,793,microcredit,,
микрозайм без процентов на карту беспроцентныйзайм рф,548,728,microzaim,,
новое мфо без отказов на карту круглосуточно,548,616,zaim,,
какой микрозайм лучше взять,548,613,microzaim,,
до зп онлайн,548,540,zaim,,
рейтинг онлайн микрозаймов,546,869,microzaim,,
оформить займ по паспорту,545,645,microcredit,,
где взять микрозайм если везде отказывают,542,532,microzaim,,
взять микрозайм онлайн на карту без отказа,540,819,"microzaim;zaim",,
микрозайм без отказов на карту,539,750,microzaim,,
первый микрозайм без процентов,536,617,"microzaim;zaim",,
займ деньги до зарплаты онлайн,535,465,microzaim,,
лучшие микрокредиты на карту choosingbestloan,534,543,microcredit,,
рейтинг микрозаймов онлайн,532,878,microzaim,,
как получить микрозайм без отказа на карту,531,750,microzaim,,
микрозайм первый займ без процентов,529,739,microzaim,,
микрозайм на карту быстро без отказа,528,671,"microzaim;zaim",,
микрозайм на карту без фото паспорта,527,610,microzaim,,
взять микрокредит без отказов без отказов,527,566,microcredit,,
микрозайм без отказа на банковскую карту,526,619,"microcredit;microzaim",,
до зарплаты вход в личный кабинет,525,785,zaim,,
займ на карту микрозайм,525,682,microzaim,,
микрозаймы на карту без процентов онлайн,525,604,zaim,,
займ по паспорту на карту без фото только паспорт,525,536,microzaim,,
микрозайм без фото с паспортом в руках на карту,524,548,microzaim,,
микрозайм без процентов на карту онлайн choosingbestloan,523,1049,microzaim,,
срочный микрозайм на карту без отказа,522,619,"microzaim;zaim",,
микрозайм со 100 процентным одобрением creditulka,522,219,microzaim,,
микрозайм без отказа займ срочно,521,699,microzaim,,
деньги срочно на карту без отказа,521,601,zaim,,
микрозайм на месяц без процентов,519,671,microzaim,,
какие займы одобряют 100 процентов,518,524,microzaim,,
автоломбард официальный сайт,517,641,zaim,,
мгновенные микрозаймы онлайн,517,472,microzaim,,
срочный микрозайм с плохой кредитной историей,516,525,microzaim,,
микрозайм без отказов мгновенно,514,653,microzaim,,
микрозайм без фото документов на карту,514,523,microzaim,,
микрозайм сразу на карту,513,769,microzaim,,
взять микрозайм онлайн на банковскую,513,639,microzaim,,
микрокредит с плохой кредитной историей,513,482,microcredit,,
микрозайм под залог авто,512,736,"microzaim;zaim",,
микрозайм под залог автомобиля онлайн,509,666,microzaim,,
где получить микрозайм на карту дарим займ,509,656,microzaim,,
новый мфо без отказа,509,606,zaim,,
взять микрокредит без отказов,508,585,microcredit,,
микрозайм на карту новые мфо,508,490,microzaim,,
микрозайм наличными,507,715,microzaim,,
дополучкино займ личный,506,755,microzaim,,
как взять микрозайм на карту,503,812,microzaim,,
микрозайм для ип,503,634,microzaim,,
займ онлайн под 0,503,535,microzaim,,
микрозайм юлонс,501,231,microzaim,,
микрозайм онлайн на карту без проверок t_me_top_zaim24,500,255,microzaim,,
микрокредит с просрочками,499,619,microcredit,,
микрозайм на карту займ без отказа,499,613,microzaim,,
получить микрозайм через госуслуги,498,302,"microzaim;zaim",,
получить микрозайм без отказа,497,663,"microzaim;zaim",,
взять микрозайм на карту t_me_top_zaim24,497,242,microzaim,,
микрозаймы на карту срочно без проверки,496,485,zaim,,
беспроцентный микрозайм,493,849,microzaim,,
деньги под птс онлайн,493,651,zaim,,
микрозайм без процентов на карту онлайн кредит экспресс,493,506,microzaim,,
микрозайм без отказа без проверки мгновенно онлайн t_me_top_zaim24,492,257,microzaim,,
оформить микрозайм по паспорту,491,686,microzaim,,
где дают микрозайм без отказа,491,607,microzaim,,
взять микрозайм без отказа на карту,490,596,"microzaim;zaim",,
микрозайм первый займ без процентов t_me_top_zaim24,490,270,microzaim,,
займ без фото с паспортом в руках на карту,489,519,microcredit,,
микрозайм под залог квартиры,489,464,microzaim,,
список микрозаймов на карту без отказа,488,689,microzaim,,
кредитплюс в личный,488,537,zaim,,
микрозаймы онлайн без отказа,486,605,zaim,,
микрозайм онлайн без проверок,485,468,microzaim,,
оформить онлайн микрозайм,484,614,"microzaim;zaim",,
оформить займ без отказа на карту,484,560,microzaim,,
микрозайм быстроденьги,484,511,microzaim,,
микрозайм взять на карту,482,663,microzaim,,
взять микрозайм онлайн без процентов,482,648,microzaim,,
займы без отказа на любую карту,482,614,microzaim,,
микрозайм на карту быстро,482,609,microzaim,,
микрозайм до 100000,482,606,microzaim,,
новый микрозайм,481,536,microzaim,,
быстро микрозайм,481,512,microzaim,,
где лучше брать микрозайм,480,456,microzaim,,
мани ман,479,1132,zaim,,
микрокредит взять,478,601,microcredit,,
микрозайм онлайн с плохой кредитной историей,477,566,microzaim,,
где лучше взять микрозайм,476,654,microzaim,,
микрозайм онлайн без отказа мгновенно,476,304,microzaim,,
получить микрозайм онлайн,475,717,microzaim,,
где оформить микрозайм,475,645,microzaim,,
взять микрозайм на карту без отказа онлайн с плохой кредитной историей срочно,475,544,"microzaim;zaim",,
деньги взаймы на карту срочно онлайн,473,699,zaim,,
где взять микрозайм без отказа на карту t_me_top_zaim24,473,239,microzaim,,
микрокредит без проверок creditulka,473,217,microcredit,,
микрозайм без отказа без проверки,470,525,microzaim,,
взять микрозайм без паспорта,470,476,microzaim,,
деньги быстро на карту онлайн займы,469,646,microcredit,,
без отказа микрозайм,468,591,microzaim,,
микрозайм сто процентов одобрения,468,533,microzaim,,
взять микрозайм срочно,466,732,microzaim,,
микрозайм всем без отказа,466,704,"microzaim;zaim",,
микрозаймы онлайн через госуслуги,465,417,"microzaim;zaim",,
взять микрокредит без отказов без отказа,464,723,microcredit,,
что нужно чтобы взять микрозайм онлайн,464,532,"microcredit;microzaim",,
микрокредиты онлайн срочно,463,604,microcredit,,
оформить микрозайм по телефону creditulka,462,199,microzaim,,
мфо госуслуги,461,482,zaim,,
микрозайм на полгода,461,469,microzaim,,
оформить микрозайм на карту,460,797,microzaim,,
где взять микрозайм онлайн,460,727,microzaim,,
микрокредит онлайн на банковскую карту,459,621,microcredit,,
микрозайм на любую банковскую карту,459,596,microzaim,,
микрозайм на 30 дней без процентов,459,572,microzaim,,
взять кредит микрозайм на карту,458,608,microzaim,,
микрозайм до 100000 creditulka,456,196,microzaim,,
как оформить микрозайм,455,905,microzaim,,
рефинансирование микрозаймов без отказа,455,649,microzaim,,
займ онлайн на любую банковскую карту,455,564,"microcredit;microzaim",,
микрозайм 865577,455,483,microzaim,,
реально взять займ на карту,453,580,microcredit,,
микрозайм с плохой кредитной историей и открытыми,453,481,microzaim,,
взять микрозайм онлайн на банковскую карту без отказа,452,547,microzaim,,
микрозайм новый,452,508,"microcredit;microzaim",,
как взять микрозайм без отказа,450,512,microzaim,,
микрозайм срочно онлайн на карту,449,608,"microzaim;zaim",,
займы госуслуги без отказа,449,605,microzaim,,
микрозайм онлайн срочно без отказа круглосуточно,449,502,microzaim,,
оформить микрозайм онлайн на карту,448,1011,"microcredit;microzaim",,
микрозайм со 100 одобрением,448,479,microzaim,,
микрокредиты на карту,446,524,microcredit,,
взять микрозайм с плохой историей,445,560,microzaim,,
взять микрозайм по паспорту онлайн,444,677,microzaim,,
топ микрозайм,444,580,microzaim,,
микрозайм на карту первый займ без процентов,444,535,microzaim,,
микрокредит до зарплаты,444,467,microcredit,,
займ со 100 процентным одобрением на карту,444,458,microcredit,,
быстро получить деньги на карту,443,817,zaim,,
до зарплаты микрозайм онлайн,442,452,microzaim,,
микрозайм без прописки creditulka,441,233,microzaim,,
микрозайм с плохой кредитной историей вам одобрено,440,482,microzaim,,
микрозайм без отказа на карту проверки мгновенно,439,531,microzaim,,
микрозайм онлайн без карты,438,3238,microzaim,,
что будет если не платить микрозайм,438,525,"microcredit;microzaim",,
микрозайм без процентов на первый займ t_me_top_zaim24,438,264,microzaim,,
займ с подтверждением через госуслуги,437,502,"microcredit;microzaim",,
микрозайм без займ онлайн,437,403,microzaim,,
займ без процентов на карту кредит экспресс,434,453,microzaim,,
оформить микрозайм на карту без отказов и проверок мгновенно,433,597,microzaim,,
займ онлайн на карту без проверок срочно список,430,565,microcredit,,
микрозаймы 100 процентов одобрения,430,516,microcredit,,
микрозайм без кредитной истории,428,683,microzaim,,
микрозайм сейчас на карту,428,534,microzaim,,
микрозайм быстро деньги,427,475,"microzaim;zaim",,
микрокредит срочно на карту без отказа,427,442,"microcredit;zaim",,
взять займ по телефону,426,555,microzaim,,
микрозайм на карту список лучших,426,539,microzaim,,
выгодный микрозайм на карту,425,589,microzaim,,
микрокредит займ онлайн,425,533,microcredit,,
срочно взять займ онлайн без проверок,425,469,microzaim,,
микрозайм онлайн на карту быстро вам одобрено,425,430,microzaim,,
новые микрокредиты,423,455,microcredit,,
микрозайм 100,422,616,microzaim,,
микрозайм мфо онлайн без отказа,422,573,microzaim,,
микрозайм с любой кредитной историей на карту,422,520,microzaim,,
займ с очень плохой историей,421,458,microcredit,,
как взять микрозайм с плохой кредитной историей,421,327,microzaim,,
займ на карту без отказа и проверок срочно первый,420,504,microzaim,,
микрозаймы под 0 процентов первый раз,420,489,zaim,,
как рассчитать микрозайм,420,323,microzaim,,
список микрозаймов онлайн на карту без отказа,419,871,"microzaim;zaim",,
займ без госуслуг на карту,419,360,microcredit,,
моментальный займ на карту онлайн без отказа проверок круглосуточно,418,545,"microcredit;microzaim",,
микрозайм на карту онлайн срочно без отказов займы онлайн,417,527,microzaim,,
оформить займ без проверок на карту,417,439,microzaim,,
моментальные займы онлайн через интернет,416,556,microcredit,,
займ на карту быстро без проверок и фотографии,416,459,microzaim,,
займ без паспорта срочно без отказа,415,513,microzaim,,
онлайн микрозайм на карту мгновенно,415,370,microzaim,,
взять микрозайм быстро,414,813,microzaim,,
микрозайм на карту круглосуточно,414,500,microzaim,,
экофинанс микрозайм,413,683,microzaim,,
микрозайм без фото паспорта,412,729,microzaim,,
список микрозаймов на карту мгновенно,412,583,microzaim,,
микрозайм онлайн на карту без отказа без проверки мгновенно,412,508,microzaim,,
онлайн микрокредит на карту,412,481,microcredit,,
взять микрозайм без отказа без проверки,411,471,microzaim,,
займ онлайн без отказа круглосуточно на карту,411,410,microzaim,,
онлайн микрозайм на карту без отказов,410,459,microzaim,,
топ микрозаймов на карту choosingbestloan,410,429,microzaim,,
микрозайм your-loans,410,196,microzaim,,
срочно микрозайм на карту,409,428,microzaim,,
займы онлайн без отказа на карту без проверок,408,433,microzaim,,
займ 5000 рублей на карту,408,418,microzaim,,
оформить микрокредит,407,578,microcredit,,
микрозайм 0 на первый займ онлайн,407,435,microzaim,,
все микрокредиты,407,433,microcredit,,
микрозайм your loans,407,194,microzaim,,
микрозайм с 18,406,405,microzaim,,
срочные онлайн займы под 0,406,403,"microcredit;microzaim",,
микрокредит без отказа с плохой кредитной историей,406,362,microcredit,,
микрозайм рейтинг,405,551,microzaim,,
микрозайм получить на карту,404,572,microzaim,,
микрозайм онлайн на карту быстро без отказа,404,545,microzaim,,
микрозайм с 100 процентным одобрением,403,424,"microzaim;zaim",,
взять займы на карту без отказа,402,487,microzaim,,
топ микрозаймов онлайн на карту choosingbestloan,402,426,microzaim,,
деньги в залог птс,401,587,zaim,,
список всех микрозаймов онлайн,401,565,microzaim,,
микрозайм без отказа на карту онлайн,401,440,microzaim,,
микрозайм без фото с паспортом на карту,401,416,"microcredit;microzaim",,
микрозайм казахстан,400,515,microzaim,,
взять онлайн займ без процентов на карту онлайн,400,493,microzaim,,
автоломбард залог москва автомобиля,399,694,zaim,,
взять деньги микрозайм,398,452,microzaim,,
микрозайм без процентов creditulka.com/mfo/bez-procentov,398,434,microzaim,,
микрозайм новые 2025,398,408,microzaim,,
микрозайм онлайн на карточку,397,515,microzaim,,
где взять деньги под залог птс,397,498,zaim,,
микрозайм новые,397,375,microzaim,,
микрозайм на долгий срок,396,600,microzaim,,
микрозайм рсб,396,376,microzaim,,
получить микрокредит,394,550,microcredit,,
микрозайм без отказа на карту срочно,394,416,microzaim,,
микрозайм rsb24,394,380,microzaim,,
сто процентный займ,392,505,microzaim,,
микрозайм займ 0,392,429,microzaim,,
заявка на микрозайм онлайн,391,452,microzaim,,
микрозайм без отказа новые мфо,391,411,microzaim,,
моментальный займ на карту без проверок круглосуточно test exam,390,682,microcredit,,
микрозайм без процентов на карту онлайн мгновенно без отказа,390,526,microzaim,,
микрозайм без процентов без отказа круглосуточно,390,415,microzaim,,
микрозайм рсб24,390,377,microzaim,,
микрозайм 24рсб,390,364,microzaim,,
получить микрокредит онлайн,388,679,microcredit,,
получение микрозайма онлайн,388,555,microzaim,,
микрозайм 1691900,388,516,microzaim,,
микрозайм онлайн без отказа на карту срочно,388,398,microzaim,,
микрозайм с плохим рейтингом,387,454,microzaim,,
микрозайм срочно без отказа на карту,387,442,microzaim,,
займ где не нужно фото с паспортом,387,416,microzaim,,
микрозайм с 18 лет,387,381,microzaim,,
микрозайм под 0 процентов на 30 дней,386,445,microzaim,,
микрозайм rsb,386,362,microzaim,,
где можно взять микрозайм,385,501,microzaim,,
микрозайм онлайн срочно без отказа,384,399,"microzaim;zaim",,
микрозайм на карту онлайн срочно,383,931,microzaim,,
микрозайм на карту онлайн без процентов первый,383,736,microzaim,,
микрозайм наличными онлайн,383,583,microzaim,,
кредит онлайн под 0 процентов,383,410,microzaim,,
микрозайм на 3 месяца,383,326,microzaim,,
займ онлайн на карту без проверок срочно круглосуточно,382,441,microzaim,,
микрозайм 18 лет без отказа,382,282,microzaim,,
микрокредит на карту онлайн,381,606,microcredit,,
первые займы под 0 процентов,381,409,microzaim,,
микрозайм dadim~v~dolg,381,393,microzaim,,
микрозайм без отказов,380,614,microzaim,,
оформить микрозайм на карту без отказа,380,399,microzaim,,
микрозайм на карту без паспорта,380,357,microzaim,,
займ с любыми просрочками,379,405,"microcredit;microzaim",,
микрокредит по паспорту,379,355,microcredit,,
микрозайм онлайн на карте,379,181,microzaim,,
новые мфо россии,378,407,microcredit,,
микрозайм быстро на карту круглосуточно без отказов,378,394,microzaim,,
займу онлайн микрозайм,378,293,microzaim,,
kviki,376,573,zaim,,
микрозайм с просрочками и плохой кредитной,376,435,microzaim,,
микрозайм на карту новые займы,376,379,microzaim,,
микрозайм без отказа и проверок,376,375,microzaim,,
микрокредиты sobrano pro,376,258,microcredit,,
займы без процентов на карту первый раз,375,436,microzaim,,
микрозайм без процентов и без отказа,375,401,microzaim,,
микрозайм на карту онлайн первый займ без процентов,374,470,microzaim,,
микрозайм с текущими просрочками,374,410,microzaim,,
микрозайм быстро без проверок,373,407,microzaim,,
займ онлайн на карту быстро и без отказа,373,403,microcredit,,
микрозайм с открытыми просрочками,373,392,microzaim,,
взять микрозайм на карту быстро,372,490,microzaim,,
микрозайм онлайн на банковскую карту без отказа новые мфо,371,533,microzaim,,
занять деньги до зарплаты,370,350,zaim,,
на карту микрозайм,368,714,microzaim,,
быстрый микрозайм на карту онлайн,368,382,microzaim,,
микрокредит новые,368,350,microcredit,,
займы онлайн без фото паспорта,367,617,microzaim,,
взять онлайн займ срочно,367,448,microcredit,,
взять микрозайм с просрочкой,367,405,microzaim,,
микрокредит с открытыми просрочками,367,387,microcredit,,
топ 20 микрозаймов,366,524,microzaim,,
первый займ 0 процентов на карту до 30 дней,366,411,microzaim,,
микрозайм 10000,366,375,microzaim,,
мгновенный микрозайм карту без проверок,366,371,microzaim,,
ноль процентов микрозайм,365,406,microzaim,,
микрозайм без отказа без проверки мгновенно,365,377,microzaim,,
микрозайм без проверок на карту,365,368,microzaim,,
микрокредит с плохой историей,364,454,microcredit,,
взять займ студенту,362,454,microzaim,,
займ без проверки карты и списания,362,385,microzaim,,
микрозайм онлайн с плохой,361,394,microzaim,,
дозарплаты ру личный кабинет,360,449,zaim,,
микрозайм с плохой ки и просрочками,359,412,"microcredit;microzaim",,
мфо через госуслуги без отказа,359,412,zaim,,
онлайн заявка на микрозайм без отказа creditulka,359,157,microzaim,,
оформить микрозайм на карту онлайн,358,611,microzaim,,
взять микрокредит на карту,358,463,microcredit,,
микрозайм на карту срочно без отказов круглосуточно,358,367,"microcredit;microzaim",,
топ 10 микрозаймов на карту онлайн,356,715,microzaim,,
микрозайм без проверки кредитной истории,356,437,microzaim,,
как инвестировать микрозайм,356,277,microzaim,,
взять займ на карту микрозайм,355,546,"microcredit;microzaim",,
деньги под залог авто машин,355,435,zaim,,
займы онлайн на карту с плохой ки,355,365,microzaim,,
микрокредит 100000 рублей,355,358,microcredit,,
микрозайм на карту без отказа срочно с плохой историей,355,251,microzaim,,
как открыть микрозайм,354,277,microzaim,,
микрокредиты собрано про,354,274,microcredit,,
микрозайм с просрочкой,353,401,microzaim,,
взять безотказный микрозайм на карту,352,369,microzaim,,
онлайн банк микрозаймов,351,510,microzaim,,
взять займ 100000 рублей,351,363,microcredit,,
микрозайм 0 процентов,350,444,microzaim,,
микрозайм на карту онлайн срочно без отказов круглосуточно,349,403,microzaim,,
быстро деньги личный,347,558,zaim,,
микрокредиты рейтинг,347,456,microcredit,,
займ на карту онлайн мгновенно без,346,531,microcredit,,
автоломбард залог птс москва,345,602,zaim,,
топ займов под залог авто,344,417,microcredit,,
займ без проверок и звонков через госуслуги,344,317,microzaim,,
где взять микрозайм без отказа на карту прямо сейчас,343,499,microzaim,,
взять микрозайм через интернет,343,430,microzaim,,
займ онлайн первый займ без процентов,342,473,microzaim,,
где взять микрозайм без процентов,341,535,microzaim,,
микрозайм в казахстане,341,451,microzaim,,
микро резерв,341,368,zaim,,
еfin микрозайм официальный сайт,341,301,microzaim,,
залог под птс автомобиля,340,799,zaim,,
микрозаймы со 100 процентным одобрением на карту,340,477,zaim,,
микрозайм novazaim,340,377,microzaim,,
разрешено ли заключать онлайн микрозайм законом рф,340,173,microzaim,,
списание долгов по микрозаймам,339,368,microzaim,,
микрозайм онлайн кредит экспресс,339,343,microzaim,,
микрозайм 5000,338,357,microzaim,,
взять микрозайм с 18 лет,336,371,microzaim,,
взять микрокредит sobrano pro,336,229,microcredit,,
микрозайм под 0 процентов,334,570,microzaim,,
взять займ онлайн по паспорту,334,431,microzaim,,
можно ли взять микрозайм без паспорта,333,443,microzaim,,
выгодный кредит под залог автомобиля,333,421,zaim,,
машину под залог птс,333,408,zaim,,
lime zaim личный кабинет,332,811,zaim,,
взять микрозайм на карту мгновенно,332,529,microzaim,,
займ онлайн на карту без отказа срочно без проверки мгновенно,332,459,microcredit,,
ближайший автоломбард,332,396,zaim,,
кредит под залог авто с плохой историей,332,379,zaim,,
займы онлайн список лучших,331,431,microzaim,,
аленьги личный кабинет,331,420,zaim,,
самые новые микрозаймы еще малоизвестные которые,331,397,zaim,,
без процента займ,330,433,microcredit,,
взять микрокредит sobrano,330,226,microcredit,,
оформить заявку на микрозайм,329,508,"microcredit;microzaim",,
хороший микрозайм онлайн,329,472,microzaim,,
микрозайм на карту онлайн срочно choosingbestloan,329,356,microzaim,,
микрозайм для студентов,329,339,microzaim,,
топ лучших микрозаймов онлайн,328,577,"microzaim;zaim",,
микрозайм через интернет,328,478,microzaim,,
займ через гос услугу,328,308,microzaim,,
топ быстрозаймов,327,479,microcredit,,
микрозайм россия,327,446,microzaim,,
мкк микрозайм,326,466,microzaim,,
микрозайм онлайн без отказа с плохой кредитной,326,302,microzaim,,
микрозайм без звонков,326,284,microzaim,,
микрозайм под 0,325,506,microzaim,,
микрозайм без процентов первый раз онлайн,324,386,microzaim,,
микрозайм первый bistrodengi.ru,324,338,microzaim,,
микрозайм пенсионерам на карту,324,329,microzaim,,
взять микрокредит собрано про,324,242,microcredit,,
микрозайм sravni,323,941,microzaim,,
займы онлайн на карту топ,323,554,microzaim,,
микрозаймы без отказа на карту,323,339,zaim,,
новые мфо на карту без отказа,323,256,zaim,,
новые мфо онлайн на карту без отказа,322,272,zaim,,
как выбрать микрозайм,322,267,microzaim,,
микрозайм 100 процентов одобрение creditulka,322,156,microzaim,,
займы сто процентов одобрят на карту,321,429,microzaim,,
микрозайм на месяц,321,315,microzaim,,
микрозайм без процентов на карту мгновенно онлайн без отказа,320,637,microzaim,,
займ на карту по паспорту срочно,320,412,microcredit,,
микрозайм альфа банк,320,404,microzaim,,
новые малоизвестные микрозаймы на карту,320,359,zaim,,
микрозайм за 5 минут,320,358,microzaim,,
микрозайм на карту по паспорту,319,461,microzaim,,
целфин,319,448,zaim,,
микрозайм проверенный,319,406,microzaim,,
микрозайм сравни ру,319,399,microzaim,,
микрозайм ю лонс,319,150,microzaim,,
оформить микрокредит онлайн,318,434,microcredit,,
микрозайм на кредитную карту,318,279,microzaim,,
быстрый займ без отказа на любую карту,317,430,microzaim,,
займы лучшие онлайн,316,480,microzaim,,
микрозайм по телефону,316,404,microzaim,,
как взять микрозайм без работы,316,306,microzaim,,
микрозайм без процентов первый,315,439,"microzaim;zaim",,
рейтинг лучших микрозаймов,315,422,microzaim,,
топ микрозаймов choosingbestloan,315,324,microzaim,,
под залог автомобиля деньги,314,578,zaim,,
микрозайм likemoney,314,334,microzaim,,
получить кредит на ооо,313,366,zaim,,
микрозайм онлайн на карту без проверок choosingbestloan,313,325,microzaim,,
мфо без отказа на карту новые,313,242,zaim,,
микрокредит онлайн с плохой кредитной историей,312,361,microcredit,,
микрозайм без паспорта онлайн,312,292,microzaim,,
микрозайм онлайн на карту круглосуточно,312,277,microzaim,,
микрозайм на длительный срок,311,562,microzaim,,
заявка на микрозайм на карту,311,520,microzaim,,
взять микрозайм онлайн на карту choosingbestloan,311,336,microzaim,,
займ через госуслуги на карту без фото,311,284,microcredit,,
взять микрозайм онлайн на банковскую карту срочно без отказа,310,639,microzaim,,
bunny money личный кабинет,310,417,zaim,,
где взять займ без проверок,310,391,microzaim,,
микрозайм you lons,310,146,microzaim,,
кредит онлайн без карты,309,451,zaim,,
новые мфо займ на карту без отказа,308,251,microcredit,,
микрокредиты sobrano,308,215,microcredit,,
надо денег личный,307,548,zaim,,
кредит займ без отказа,307,385,microcredit,,
микрозайм на карту с просрочками creditulka,307,151,microzaim,,
деньги на карту без процентов,305,437,zaim,,
микрозайм иностранным гражданам,304,312,microzaim,,
eqvazaim,303,1254,zaim,,
займ без фотографии паспорта,303,374,microzaim,,
взять микрозайм с плохой кредитной историей и просрочками,301,420,microzaim,,
микрозайм 10 тысяч,301,289,microzaim,,
микрозайм получить на карту онлайн,298,394,microzaim,,
взять микрозайм с плохой ки,298,333,microzaim,,
микрозаймы по паспорту онлайн,296,356,microzaim,,
взять микрозайм кредит экспресс,296,301,microzaim,,
взять микрозайм на карту без отказа срочно t_me_top_zaim24,295,156,microzaim,,
микрокредит займ на карту,294,432,microcredit,,
займы через госуслуги кредит экспресс,293,297,microzaim,,
калькулятор микрозайма,292,2353,microzaim,,
взять микрокредит на карту через интернет не выходя из дома,292,739,microcredit,,
микрозайм онлайн на карту без процентов,292,656,microzaim,,
взять микрозайм срочно на карту,292,383,microzaim,,
микрозайм деньги,292,381,microzaim,,
взять микрокредит по паспорту,291,354,microcredit,,
взять займ сейчас на карту срочно,290,469,"microcredit;microzaim",,
микрозайм moneyman.ru,290,301,microzaim,,
тинькофф микрозайм,290,293,microzaim,,
юкки вход в личный кабинет,289,341,zaim,,
микрозайм онлайн по паспорту,288,637,microzaim,,
микрокредит займ,288,430,microcredit,,
микрокредит на карту онлайн срочно,287,392,microcredit,,
микрозайм 30 тысяч,287,333,microzaim,,
самый лучший микрозайм на карту choosingbestloan,287,315,microzaim,,
рейтинг микрозаймов на карту choosingbestloan,287,312,microzaim,,
деньги микрозайм онлайн,286,319,microzaim,,
микрокредит на 3 месяца,286,307,microcredit,,
лучшие мфо для микрозаймов,285,383,microzaim,,
взять взаймы на карту срочно онлайн,284,529,zaim,,
проверенный займ без отказа,283,372,microcredit,,
микрозайм на неименную карту,283,320,microzaim,,
bistrodengi,281,808,microcredit,,
микрозайм под ноль процентов,281,336,microzaim,,
получить займ на карту госуслуги,281,293,microzaim,,
микрозайм все займы,280,391,microzaim,,
микрозаймы без фото паспорта,280,349,microzaim,,
оформить кредит микрозайм,280,339,microzaim,,
займ вход через госуслуги,280,252,microzaim,,
взять микрозайм без фото паспорта,279,462,microzaim,,
микрозайм оформить займ,279,353,microzaim,,
займ без паспорта онлайн на карту,279,247,microzaim,,
моментальные займы онлайн на банковскую карту maestro,278,726,"microcredit;microzaim",,
микрозайм без снилс,278,295,microzaim,,
все микрозаймы россии на карту,277,386,zaim,,
онлайн микрозайм на карту без истории choosingbestloan,277,301,microzaim,,
займы вход через госуслуги,277,233,microcredit,,
микрозайм по военному билету,276,264,microzaim,,
микрозайм для пенсионеров,275,339,microzaim,,
микрозайм с плохой историей вам одобрено,275,336,microzaim,,
займы пенсионерам без карты,275,259,microzaim,,
микрозайм онлайн в узбекистане сейчас,274,434,microzaim,,
микрозайм без паспорта на карту,274,266,microzaim,,
экспресс деньги личный,274,263,zaim,,
микрозайм за минуту,274,244,microzaim,,
микрозайм пенсионерам,273,275,microzaim,,
монеуман,272,550,zaim,,
займы по паспорту без отказа на карту,272,433,microcredit,,
где можно оформить займ,272,327,microcredit,,
микрозайм без селфи с паспортом,272,302,microzaim,,
где можно взять быстрый займ,271,338,microzaim,,
микрозайм с 18 лет на карту,271,228,microzaim,,
микрозайм на карту сбербанка,270,343,microzaim,,
займ без отказа без фото с паспортом,269,348,microcredit,,
оформить займ по телефону,269,339,microzaim,,
микрозайм без подтверждения личности,269,318,microzaim,,
как взять микрозайм без паспорта,268,333,microzaim,,
взять займ онлайн по паспорту на карту,268,275,microcredit,,
взять микрозайм microcreditor,268,271,microzaim,,
взять микрозайм на карту без отказа вам одобрено,268,270,microzaim,,
оформление займа на карту,267,388,"microcredit;microzaim",,
где можно взять займ на карту без отказа,267,318,microcredit,,
микрозайм для мигрантов,267,280,microzaim,,
монемен,266,722,zaim,,
рефинансирование микрозаймов с плохой кредитной историей,265,300,microzaim,,
микрозайм срочно взять быстрый займ онлайн,264,380,microzaim,,
юкки личный кабинет вход,263,352,zaim,,
взять микрозайм под 0,263,315,microzaim,,
быстрозайм через госуслуги,263,282,"microzaim;zaim",,
микрозайм на 2 месяца,263,280,microzaim,,
срочное рефинансирование микрозаймов,263,269,microzaim,,
микрозайм до зп,262,352,microzaim,,
онлайн микрокредиты,262,331,microcredit,,
займ 100 одобрение на карту,261,349,microcredit,,
где взять микрозайм с плохой кредитной,261,278,"microzaim;zaim",,
онлайн займ на карту только по паспорту,260,347,microcredit,,
солва кз,259,349,microcredit,,
займы без подтверждения паспорта,258,282,microzaim,,
микрозайм на карту для пенсионеров,258,271,microzaim,,
получить микрозайм по паспорту,257,333,"microzaim;zaim",,
займ взять через госуслуги,256,412,microzaim,,
микрозайм онлайн без карты choosing best loan,256,315,microzaim,,
займ хороший взять онлайн,255,524,microzaim,,
ezaem личный кабинет,254,773,zaim,,
расчет микрозайма,254,740,"microcredit;microzaim",,
микрозайм сравни,254,443,microzaim,,
займ денег на карту срочно с сайта,253,403,microcredit,,
взять микрозайм онлайн срочно,252,387,microzaim,,
взять займ до зарплаты онлайн,252,256,microzaim,,
партнерка займов,252,245,microcredit,,
оформить заявку на займ на карту,251,486,microzaim,,
100 микрозайм на карту без отказа,251,317,"microzaim;zaim",,
микрозайм студентам,251,271,microzaim,,
оформить микрозайм на карту моментально,250,473,microzaim,,
микрозайм на юмани,250,250,microzaim,,
новый микрозайм на карту онлайн creditulka,250,106,microzaim,,
топ 10 микрозаймов на карту онлайн choosingbestloan,249,256,microzaim,,
топ микрозаймов онлайн на карту creditulka,249,120,microzaim,,
микрозайм киви,248,278,microzaim,,
creditplus личный,248,276,zaim,,
все мфо на карту онлайн,246,397,zaim,,
взять микрозайм наличными,246,325,microzaim,,
взять в долг микрозайм,246,286,"microcredit;microzaim",,
микрозайм онлайн на карту срочно без отказа круглосуточно,245,530,microzaim,,
как получить микрозайм онлайн,245,307,microzaim,,
микрокредиты с плохой кредитной историей,244,320,microcredit,,
микрозайм с плохим рейтингом кредитным,244,272,microzaim,,
займы онлайн на карту без отказа через госуслуги,244,233,microzaim,,
быстрый кредит на карту без отказа,243,269,zaim,,
взять микрозайм онлайн на карту вам одобрено,243,245,microzaim,,
микрозайм мфо,242,349,microzaim,,
микрозайм под ноль,242,304,microzaim,,
микрозайм 24 7 на карту,242,273,microzaim,,
микрозайм по номеру телефона,241,335,microzaim,,
микрокредит онлайн через госуслуги,241,290,"microcredit;microzaim;zaim",,
микрозайм без процентов на карту онлайн мгновенно choosingbestloan,241,284,microzaim,,
микрозайм dengi~v~dolg25,241,245,microzaim,,
микрозайм без паспорта на карту срочно,241,230,microzaim,,
микрозайм без процентов без отказа,240,332,microzaim,,
взять микрозайм госуслуги,240,289,microzaim,,
взять кредит через госуслуги на карту,240,225,"microzaim;zaim",,
взять микрозайм без проверки кредитной истории,239,233,microzaim,,
займ с 18 лет онлайн,239,218,microzaim,,
микрозайм онлайн через госуслуги t_me_top_zaim24,239,122,microzaim,,
список новых микрозаймов,238,285,microzaim,,
триумвират микрозайм личный кабинет,238,266,microzaim,,
микрозайм 40000,238,180,microzaim,,
микрозайм онлайн с плохой историей,237,303,microzaim,,
где взять деньги микрозайм,237,300,microzaim,,
взять микрозайм на карту онлайн,236,442,microzaim,,
микрозаймы сравни,236,341,microzaim,,
оформить займ на карту по телефону,236,238,microzaim,,
микрокредит наличными,236,213,microcredit,,
оформить займ через интернет,235,304,microzaim,,
микрозайм оформить онлайн заявку,235,286,microzaim,,
мфо без фото,235,276,"microzaim;zaim",,
микрозайм с плохой кредитной историей и просрочками кредит экспресс,235,249,microzaim,,
микрозайм от 18 лет,235,187,microzaim,,
микрозайм на карту без отказа t_me_top_zaim24,235,114,microzaim,,
займ онлайн на карту под залог автомобиля,233,373,microcredit,,
займ на банковскую карту без отказа,233,289,microcredit,,
оставить заявку на микрозайм по телефону,233,234,microzaim,,
микрокредиты новые,232,260,microcredit,,
список микрозаймов онлайн на карту choosingbestloan,232,253,microzaim,,
zaimexpress,232,240,zaim,,
займы онлайн на карту для граждан снг,232,221,microzaim,,
микрозайм список компаний,231,281,microzaim,,
взять кредит до зарплаты микрозайм,231,202,"microcredit;microzaim",,
где взять микрозайм с плохой кредитной историей и просрочками,230,463,microzaim,,
рефинансирование микрозаймов онлайн на карту choosingbestloan,228,252,microzaim,,
микрозайм без процентов на карту онлайн мгновенно без отказа без проверки,227,493,microzaim,,
микрозайм отзывы,227,319,microzaim,,
бережный микрозайм,227,264,microzaim,,
рефинансирование микрозаймов онлайн без отказа на карту choosingbestloan,227,255,microzaim,,
займ онлайн 18 лет,227,215,microcredit,,
займы гражданам армении,227,202,microzaim,,
стратосфера микрозайм,226,540,microzaim,,
микрозайм по паспорту онлайн на карту,226,409,microzaim,,
микрозайм на любую карту,226,377,microzaim,,
реструктуризация микрозаймов,225,355,microzaim,,
топ микрозаймов на карту без отказа онлайн,225,279,microzaim,,
срочный микрозайм на карту без проверок,225,255,microzaim,,
микрозайм без проверок вам одобрено,225,227,microzaim,,
микрозайм ру,225,205,microzaim,,
взять микрозайм по телефону,224,305,microzaim,,
микрозайм на 6 месяцев,224,254,microzaim,,
микрозайм без снилса,224,230,microzaim,,
микрозайм без посредников,223,223,microzaim,,
микрозайм онлайн credit xpress,223,223,microzaim,,
микрозайм с плохой историей без отказа,223,196,"microzaim;zaim",,
микрозайм без отказа с просрочками creditulka,223,98,microzaim,,
где можно оформить микрозайм,221,257,microzaim,,
микрозайм займ личный кабинет,221,224,microzaim,,
как избавиться от смс микрозаймов,221,180,microzaim,,
займ бесплатно без отказа,220,466,microzaim,,
займы быстро без проверок,220,347,microzaim,,
новые мкк с займом на карту без отказа,220,283,microzaim,,
взять микрозайм с плохой кредитной историей онлайн,220,280,microzaim,,
срочный микрозайм онлайн на кредитную карту choosingbestloan,220,242,microzaim,,
займ на карту без отказа без паспорта,220,190,microzaim,,
займ взять с плохой кредитной историей,219,166,microzaim,,
микрозайм на карту онлайн без процентов t_me_top_zaim24,219,106,microzaim,,
микрозаймов рейтинг онлайн,218,313,microzaim,,
займ под автомобиль онлайн,218,234,microcredit,,
микрозайм взять онлайн на карту без отказа вам одобрено,218,222,microzaim,,
рефинансирование микрозаймов с просрочками вам одобрено,218,220,microzaim,,
займ на карту без регистрации срочно,218,199,microcredit,,
екапуств,217,720,zaim,,
рефинансирование микрозаймов с просрочками онлайн,217,275,microzaim,,
микрозайм с просрочками и плохой кредитной историей кредит экспресс,217,230,microzaim,,
микрозайм с 20 лет,217,188,microzaim,,
микрозайм без отказа всем creditulka,217,114,microzaim,,
микрозайм на карту кредит экспресс,216,221,microzaim,,
микрозайм онлайн credit-xpress,216,217,microzaim,,
взять микрозайм без карты,216,191,microzaim,,
займ на карту срочно безработным,216,148,microzaim,,
оформить микрозайм онлайн по паспорту,215,332,microzaim,,
займ на банковский счет без отказа,215,286,microzaim,,
100 микрозайм,215,263,microzaim,,
микрозайм личный кабинет войти,215,232,microzaim,,
что делать если нет денег платить микрозаймы,215,197,microzaim,,
займ на карту без процентов кредит экспресс,214,221,microzaim,,
зарубас личный кабинет микрозайм,214,218,microzaim,,
рефинансирование микрозаймов онлайн вам одобрено,214,216,microzaim,,
микрокредит с 18,214,160,microcredit,,
микрозайм на карту онлайн choosing best loan,213,423,microzaim,,
микрозайм кредит,213,255,microzaim,,
микрозайм на карту онлайн срочно без проверки,213,254,microzaim,,
займы на карту на 6 месяцев,213,165,microcredit,,
список всех микрозаймов на карту creditulka,213,99,microzaim,,
взять микрокредит с просрочками,212,275,microcredit,,
микрозайм безработным,212,204,microzaim,,
реструктуризация микрозаймов с просрочками онлайн без отказа,211,312,microzaim,,
микрозайм без процентов на карту онлайн choosing best loan,211,271,microzaim,,
сайт быстроденьги официальный,211,258,zaim,,
микрозайм круглосуточно,211,229,microzaim,,
микрозайм 0,211,206,microzaim,,
взять займ онлайн с 18 лет,211,176,microzaim,,
микрокредит на полгода,211,170,microcredit,,
микрозайм кз,210,283,microzaim,,
микрозайм лайкмани,210,220,microzaim,,
микрокредит с 18 лет,210,197,microcredit,,
небус личный кабинет микрозайм,209,349,microzaim,,
кредит без процентов на карту,209,267,zaim,,
микрозайм на 6 месяцев на карту,209,158,microzaim,,
лаймзайм в личный кабинет,208,376,zaim,,
микрозаймы на карту без отказа онлайн,208,226,zaim,,
микрозайм быстро вам одобрено,207,212,microzaim,,
микрозайм 24 7,205,180,microzaim,,
займ 18 лет на карту,205,162,microcredit,,
без отказа микрозайм на карту,204,296,microzaim,,
первый микрокредит без переплат,204,277,microcredit,,
микрозайм лайк мани,204,217,microzaim,,
микрозаймы без подтверждения личности,204,190,microzaim,,
микрозайм мгновенно круглосуточно без отказа,203,258,microzaim,,
микрокредит 100 тысяч,203,245,microcredit,,
список микрозаймов на карту,202,381,microzaim,,
долгосрочный займ онлайн на карту срочно,202,247,"microcredit;microzaim",,
микрозайм по номеру телефона без паспорта,202,188,microzaim,,
микрозайм безработным на карту,202,152,"microcredit;microzaim",,
отзывы про микрозайм завтра,202,148,microzaim,,
залог авто в ломбард,201,265,zaim,,
микрозайм 100000,201,247,microzaim,,
микрозайм без отказа creditulka.com/mfo/bez-otkaza,201,211,microzaim,,
микрозайм для белорусов,201,172,microzaim,,
отзывы про микрозайм к зиме,201,145,microzaim,,
микрозайм онлайн без процентов на карту мгновенно,200,347,microzaim,,
займ микрокредит,200,270,microcredit,,
микрозаймы топ лучших,200,265,microzaim,,
новые микрокредиты онлайн,200,251,microcredit,,
деньга микрозайм,200,212,microzaim,,
юкки вход,199,293,zaim,,
микрозайм корона,199,290,microzaim,,
список микрозаймов онлайн на карту без отказа choosingbestloan,199,221,microzaim,,
микрозайм 50000,198,279,microzaim,,
буустра,197,414,zaim,,
микрозайм на карту втб,197,164,microzaim,,
микрозаймы на полгода,196,268,microcredit,,
микрозайм на карту 100 одобрение,196,231,microzaim,,
микрозайм для граждан снг онлайн,196,181,microzaim,,
микрозайм 60000,196,142,microzaim,,
займ с переводом на банковскую карту,195,292,microcredit,,
кредиты на карту онлайн микрозайм choosingbestloan,194,213,microzaim,,
микрокредит без паспорта,194,160,microcredit,,
стратосфера микрозайм личный кабинет,193,261,microzaim,,
где дадут микрозайм без отказа,193,217,microzaim,,
отзывы про микрозайм сегодня,193,142,microzaim,,
микрозайм без процентов первый раз на карту t_me_top_zaim24,193,113,microzaim,,
бумтра,192,449,zaim,,
екапустп,192,418,zaim,,
микрозайм на несколько месяцев,192,418,microzaim,,
деньги на карту без паспорта,192,161,microzaim,,
мфо новые без отказа на карту только открывшиеся,191,277,zaim,,
подбор микрозайма creditulka,191,101,microzaim,,
микрокредит кз,190,264,microcredit,,
микрозайм с высоким одобрением,190,263,microzaim,,
микрозайм оформление через госуслуги,190,250,microzaim,,
топ микрозаймов онлайн на карту без отказа choosingbestloan,190,214,microzaim,,
онлайн займы без паспорта,190,168,microzaim,,
микрозайм без процентов bankneyva,190,145,microzaim,,
рейтинги микрозаймов,189,275,microzaim,,
аденбги личный кабинет,189,263,"microzaim;zaim",,
рсв коллекторское агентство,189,222,microcredit,,
банки микрозаймов на карту онлайн choosingbestloan,189,208,microzaim,,
микрозайм на карту без проверок вам одобрено,189,190,microzaim,,
микрозайм для пенсионеров на карту,189,180,microzaim,,
микрокредит круглосуточно,188,311,microcredit,,
микрозайм bankiros,188,309,microzaim,,
микрозайм доброзайм,188,206,microzaim,,
если не платить микрозайм что будет по закону,188,204,microzaim,,
рейтинг микрозаймов choosingbestloan,188,195,microzaim,,
взять микрозайм через госуслуги t_me_top_zaim24,188,96,microzaim,,
микрозайм круглосуточно на карту,187,241,microzaim,,
микрозайм на год онлайн на карту choosingbestloan,187,205,microzaim,,
микрозайм на карту онлайн кредит экспресс,187,191,microzaim,,
топ микрозаймов вам одобрено,187,189,microzaim,,
внимание антоха взял микрозайм песня,187,170,microzaim,,
рефинансирование микрозаймов онлайн без отказа с просрочками дистанционно,187,153,microzaim,,
займ на 12 месяцев онлайн,186,150,microcredit,,
микрозайм 1 займ без процентов,185,264,microzaim,,
взять микрозайм по номеру телефона,185,253,microzaim,,
микрозайм капуста,185,250,microzaim,,
займы денежных средств срочно,185,199,microzaim,,
микрозайм онлайн на карту без проверок вам одобрено,185,186,microzaim,,
микрозайм первый раз без процентов,184,377,microzaim,,
микрозайм под птс,184,247,microzaim,,
микрокредит онлайн казахстан,184,209,microcredit,,
микрозайм для ип онлайн,184,175,microzaim,,
микрокредиты на карту онлайн круглосуточно,184,150,microcredit,,
отзывы про микрозайм на выходных,184,143,microzaim,,
отзывы про микрозайм ночью,184,143,microzaim,,
оформить микрозайм t_me_top_zaim24,184,90,microzaim,,
займы онлайн на карту без процентов без отказа срочно,183,353,microzaim,,
микрозайм только по паспорту,183,330,microzaim,,
могут ли посадить за неуплату микрозаймов,183,252,microzaim,,
до зарплаты микрозаймы,183,245,zaim,,
получить микрозайм через госуслуги кредит экспресс,183,223,microzaim,,
микрозайм беларусь,183,216,microzaim,,
микрозайм для иностранных граждан снг,183,180,microzaim,,
отзывы про микрозайм весной,183,142,microzaim,,
отзывы про микрозайм осенью,183,140,microzaim,,
деньги быстро быстро,182,216,microcredit,,
приходят смс от микрозаймов что делать,182,197,microzaim,,
микрозайм 24,182,185,microzaim,,
микрозайм до зарплаты кредит экспресс,182,184,microzaim,,
взять микрозайм онлайн на банковскую карту choosingbestloan,181,201,microzaim,,
микрокредит на карту вам одобрено,181,182,microcredit,,
микрозайм на карту онлайн ru.choosingbestloan.com,180,221,microzaim,,
микрозайм онлайн на карту без паспорта choosingbestloan,180,199,microzaim,,
каталог микрозайм офлайн,180,160,microzaim,,
микрозайм онлайн для граждан снг,180,152,microzaim,,
отзывы про микрозайм к лету,180,147,microzaim,,
микрозайм 24 часа на карту,180,146,microzaim,,
микрозайм с 18 лет без отказа,180,141,microzaim,,
отзывы про микрозайм 2025,180,136,microzaim,,
отзывы про микрозайм утром,180,136,microzaim,,
где взять деньги под залог авто,178,232,zaim,,
взять займ 18 лет,178,193,microzaim,,
микрозайм гражданам снг,178,181,microzaim,,
взять микрозайм безработному,178,155,microzaim,,
bistrodengi личный,177,384,zaim,,
квику ру,177,310,zaim,,
взять микрокредит с плохой кредитной историей,177,196,microcredit,,
микрозайм 5000 рублей,177,171,microzaim,,
займ на карту снг,177,149,microzaim,,
микрозайм на киви кошелек,177,144,microzaim,,
отзывы про микрозайм днем,177,139,microzaim,,
взять микрозайм на карту без отказа онлайн micro-zaim-online,176,170,microzaim,,
займ честное слово,175,224,microcredit,,
займы на карту онлайн микрозайм choosingbestloan,175,203,microzaim,,
лучший микрозайм на карту онлайн отзывы choosingbestloan,175,196,microzaim,,
микрозайм с любой кредитной историей,175,168,microzaim,,
папазайм личный,175,165,zaim,,
микрозайм для снг,175,148,microzaim,,
микрозайм онлайн на банковскую карту t_me_top_zaim24,175,83,microzaim,,
залог под птс онлайн,174,273,zaim,,
микрозаймы без отказа онлайн,174,203,zaim,,
безотказный микрозайм,174,151,microzaim,,
онлайн займ моментально на карту,173,314,microzaim,,
где взять деньги для погашения микрозаймов,173,245,microzaim,,
топ 100 микрозаймов,173,238,microzaim,,
микрозайм без прописки в паспорте,173,142,microzaim,,
микрозайм на карту без процентов bankneyva,173,142,microzaim,,
займ 5000 рублей срочно,173,138,microzaim,,
микрозайм с ежемесячным платежом,172,208,microzaim,,
где взять микрозайм с плохой кредитной историей кредит экспресс,172,176,microzaim,,
микрозайм без процентов на первый займ на карту,171,291,microzaim,,
займ онлайн микрозайм,171,229,microzaim,,
получить микрозайм на карту срочно,171,179,"microzaim;zaim",,
отзывы про микрозайм в 2024,171,140,microzaim,,
микрозайм 18 лет,171,139,microzaim,,
микрокредит безработным,171,119,microcredit,,
займ через госуслуги на карту кредит экспресс,170,173,microcredit,,
микрозайм с просрочками вам одобрено,169,180,microzaim,,
займу срочно микрозайм,169,178,microzaim,,
взять микрозайм онлайн без карты choosingbestloan,169,175,microzaim,,
быстроденьги микрозайм play.google.com,169,171,microzaim,,
займы без отказа без проверки безработным,169,129,microzaim,,
отменить подписку на платные услуги микрозайм 24,169,106,microzaim,,
список микрозаймов онлайн на карту t_me_top_zaim24,169,79,microzaim,,
микрозайм 20000,168,208,microzaim,,
как избавиться от долгов по микрозаймам,168,194,microzaim,,
микрозайм с плохой кредитной историей и открытыми просрочками кредит экспресс,168,189,microzaim,,
оформить микрозайм с плохой кредитной историей,168,187,microzaim,,
микрозайм альфа,168,141,microzaim,,
микрозаймы безработным без отказа,168,122,microcredit,,
микрозайм лучшие компании,167,297,microzaim,,
микрозайм казахстане,167,194,microzaim,,
что будет если не отдавать микрозайм,167,190,microzaim,,
микрозайм на карту для граждан снг,167,145,microzaim,,
микрозайм на карту по телефону creditulka,167,89,microzaim,,
микрозайм всем,166,395,microzaim,,
триумвират микрозайм,166,286,microzaim,,
где 100 дадут займ,166,277,microzaim,,
займи ру,166,274,zaim,,
оформить рефинансирование микрозаймов,166,266,microzaim,,
микрозайм онлайн без карты ru.choosingbestloan.com,166,203,microzaim,,
займ 5 тысяч рублей онлайн на карту,166,198,microzaim,,
дополучкино микрозайм,166,190,microzaim,,
взять микрозайм bistrodengi.ru,166,169,microzaim,,
онлайн займы до зарплаты,166,151,microcredit,,
займ на карту мгновенно круглосуточно мфо,166,140,microzaim,,
микрозайм сбербанка на карту,166,140,microzaim,,
где взять микрозайм с временной регистрацией,166,127,microzaim,,
каталог микрозайм самовывоз,166,108,microzaim,,
микрозайм финуслуги,165,171,microzaim,,
взять микрозайм на карту с плохой кредитной историей,165,168,microzaim,,
микрозаймы без отказа онлайн на карту,165,154,microcredit,,
круглосуточные микрозаймы на карту без проверки,165,123,zaim,,
микрокредит 18 лет,165,121,microcredit,,
микрозайм без процентов кредит экспресс bankneyva,165,118,microzaim,,
оформить микрозайм по номеру телефона,164,223,microzaim,,
микрозайм 3000,164,193,microzaim,,
автозайм онлайн,164,183,zaim,,
микрозаймы для безработных,164,126,microcredit,,
микрокредиты на карту за 5,164,125,microcredit,,
онлайн займы безработным,164,120,microzaim,,
взять микрокредит на карту через интернет,163,329,microcredit,,
взять микрозайм онлайн по паспорту,163,261,microzaim,,
взять микрозайм онлайн с плохой кредитной историей,163,249,microzaim,,
микрозаймы онлайн на карту без процентов,163,210,zaim,,
кредит онлайн микрозайм на карту,163,167,microzaim,,
микрозайм для пенсионеров без отказа,163,152,microzaim,,
микрозайм для белорусов в москве,163,133,microzaim,,
можно ли получить микрозайм без паспорта,163,127,microzaim,,
взять займ безработному без отказа,163,123,microcredit,,
кредит с плохой кредитной историей без отказа на карту срочно,163,90,zaim,,
где взять деньги на закрытие микрозаймов,162,232,microzaim,,
микрозайм 15000,162,210,microzaim,,
микрозайм одобрение 100,162,208,microzaim,,
микрозайм на карту credit xpress,162,163,microzaim,,
микрозайм на карту credit-xpress,162,162,microzaim,,
микрозайм 24/7,162,127,microzaim,,
микрозайм безработным онлайн,162,121,microzaim,,
срочный займ онлайн до зарплаты,162,120,microcredit,,
оформление микрозайма онлайн,161,355,microzaim,,
альфа банк микрозайм,161,205,microzaim,,
топ 10 микрозаймов,161,204,microzaim,,
микрозайм под залог авто онлайн,161,192,microzaim,,
микрозайм без процентов не_мой_сайт.рф,161,167,microzaim,,
микрозайм онлайн круглосуточно без процентов,161,129,microzaim,,
взять займ по белорусскому паспорту,161,119,microzaim,,
микрозайм без процентов на карту онлайн первый,160,642,microzaim,,
займ на карту онлайн без паспорта,160,231,microcredit,,
микрозайм без процентов на карту онлайн первый choosingbestloan,160,187,microzaim,,
микрозайм без процентов на 30 дней кредит экспресс,160,165,microzaim,,
честное слово микрозайм,160,155,microzaim,,
взять микрозайм 15000,160,148,microzaim,,
микрозайм студентам на карту,160,148,microzaim,,
займы онлайн 3000,160,126,microzaim,,
микрозайм гражданам армении,160,122,microzaim,,
получить займ гражданам снг,160,120,microcredit,,
небус займы,159,358,microzaim,,
микрозайм без процентов на карту 30 дней,159,330,microzaim,,
аденьги ру,159,329,zaim,,
займ рефинансирование микрозаймов,159,234,microzaim,,
взять микрозайм без процентов первый раз на карту,159,204,microzaim,,
микрозайм взять онлайн на карту без отказа choosingbestloan,159,186,microzaim,,
микрозайм с плохой кредитной,159,185,microzaim,,
микрозайм онлайн круглосуточно,159,125,microzaim,,
займ онлайн на карту сбербанка срочно без отказа круглосуточно,159,122,microzaim,,
микрозайм безработным онлайн на карту,159,117,microzaim,,
краткосрочный микрозайм,159,115,microzaim,,
микрозайм без отказа с плохой кредитной историей без проверок срочно на карту мгновенно,159,96,microzaim,,
срочно взять микрозайм,158,445,microzaim,,
микрокредит на долгий срок,158,188,microcredit,,
микрокредит с 19 лет,158,125,microcredit,,
где взять микрозайм безработному,158,119,microzaim,,
займ онлайн с 18 без отказа,158,115,microzaim,,
микрозайм наличными по паспорту,157,214,microzaim,,
деньги микрокредит,157,166,microcredit,,
онлайн займ через госуслуги кредит экспресс,157,159,microcredit,,
займы по телефону онлайн круглосуточно,157,120,microzaim,,
микрозайм онлайн карта альфа choosingbestloan,156,174,microzaim,,
микрозайм на карту онлайн круглосуточно,156,136,microzaim,,
круглосуточный микрозайм,156,123,microzaim,,
микрозайм на карту с 18 лет,156,123,microzaim,,
микрокредит от 18 лет,156,123,microcredit,,
микрозайм без кредитной истории онлайн,156,120,microzaim,,
микрозайм онлайн без процентов bankneyva,156,120,microzaim,,
микрозайм на озон карту,156,119,microzaim,,
взять займ на номер телефона мгновенно,156,117,microcredit,,
рокетмэн личный кабинет,155,239,zaim,,
как списать долги по микрозаймам,155,201,microzaim,,
деньги займ на карту без процентов онлайн,155,186,microcredit,,
микрозайм 1530705 от 0.1% до 0.4%,155,185,microzaim,,
что могут сделать коллекторы с должником за неуплату микрозайма,155,184,microzaim,,
что будет если не заплатить микрозайм,155,148,microzaim,,
микрозайм с ужасной кредитной историей,155,141,microzaim,,
микрозайм онлайн без паспорта,155,134,microzaim,,
микрозайм без места работы,155,119,microzaim,,
как занять деньги онлайн на карту сбербанка,155,116,microzaim,,
микрозайм на карту онлайн без процентов bankneyva,155,116,microzaim,,
деньги студентам в долг на карту,155,115,microzaim,,
микрозайм на карту с 18,155,114,microzaim,,
рейтинг микрозаймов на карту онлайн,154,1125,microzaim,,
микрозайм 1 личный кабинет,154,170,microzaim,,
что делать если не можешь вернуть микрозайм,154,121,microzaim,,
микрозайм на юмани кошелек,154,120,microzaim,,
микрозайм студентам онлайн,154,119,microzaim,,
взять микрозайм пенсионеру,154,117,microzaim,,
получить микрозайм на счет,154,116,microzaim,,
быстрые деньги онлайн на карту сбербанка,154,115,microzaim,,
микрозайм неработающим,154,115,microzaim,,
оформить микрозайм онлайн на карту сбербанка,154,115,microzaim,,
онлайн займ на карту без работы,154,114,microzaim,,
как взять микрозайм онлайн по паспорту,153,251,microzaim,,
деньги микрозайм,153,240,microzaim,,
микрозайм на карту онлайн срочно без choosingbestloan,153,203,microzaim,,
калькулятор микрозайма онлайн,153,186,microzaim,,
а деньги вход в личный,153,168,zaim,,
микрозайм золотая корона,153,163,microzaim,,
микрозайм круглосуточно без процентов,153,128,microzaim,,
микрозайм первый без процентов bankneyva,153,119,microzaim,,
микрозайм 200000,153,118,microzaim,,
микрозайм на месяц онлайн,153,117,microzaim,,
бесплатный займ на карту сбербанка,153,116,microzaim,,
взять микрозайм без процентов первый раз bankneyva,153,116,microzaim,,
займы от 2000 рублей,153,116,microzaim,,
как получить микрозайм по паспорту,153,114,microzaim,,
микрокредит за 15 минут,153,114,microcredit,,
микрокредит 24 часа,153,113,microcredit,,
микрозайм на банковский счет онлайн,153,112,microzaim,,
взять микрозайм через интернет на карту,152,278,microzaim,,
как проверить наличие микрозаймов,152,192,microzaim,,
микрозайм срочно на карту,152,192,microzaim,,
микрозайм топ choosingbestloan,152,156,microzaim,,
что будет если не погасить микрозайм,152,146,microzaim,,
где взять микрозайм с плохой кредитной историей без отказа на карту можно сегодня,152,126,"microzaim;zaim",,
микрозайм студенту без работы с 18 лет,152,119,microzaim,,
микрокредиты с 18 лет,152,119,microcredit,,
срочный займ до зарплаты,152,119,microzaim,,
займы онлайн на 6 месяцев,152,117,microcredit,,
займ онлайн с 18 лет срочно,152,115,microcredit,,
займы безработным с 18 лет на карту,152,114,microcredit,,
быстрый займ через интернет на карту сбербанка,152,113,microzaim,,
микрозайм онлайн на банковскую карту micro-zaim-online,152,109,microzaim,,
топ микрозаймов на карту,151,679,microzaim,,
авто под залог онлайн,151,228,zaim,,
как избавиться от микрозаймов если платить нечем,151,197,microzaim,,
личный кабинет а деньги войти,151,143,zaim,,
микрозайм на расчетный счет,151,140,microzaim,,
микрозайм на киви,151,139,microzaim,,
микрозайм с 19 лет,151,134,microzaim,,
микрозайм на карту пенсионерам,151,118,microzaim,,
займ снг на карту,151,116,microzaim,,
срочный микрозайм онлайн до зарплаты,151,116,microzaim,,
мгновенный микрозайм на карту сбербанка,151,115,microzaim,,
срочный займ безработным,151,113,microzaim,,
топ микрозаймов без процентов,150,383,microzaim,,
микрокредит для ип,150,176,microcredit,,
акшамат кз,150,163,microcredit,,
новый микрозайм онлайн,150,156,microzaim,,
что делать если много микрозаймов и нечем платить,150,148,microzaim,,
займ на карту без отказа для граждан снг,150,116,microzaim,,
микрозайм без документов онлайн,150,114,microzaim,,
рефинансирование микрозаймов с плохой кредитной историей и просрочками,149,169,microzaim,,
партнерская программа микрозаймов,149,143,microzaim,,
микрозайм первый раз без процентов bankneyva,149,114,microzaim,,
микрозаймы на карту с 18 лет,149,113,microzaim,,
микрозайм без процентов на карту мгновенно онлайн без отказа с плохой кредитной,148,310,microzaim,,
как взять микрозайм по паспорту,148,240,microzaim,,
оформить микрозайм по паспорту онлайн,148,226,microzaim,,
получить займ без отказа на карту,148,192,microzaim,,
микрозайм без,148,185,microzaim,,
банк микрозайм онлайн на карту choosingbestloan,148,166,microzaim,,
рефинансирование микрозаймов с плохой кредитной,148,163,microzaim,,
микрозайм без процентов на карту bistrodengi.ru,148,154,microzaim,,
надежный микрозайм на карту,148,122,microzaim,,
как выйти из долгов микрозаймов,148,114,microzaim,,
микрозайм безработным по паспорту,148,114,microzaim,,
микрозаймы на банковский счет,148,114,microzaim,,
онлайн займ пенсионерам,148,113,microzaim,,
микрозайм 30000 рублей на 30 дней,148,60,microzaim,,
деньга ру,147,238,zaim,,
взять займ микрозайм,147,235,microzaim,,
микрозайм ноль процентов,147,181,microzaim,,
как узнать все долги по микрозаймам,147,177,microzaim,,
микрозайм по паспорту вам одобрено,147,148,microzaim,,
микрозайм смс,147,116,microzaim,,
срочно взять микрозайм на карту сбербанка,147,112,microzaim,,
микрокредит онлайн круглосуточно,147,111,microcredit,,
займ на юмани без проверок срочно,147,109,microzaim,,
кредит 7 личный кабинет войти в личный кабинет,146,330,zaim,,
лучшие микрокредиты,146,205,microcredit,,
что будет если не оплатить микрозайм,146,155,microzaim,,
как оформить микрозайм выберу ру,146,137,microzaim,,
долги по микрозаймам что делать платить нечем,146,132,microzaim,,
рефинансирования микрозаймов онлайн срочно,146,116,microzaim,,
деньги сразу официальный сайт,145,216,zaim,,
микрозайм онлайн на карту без отказа мгновенно вам одобрено,145,184,microzaim,,
микрозаймы без процентов онлайн,145,179,microzaim,,
займ по паспорту на карту без фото,145,171,microzaim,,
микрозайм на карту без процентов кредит экспресс,145,154,microzaim,,
100 займы на карту без отказа,145,150,microzaim,,
займы онлайн на карту до года,145,134,microcredit,,
как взять микрозайм по телефону,144,216,microzaim,,
микрозайм сразу,144,188,microzaim,,
микрозайм без фото лица,144,186,microzaim,,
микрозайм через госуслуги вам одобрено,144,165,microzaim,,
что делать если погряз в микрозаймах,144,136,"microcredit;microzaim",,
микрокредиты круглосуточно,144,109,microcredit,,
где взять деньги на погашение микрозаймов,143,216,microzaim,,
где занять денег срочно на карту без отказа,143,163,zaim,,
альфа банк микрозайм на карту онлайн choosingbestloan,143,162,microzaim,,
микрозайм онлайн на карту срочно круглосуточно,143,111,microzaim,,
микрозайм онлайн юлонс,143,67,microzaim,,
займ на карту онлайн без фото паспорта,142,229,microzaim,,
деньги на карту быстро,142,190,zaim,,
займы онлайн первый без процентов,142,165,microcredit,,
взять микрозайм на карту онлайн быстро choosingbestloan,142,162,microzaim,,
микрокредит на 6 месяцев без отказа,142,157,microcredit,,
рейтинг онлайн микрозаймов choosingbestloan,142,146,microzaim,,
антоха взял микрозайм песня,142,138,microzaim,,
взять микрозайм без проверок t_me_top_zaim24,142,70,microzaim,,
микрозайм онлайн your-loans,142,66,microzaim,,
микрозайм на карту сбербанка онлайн без процентов первый раз,141,281,microzaim,,
срочный микрозайм,141,275,microzaim,,
оформить микрозаем,141,253,"microcredit;microzaim",,
микрозайм 2000 рублей,141,218,microzaim,,
как избавиться от микрозаймов,141,176,microzaim,,
микрозайм в сбербанке онлайн на карту choosingbestloan,141,157,microzaim,,
микрозайм круглосуточно на карту быстро,141,108,microzaim,,
микрозайм на карту micro-zaim-online,141,107,microzaim,,
микрозайм по паспорту на карту,140,240,microzaim,,
кредит онлайн без процентов,140,189,zaim,,
микрозайм на виртуальную карту,140,186,microzaim,,
микрозайм без подтверждения личности на карту,140,176,microzaim,,
займ на карту со 100 одобрением,140,171,microzaim,,
микрозайм без процентов на карту не_мой_сайт.рф,140,146,microzaim,,
что делать если много займов,140,137,microzaim,,
онлайн кредит на полгода,140,126,microcredit,,
микрозайм онлайн you lons,140,69,microzaim,,
микрозайм первый займ,139,339,microzaim,,
взять микрозайм на карту без отказа онлайн за 5 минут,139,216,microzaim,,
где взять займ срочно без отказа,139,166,microcredit,,
telegram казахстан микрозайм на карту,139,148,microzaim,,
онлайн займы 100 одобрение,139,142,microcredit,,
как оформить микрозайм выберу,139,135,microzaim,,
взять микрозайм на карту без отказа с плохой кредитной,139,110,microzaim,,
взять микрозайм на карту круглосуточно,139,110,microzaim,,
каталог микрозайм в наличии,139,102,microzaim,,
denginadom,138,247,zaim,,
оформить микрокредит онлайн на карту,138,207,microcredit,,
юкки займер,138,164,zaim,,
как закрыть займ,138,142,microcredit,,
микрозайм be$t~cho!s,138,140,microzaim,,
взять займ на юмани виртуальную карту,138,132,microzaim,,
что делать если не можешь платить микрозаймы,138,130,microcredit,,
микрозайм без списания с карты,138,112,microzaim,,
взять микрозайм онлайн на карту t_me_top_zaim24,138,68,microzaim,,
оставить заявку на микрозайм,137,289,microzaim,,
небус микрозайм,137,274,microzaim,,
взять займ денег онлайн,137,220,microzaim,,
микрозайм а деньги,137,195,microzaim,,
микрозайм 4000,137,188,microzaim,,
микрозайм на карту без отказа micro-zaim-online,137,100,microzaim,,
микрозайм онлайн your loans,137,63,microzaim,,
вебзайм вход,136,321,zaim,,
небус займы займ личный кабинет,136,198,microzaim,,
берубери личный кабинет,136,181,zaim,,
долгосрочный микрозайм на карту,136,181,microzaim,,
микрозайм без процентов на карту онлайн ru.choosingbestloan.com,136,166,microzaim,,
микрозайм без процентов на карту 24рсб,136,127,microzaim,,
микрозайм eqzaim.ru,135,210,microzaim,,
микрозайм лучшие,135,169,microzaim,,
микрозайм через госуслуги bistrodengi.ru,135,139,microzaim,,
займ онлайн на карту без отказа через госуслуги,135,127,microcredit,,
микрозайм без процентов на карту rsb24,135,126,microzaim,,
экофинанс микрозайм личный кабинет,134,205,microzaim,,
сайт микрозаймов,134,185,microzaim,,
что будет если не платить микрокредиты,134,108,microcredit,,
кредит под птс с плохой кредитной историей,133,139,zaim,,
займы на карту через госуслуги кредит экспресс,133,136,microzaim,,
быстрые деньги на карту онлайн без отказа,133,116,zaim,,
микрозаймы со 100 процентным одобрением,132,190,zaim,,
займы 100 одобрения,132,173,microzaim,,
деньги быстро на карту,130,205,zaim,,
займ на год без отказа,130,204,microcredit,,
микрокредиты казахстан,130,156,microcredit,,
где взять микрокредит,130,154,microcredit,,
займ на карту через интернет,130,126,microzaim,,
займ на карту с 18 лет без отказа на карту,130,98,microzaim,,
быстроденьги займ официальный сайт,129,263,microzaim,,
займ без процентов экспресс,129,250,microzaim,,
кенго микрокредит,129,177,microcredit,,
оформить займ по телефону на карту,129,136,microzaim,,
займ 5000 на карту без отказа,129,130,microzaim,,
займ на карту rsb 24,129,31,microzaim,,
turbomoney микрокредит,128,263,microcredit,,
100 процентное одобрение займа,128,190,microzaim,,
freedom finance микрокредит онлайн,128,168,microcredit,,
freedom finance микрокредит,128,167,microcredit,,
тезфинанс кредит,128,163,microcredit,,
где можно взять онлайн займ,128,147,microzaim,,
займ без отказа на карту срочно с плохой кредитной историей,128,123,microzaim,,
взять займ на карту по номеру телефона,127,135,microzaim,,
что делать если взял займ а платить нечем,127,123,microzaim,,
как избавиться от займов если платить нечем,127,118,microzaim,,
займ онлайн без фото карты,126,138,microzaim,,
до зр,126,126,microcredit,,
взять микрозайм на карту через госуслуги,126,123,"microcredit;zaim",,
где можно взять микрокредит,124,195,microcredit,,
взять 2000 рублей срочно,124,171,microzaim,,
микрокредит быстро,122,248,microcredit,,
первый займ беспроцентный,122,150,microzaim,,
займ на карту через госуслуги без отказа срочно,122,120,microzaim,,
долг по микрозайму что делать,121,115,microzaim,,
первый заем бесплатно для всех на карту,120,151,microcredit,,
первый займ под ноль,120,134,microzaim,,
набрала займов а платить нечем что делать,120,111,microzaim,,
займ 0 на карту,119,138,microzaim,,
как погасить микрозаймы если их много и ты уже в тупике,118,110,microzaim,,
корона взять займ,117,147,microcredit,,
умные наличные вход,117,138,zaim,,
займ на карту без отказа новые компании,117,133,microzaim,,
микрокредит за 5 минут,116,159,microcredit,,
деньги взаймы на карту срочно без отказа,116,126,microzaim,,
займы где 100 процентов одобрят,116,122,microzaim,,
получить займ на карту без отказа без проверки мгновенно с плохой кредитной историей,116,103,microzaim,,
мфо rsb,116,84,zaim,,
займы онлайн рейтинг,115,1056,microzaim,,
получение займа онлайн,115,211,microcredit,,
микрозайм взять онлайн на карту,114,263,zaim,,
ақшамат,114,154,microcredit,,
лучшие займы с плохой кредитной историей,114,118,microcredit,,
займ без процентов и отказа,113,156,microzaim,,
онлайн займ под 0 процентов,113,135,microzaim,,
займ срочно без отказа с плохой кредитной взять на карту,113,116,microcredit,,
взять микрозайм на банковскую карту,112,160,zaim,,
срочный займ с плохой,112,107,"microcredit;microzaim",,
ëкапуста,111,220,zaim,,
сравни ру займ на карту,109,230,microzaim,,
как взять микрокредит,109,146,microcredit,,
займ казахстан онлайн,107,111,microcredit,,
микрозайм с плохой кредитной историей и открытыми просрочками на карту без отказа срочно,107,72,zaim,,
менимен личный кабинет,106,158,zaim,,
dm lombard,106,141,microcredit,,
взять займ онлайн без селфи,106,128,microzaim,,
где взять срочный займ без отказа,106,122,microcredit,,
мкк стратосфера что за займ,105,426,microzaim,,
быстрые онлайн займы без карты,105,77,microzaim,,
кредит семь личный кабинет,104,138,zaim,,
целевые финансы вход в личный кабинет,104,121,zaim,,
получение кредита для ооо,104,114,zaim,,
быстроденьги займы,103,243,microzaim,,
микрокредит алматы,103,203,microcredit,,
микрокредиты в казахстане,103,141,microcredit,,
взять займ без паспорта на карту без отказа,103,110,microzaim,,
кредитный займ онлайн,102,279,microzaim,,
микрокредиты без процентов,102,135,microcredit,,
микрокредит сайт,102,105,microcredit,,
деньги до зп на карту рассмотрение мгновенно,101,118,zaim,,
онлайн калькулятор микрозайма,101,118,microcredit,,
оформить займ мгновенно на карту без отказа,101,116,microcredit,,
все микрозаймы россии,100,176,microzaim,,
микрокредит онлайн на карту срочно,100,147,microcredit,,
взять деньги в займы онлайн на карту,99,163,microzaim,,
рефинансировать мфо,99,136,zaim,,
кредит под залог машины москва,99,119,zaim,,
микрозаймы с беспроцентным периодом,99,113,microcredit,,
микрокредиты онлайн на карту срочно без отказа,99,103,microcredit,,
займ онлайн на карту без фото лица с паспортом,99,93,microzaim,,
микрокредиты без отказов на карту срочно,98,196,microcredit,,
микрокредит без отказа на карту,98,101,"microcredit;microzaim",,
микрозаймы онлайн по паспорту,97,285,"microcredit;microzaim",,
неизвестные мфо и мкк,97,215,zaim,,
взять займ микрокредит,97,166,microcredit,,
корона кредит,97,119,zaim,,
как проверить свои микрозаймы,97,110,microcredit,,
займ через госуслуги онлайн на карту,97,60,microzaim,,
займ срочно без фото,96,177,microzaim,,
займ без работы без отказа на карту,96,148,microcredit,,
как узнать все задолженности по микрозаймам,96,107,microcredit,,
онлайн банк займ,96,102,"microcredit;microzaim",,
вивас,95,241,zaim,,
микрозайм без процента,95,184,microcredit,,
микрокредит оформить,95,160,microcredit,,
получить займ на карту через интернет,95,157,microzaim,,
займы с большим одобрением,95,135,microzaim,,
где взять микрокредит без отказа,95,113,microcredit,,
займ мани мен,94,254,microcredit,,
эквозайм личный,94,188,zaim,,
небус мкк,94,157,microzaim,,
лучший микрозайм,94,147,zaim,,
микрозайм по паспорту на карту онлайн,94,121,zaim,,
деньги под залог авто онлайн без посещения,94,116,zaim,,
микрозайм без селфи,94,106,zaim,,
что будет если не платить микрокредит,94,69,microcredit,,
оформить займ на карту деньги,93,160,microcredit,,
микрокредит срочно,93,129,microcredit,,
рефинансирование займов микрофинансовых организаций онлайн,93,118,microzaim,,
микрокредит срочно на карту,93,96,microcredit,,
рефинансирования микрокредитов,93,79,microcredit,,
в долг займ онлайн,92,153,microcredit,,
онлайн заявка на займы на карту,92,110,microcredit,,
микрокредит промокод,92,58,microcredit,,
займы на карту всем,91,81,microcredit,,
пко рсв личный кабинет,91,67,microcredit,,
микрозаймы на виртуальную карту,90,140,zaim,,
как проверить задолженность по микрокредитам,90,95,microcredit,,
деньги под кредитный автомобиль,89,117,zaim,,
микрокредит на карту срочно вебзайм,89,95,microcredit,,
микрокредит онлайн на карту вам одобрено,89,90,microcredit,,
как оформляется микрозайм онлайн,88,146,microcredit,,
займ на карту корона онлайн,88,106,microcredit,,
микрокредит на несколько месяцев,87,143,microcredit,,
микрозайм онлайн москва,87,128,microcredit,,
рефинансирование микрозаймов с просрочками кто рефинансирует,87,115,zaim,,
займ для иностранных граждан снг на карту без отказа,87,106,microzaim,,
микрокредиты на карту без отказа без проверки,87,95,microcredit,,
papa zaim личный кабинет,87,83,zaim,,
срочно займ с плохой кредитной историей,87,76,microcredit,,
микрозайм как взять,86,178,microcredit,,
koke kz микрокредит,86,130,microcredit,,
деньги маркет микрокредит,86,110,microcredit,,
простой вопрос лк,86,107,zaim,,
микрокредит через госуслуги кредит экспресс,86,87,microcredit,,
bastai,86,81,microcredit,,
небу займ личный,85,181,microzaim,,
микрокредит на 30 дней,85,160,microcredit,,
nebus личный кабинет,85,159,zaim,,
микрозайм за 5 минут на карту,85,131,zaim,,
вебзайм вход в личный кабинет,85,104,zaim,,
оформить займ наличными онлайн без отказа,85,103,microcredit,,
займ без фоток,85,81,microzaim,,
что если не платить микрозаймы,85,81,microzaim,,
заим казахстан,84,145,microcredit,,
бинни моней,84,122,zaim,,
займ денег без процентов сразу на карту,84,118,microzaim,,
какие есть займы онлайн на карту взять быстро,84,114,microzaim,,
микрокредит до зп,84,98,microcredit,,
взять кредит займ на карту быстро,84,97,microzaim,,
взять микрокредит срочно,83,122,microcredit,,
деньги на карту по паспорту,83,100,zaim,,
как взять микрокредит через госуслуги,83,97,microcredit,,
микрокредит без фото,83,97,microcredit,,
взять займ с временной регистрацией,83,96,microzaim,,
под 0,83,91,zaim,,
если нечем платить микрозаймы что делать,83,89,microzaim,,
как проверить микрокредиты,83,89,microcredit,,
что будет если не платить микрозаймы взятые,83,73,microzaim,,
adengi ru,82,160,microzaim,,
онлайн заявка на микрозайм на карту,82,156,microcredit,,
взять деньги по паспорту,82,105,microzaim,,
микрокредит для граждан снг,82,105,microcredit,,
взять микрозайм без процентов на карту,82,101,zaim,,
neo credit kz личный кабинет,82,93,microcredit,,
как узнать все мои займы по микрокредитам,82,91,microcredit,,
papa zaim,82,91,zaim,,
как взять микрокредит онлайн,81,153,microcredit,,
микрокредит оформить онлайн,81,149,"microcredit;microzaim;zaim",,
взять онлайн займы на карту сразу,81,143,microzaim,,
онлайн кредит под залог авто на карту,81,130,zaim,,
какие микрозаймы дают с плохой кредитной историей,81,53,microcredit,,
займ для иностранных граждан в москве онлайн на карту,80,112,microzaim,,
займы с высокой вероятностью одобрения,80,112,microzaim,,
займы на юмани кошелек,80,111,microzaim,,
быстрые займы онлайн с плохой кредитной историей,80,101,microzaim,,
микрокредит онлайн без отказа срочно,80,80,microcredit,,
займы на 12 месяцев,80,73,microcredit,,
что будет если не оплатить микрозайм во время,80,66,microcredit,,
бусьра личный кабинет,79,128,zaim,,
нео кредит микрокредит,79,119,microcredit,,
срочно получить микрокредит,79,90,microcredit,,
взять микрокредит оренбург,79,87,microcredit,,
деньги в залог птс в спб,79,87,zaim,,
что будет если не отдавать микрозаймы,79,81,microzaim,,
рефинансирование микрокредитов вам одобрено,79,80,microcredit,,
что будет если не вернуть займ,79,69,microzaim,,
что будет если не оплачивать займы,79,64,microzaim,,
микрокредит без проверок pdlbank,79,33,microcredit,,
микрозайм 14 лет оформить,78,106,microcredit,,
микрозаймы оформить онлайн,78,102,microcredit,,
онлайн займы рейтинг,78,85,microcredit,,
взять кредит без фото паспорта,78,76,microzaim,,
юкизайм,77,172,zaim,,
взять микрокредит без фото с паспортом,77,108,microcredit,,
займер оплата,77,96,microcredit,,
взять займ на карту срочно без проверок на карту,77,88,microzaim,,
микрокредиты finance,77,77,microcredit,,
тенгебай займ микрокредит,76,285,microcredit,,
кредит на рефинансирование микрозаймов,76,102,microcredit,,
онлайн займ по паспорту на карту,76,96,microzaim,,
квикт,76,94,zaim,,
получить займ без отказа на карту мгновенно,76,89,microcredit,,
долгосрочные онлайн займы,76,86,microcredit,,
микрокредит до зарплаты на карту,76,83,microcredit,,
микрокредит оформить онлайн в лобне через интернет,76,80,microcredit,,
как проверить микрокредиты задолженности,76,78,microcredit,,
займ онлайн без отказа онлайн,76,75,microcredit,,
если не платить займ что будет,76,66,"microcredit;microzaim",,
что будет если не платить по займам,76,62,microcredit,,
займы микрокредиты,75,201,microcredit,,
где можно взять займ на карту онлайн,75,90,microcredit,,
взять микрокредит на карту через интернет не дома,75,82,microcredit,,
взять микрокредит онлайн для несовершеннолетнего,75,81,microcredit,,
дмитрий можно взять микрокредит,75,80,microcredit,,
микрокредит взять онлайн,74,119,microcredit,,
взять срочно займ быстро онлайн,74,116,microcredit,,
микрозаймы официальный сайт,74,90,microzaim,,
как быстро погасить микрозаймы если их много,74,81,microcredit,,
взять микрокредит оренбург без карты,74,79,microcredit,,
где можно взять микрокредит с досрочным погашением,74,77,microcredit,,
микрозаймы что будет если не платить,74,59,microzaim,,
займ до 200000 рублей без отказа,74,41,microzaim,,
микрокредит онлайн на карту без отказа boostra,73,117,microcredit,,
взять кредит онлайн на карту без процентов,73,100,microzaim,,
автоломбард под залог птс авто,73,99,zaim,,
заявка на микрозаем,73,99,"microcredit;microzaim",,
бз микрокредит,73,89,microcredit,,
корона пэй телефон взять микрокредит срочно,73,87,microcredit,,
как посмотреть микрозаймы,73,86,microcredit,,
взять микрокредит без отказов без процентов,73,85,microcredit,,
как узнать все свои микрокредиты,73,78,microcredit,,
как быстро взять микрокредит microcreditor,73,73,microcredit,,
микрозаймы если не платить что будет,73,62,microzaim,,
микрокредит бишкек,73,53,microcredit,,
dm микрокредит,72,162,microcredit,,
взять микрокредит онлайн на карту срочно без отказа,72,134,microcredit,,
микрозаем получить на карту онлайн,72,100,microzaim,,
tez bol займ,72,94,microcredit,,
где быстро взять займ на карту онлайн,72,93,microcredit,,
как получить займ без карты,72,89,microzaim,,
микрозаймы взять онлайн без проверки,72,87,microzaim,,
онлайн микрокредит eurocredit ru,72,84,microcredit,,
займ без фото с паспортом в руках на карту мгновенно без отказа,72,79,microzaim,,
взять кредит ночью в тушино микрокредит,72,78,microcredit,,
сайт до зарплаты,72,75,zaim,,
фридом финанс мфо,71,148,microcredit,,
взять микрокредит на карту через интернет не выходя из дома boostra,71,116,microcredit,,
микрокредит без процента,71,96,microcredit,,
взять микрокредит быстро,71,84,microcredit,,
взять займ до 18 лет,71,80,microcredit,,
кредит онлайн на карту под залог автомобиля,71,80,zaim,,
moneyman займ на карту,71,73,microcredit,,
банки которые рефинансируют микрозаймы,71,71,zaim,,
получить микрокредит на карту,70,171,microcredit,,
фридом финанс микрокредит,70,149,microcredit,,
взять займ 14 лет,70,104,microcredit,,
взять займ на карту новые займы,70,87,microzaim,,
получить кредит онлайн на карту микрозайм срочно,70,82,microcredit,,
под залог птс онлайн,70,80,zaim,,
займ онлайн на карту россия,69,134,microzaim,,
где можно взять деньги под залог авто,69,101,zaim,,
микрокредит заявка,69,95,"microcredit;microzaim",,
просто получить займ на карту,69,88,microzaim,,
аденьши личный кабинет,69,85,zaim,,
оформить заявку на микрокредит,69,83,microcredit,,
взять микрокредит онлайн быстро,69,82,microcredit,,
взять микрокредит на карту без подбора,69,81,microcredit,,
грин мани личный кабинет войти в личный кабинет по номеру телефона,69,70,zaim,,
деньги в долг с плохой ки,69,70,zaim,,
кредит на карту мгновенно,69,66,zaim,,
займ в рф,69,58,microzaim,,
микрокредиты на карту за 5 минут без проверки кредитной истории boostra,68,112,microcredit,,
микрокредит boostra,68,107,microcredit,,
где взять денег займ на карту,68,85,microzaim,,
получить займ на карту по паспорту,68,85,microcredit,,
взять быстрый займ без отказа срочно,68,79,microzaim,,
как проверить задолженность в микрофинансовых организациях,68,76,microzaim,,
как избавиться от микрокредитов,68,74,microcredit,,
кредит через госуслуги онлайн кредит экспресс,68,72,zaim,,
взять микрокредит на карту microcreditor,68,68,microcredit,,
яндекс деньги в долг,68,64,zaim,,
займ банковскую карту без отказа,68,62,microcredit,,
получить микрокредит онлайн на карту,67,146,microcredit,,
проверка микрозаймов,67,95,microcredit,,
онлайн кредит микрокредит,67,92,microcredit,,
взять займ на карту с плохой,67,91,microzaim,,
взять микрокредит без отказов на карту,67,82,microcredit,,
взять микрокредит онлайн на карту срочно по внж в спб,67,79,microcredit,,
где взять микрозайм если уже нигде не дают,67,78,microcredit,,
список мфо где взять займ онлайн,67,78,microcredit,,
статья 807 гк рф,67,77,zaim,,
как закрыть займы если нет денег в нескольких мфо,67,72,microzaim,,
как погасить много микрозаймов,67,71,microcredit,,
микрозайм 200 тысяч,67,42,microcredit,,
лучшие займы казахстан,67,28,microcredit,,
взять займ сейчас,66,89,microcredit,,
взять кредит онлайн займы на карту,66,84,microzaim,,
взять микрокредит без отказов круглосуточно,66,80,microcredit,,
закрыть займы,66,79,microcredit,,
взять микрокредит без отказов срочно,66,78,microcredit,,
взять микрокредит на карту через интернет дома,66,76,microcredit,,
какой займ взять онлайн,66,74,microzaim,,
как отменить микрозайм,66,73,microcredit,,
до зарплаты взять,65,94,zaim,,
киви микрозайм,65,92,zaim,,
микрокредиты кз,65,85,microcredit,,
микрофинансовые организации взять займ,65,82,microzaim,,
взять микрокредит в новомосковске,65,80,microcredit,,
акшамат микрокредит,65,79,microcredit,,
как получить микрокредит на карту через интернет не выходя,65,79,microcredit,,
можно ли списать микрокредиты,65,76,microcredit,,
займ первый займ без процентов,65,74,microzaim,,
взять микрокредит онлайн в москве,64,153,microcredit,,
оформить займ моментально на карту,64,109,microcredit,,
микрокредиты без процентов на первый займ,64,92,microcredit,,
кредит под залог авто юридическому лицу,64,87,zaim,,
займы 30 дней без процентов,64,86,microzaim,,
взять микрокредит 35 тысяч рублей онлайн без смс и регистрации,64,81,microcredit,,
как получить деньги займ на карту онлайн,64,81,"microcredit;microzaim",,
взять займ на 1 год на карту без отказа,64,77,microcredit,,
взять микрокредит без отказов срочные,64,75,microcredit,,
взять микрокредит без отказов без паспорта,64,73,microcredit,,
кредит онлайн на карту через госуслуги,64,70,zaim,,
микрозайм на банковскую карту,64,70,zaim,,
микрозайм взять быстро на карту без отказа,64,67,zaim,,
займ без процентов на любую карту,64,45,microzaim,,
микрокредиты онлайн на карту micro-zaim-online,64,37,microcredit,,
микрокредит золотая корона,64,32,microcredit,,
бустоа,63,125,zaim,,
срочно взять микрокредит на карту,63,124,microcredit,,
как взять микрозаймы где,63,83,"microcredit;microzaim",,
микрозайм как получить,63,82,microcredit,,
взять микрокредит без отказов без проверок,63,76,microcredit,,
займер экспресс личный кабинет,63,55,zaim,,
микрокредит онлайн срочно,62,111,microcredit,,
взять микрокредит онлайн спб,62,78,microcredit,,
чтобы взять микрокредит какие нужны данные,62,78,microcredit,,
взять микрокредит волгоград,62,77,microcredit,,
закрыть займ,62,68,microcredit,,
честное слово микрокредит,62,67,microcredit,,
займ без отказа на карту срочно с плохой кредитной историей и просрочками,62,64,microcredit,,
микрозаймы на карту до 80 лет,62,42,microcredit,,
микрокредит definance.kz,61,199,microcredit,,
какие займы без процентов,61,122,microzaim,,
оформить онлайн заявку на займ на карту,61,88,microzaim,,
взять микрокредит без отказов мгновенно,61,78,microcredit,,
микрокредит онлайн eurocredit ru,61,77,microcredit,,
взять срочно безотказный онлайн микрокредит без проверки кредитной истории,61,75,microcredit,,
где можно взять займ без подтверждения личности,61,75,microzaim,,
как закрыть микрокредиты если нет денег,61,64,microcredit,,
мошенники и микрозаймы,61,64,microcredit,,
мфо долгосрочные займы,61,56,microcredit,,
займы на счет,61,52,microzaim,,
solva микрокредит,60,100,microcredit,,
микрозайм без процентов онлайн на карту,60,83,microcredit,,
микрокредит взять срочно,60,81,microcredit,,
срочно нужны деньги без отказа,60,74,microcredit,,
аденьни личный кабинет,60,73,microzaim,,
микрозайм 500000,60,42,microcredit,,
eqzaim личный,59,215,zaim,,
микрозаймы для иностранных граждан в россии,59,79,microcredit,,
срочные деньги под залог птс авто,59,79,zaim,,
взять микрокредит без отказов онлайн,59,76,microcredit,,
займы без работы,59,73,microcredit,,
где получить микрозайм если везде отказ,59,72,microcredit,,
как погасить все долги по микрозаймам,59,62,microcredit,,
микрокредит на карту без отказа без проверки мгновенно,59,62,microcredit,,
деньги онлайн без отказа,58,84,zaim,,
как взять микрокредит спб,58,80,microcredit,,
взять микрокредит без отказов с плохой кредитной историей,58,79,microcredit,,
взять микрокредит рф,58,76,microcredit,,
алтынкоин микрокредит,58,68,microcredit,,
кредит на бизнес ооо,58,67,zaim,,
микрозаймы одобрение 100 процентов,58,64,microzaim,,
рефинансирования микрокредитов с плохой кредитной историей и просрочками,58,63,microcredit,,
как погасить микрокредиты,58,62,microcredit,,
как списать микрозаймы без банкротства,58,62,microcredit,,
микрокредит на карту без отказа без проверки bistrodengi.ru,58,62,microcredit,,
займ на рефинансирование займов,58,53,microzaim,,
займ на карту без регистрации и проверок,58,52,microzaim,,
займы онлайн по паспорту на карту,58,52,microzaim,,
микрокредиты wikzaim,58,47,microcredit,,
микрозаймы как вылезти из долгов законно,58,46,microcredit,,
микрокредит без отказа micro-zaim-online,58,37,microcredit,,
микрокредиты без отказа micro-zaim-online,58,37,microcredit,,
микрокредит без отказа онлайн micro-zaim-online,58,36,microcredit,,
список займов без процентов,57,116,microzaim,,
деньги по паспорту на карту,57,111,zaim,,
займы онлайн только по паспорту,57,81,microzaim,,
hava микрокредит,57,72,microcredit,,
займы 30000,57,64,microzaim,,
как закрыть микрозаймы взятые через интернет,57,61,microzaim,,
получить микрокредит на карту microcreditor,57,59,microcredit,,
займ без проверки ки на карту,57,58,microzaim,,
как справиться с микрозаймами,57,58,microcredit,,
займ до 100000 на карту,57,52,microcredit,,
займы с временной регистрацией,57,50,microzaim,,
микрокредит до 1000000,57,29,microcredit,,
реальные микрозаймы онлайн,57,29,zaim,,
микрокредит онлайн 24 7,56,104,microcredit,,
деньги в залог автомобиля,56,81,zaim,,
где взять денег онлайн на карту,56,75,microcredit,,
микрозаймы и мошенники,56,61,microcredit,,
как закрыть микрозайм если нет денег,56,58,microcredit,,
микрокредитование онлайн,56,54,microcredit,,
займы до зарплаты онлайн на карту,56,53,microcredit,,
быстрый займ под 0,56,46,microzaim,,
микрозаймы с высоким рейтингом,55,87,microcredit,,
получить микрозаем,55,83,microzaim,,
турбомания кредит,55,78,microcredit,,
займ на кредитную карту мгновенно круглосуточно,55,76,microzaim,,
monega,55,64,zaim,,
рефинансирование микрокредитов мфо,55,58,microcredit,,
займ прямо на карту без отказа,55,52,microzaim,,
займы до 200000,55,50,microzaim,,
микрозайм с плохой,55,46,microcredit,,
smartcash ru личный кабинет войти,55,46,zaim,,
займы онлайн с 18,55,45,microzaim,,
как оплатить микрокредит займер,55,45,microcredit,,
эко финанс займ,54,65,microzaim,,
взять микрокредит без отказов без отказа еврокредит ру,54,60,microcredit,,
как закрыть микрокредиты,54,59,microcredit,,
как списать микрокредиты,54,57,microcredit,,
взять микрокредит онлайн на карту срочно microcreditor,54,56,microcredit,,
помощь с долгами перед микрофинансовыми организациями,54,56,microzaim,,
рефинансирования микрокредитов с плохой кредитной историей,54,56,microcredit,,
получить микрокредит онлайн microcreditor,54,55,microcredit,,
взять микрокредит онлайн microcreditor,54,54,microcredit,,
взять микрокредит в казахстане,54,49,microcredit,,
займы онлайн по телефону,54,48,microzaim,,
займ на карту без процентов с плохой кредитной историей,54,47,"microcredit;microzaim",,
быстрый займ 100 процентов одобрения,54,46,microzaim,,
zaim express ru личный кабинет,54,44,zaim,,
взять микрокредит без отказа micro-zaim-online,54,34,microcredit,,
микрокредит на 6 месяцев,54,33,microcredit,,
до за,53,124,zaim,,
микрокредит взять кредит,53,77,microcredit,,
получить займ на карту онлайн быстро,53,77,"microcredit;microzaim",,
кредитсевен ру личный кабинет,53,74,zaim,,
как узнать сколько у тебя займов,53,70,microcredit,,
как сделать рефинансирование микрозаймов,53,69,microcredit,,
списать микрозаймы законно,53,61,microzaim,,
деньги под залог авто птс москва,53,59,zaim,,
ааа деньги личный кабинет,53,58,zaim,,
как списать все микрозаймы,53,55,microzaim,,
лучшие микрокредиты на карту bistrodengi.ru,53,55,microcredit,,
взять микрокредит microcreditor,53,54,microcredit,,
срочно взять микрокредит на карту microcreditor,53,54,microcredit,,
займер погашение займа,53,44,microcredit,,
otlnal ru личный кабинет вход,53,44,zaim,,
freedom finance credit микрокредиты онлайн,53,39,microcredit,,
микрозаймы до 75 лет на карту,53,35,microcredit,,
микрокредиты мошенники,53,32,microcredit,,
мои займы узнать все,52,83,microcredit,,
микрозаймы без процентов на карту онлайн,52,78,microzaim,,
новые микрокредиты без отказа,52,78,microcredit,,
микрозайм мошенники,52,56,microcredit,,
самые выгодные займы онлайн,52,56,microcredit,,
как списать долг мфо,52,55,microzaim,,
взять микрокредит онлайн на карту microcreditor,52,53,microcredit,,
взять микрокредит на карту без отказа срочно microcreditor,52,52,microcredit,,
новые мфо только открывшиеся на карту,52,47,zaim,,
микрозаймы онлайн без отказа мгновенно на карту,52,38,zaim,,
взять микрокредит на карту без отказа срочно micro-zaim-online,52,35,microcredit,,
взять займ на карту онлайн срочно и без отказа,51,112,microzaim,,
адкньги,51,92,zaim,,
какие займы лучше брать,51,84,microzaim,,
где можно взять кредит через госуслуги,51,79,microcredit,,
менимен личный кабинет войти,51,69,zaim,,
не могу оплатить микрозайм что делать,51,55,microcredit,,
получить микрокредит онлайн на карту microcreditor,51,52,microcredit,,
взять микрокредит без отказов micro-zaim-online,51,36,microcredit,,
как взять микрозайм с плохой кредитной историей на карту моментально без отказа без проверки,51,25,zaim,,
микрокредит онлайн быстро,50,85,microcredit,,
где можно взять срочно безотказный онлайн микрокредит когда есть микрозайм,50,81,microcredit,,
взять займ на карту без проверок и отказа,50,80,microzaim,,
микрокредит турбозайм,50,70,microcredit,,
взять микрокредит без отказов без отказа eurocredit ru,50,58,microcredit,,
как обнулить микрозаймы,50,56,microcredit,,
касширо,50,53,zaim,,
микрокредиты soberano,50,38,microcredit,,
микрокредит на карту срочно без отказа micro-zaim-online,50,32,microcredit,,
где взять займ без карты,50,27,microzaim,,
микрокредит по паспорту без справок,50,26,microcredit,,
микрокредит без поручителей,50,24,microcredit,,
взять займ без подтверждения карты и личности,50,23,microcredit,,
взять займ до 200000 тысяч,50,23,microcredit,,
микрозаймы в узбекистане для физических лиц,49,127,microzaim,,
взять займ без отказа быстро на карту,49,86,microzaim,,
микрокредит онлайн еврокредит ру,49,79,microcredit,,
займ без процентов быстро,49,78,microcredit,,
фредом кредит,49,78,microcredit,,
бюджет мкк,49,76,zaim,,
займы без фото паспорта на карту без отказа,49,76,microzaim,,
altyncoin микрокредит,49,60,microcredit,,
мфо партнерка,49,54,microcredit,,
рефинансирование микрозаймов в мфо,49,53,zaim,,
займ госуслуги без отказа,49,48,microzaim,,
как получить займ с плохой кредитной историей без отказа на карту и просрочками без отказа срочно,49,45,microcredit,,
как взять займ через госуслуги на карту,49,41,microzaim,,
микрокредит онлайн на карту до миллиона,49,22,microcredit,,
микрокредит до 500000,49,21,microcredit,,
микрокредит без отказа срочно,48,158,microcredit,,
деньги в займ онлайн на карту,48,95,microzaim,,
кредит под залог машины онлайн,48,90,"microcredit;zaim",,
онлайн микрокредит еврокредит ру,48,79,microcredit,,
займ на карту онлайн новые,48,75,microzaim,,
svoiludi,48,60,zaim,,
деньги под залог птс на карту онлайн,48,55,zaim,,
займ прямо сейчас на карту онлайн,48,51,microzaim,,
микрокредит казахстан онлайн,48,49,microcredit,,
займы в интернете онлайн,48,43,microzaim,,
смотреть микрокредиты до 1000000,48,22,microcredit,,
взять займ без отказа на карту срочно онлайн,47,88,microzaim,,
без отказа взять займ на карту срочно,47,82,microcredit,,
микрокредит онлайн заявка,47,74,microcredit,,
взять микрокредит на карту через интернет не выходя из дома вебзайм,47,62,microcredit,,
взять микрокредит без отказов без отказа eurocredit,47,60,microcredit,,
списание долгов мфо без банкротства,47,52,microzaim,,
где можно взять деньги под материнский капитал,47,51,zaim,,
взять микрокредит онлайн в москве choosingbestloan,47,49,microcredit,,
займы на карту пенсионерам до 80 лет,47,45,microzaim,,
микрокредит телефон,47,45,microcredit,,
микрокредит бишкек онлайн,47,24,microcredit,,
занять займ,46,70,microzaim,,
деньги клик кз,46,61,microcredit,,
мфо без фото с паспортом,46,59,microzaim,,
онлайн займ без,46,56,microcredit,,
рефинансирование долгов в мфо с просрочкой,46,48,microzaim,,
микрокредит онлайн по паспорту,46,34,microcredit,,
микрокредит срочно без отказа micro-zaim-online,46,31,microcredit,,
займ онлайн на телефон срочно,46,26,microcredit,,
микрокредит без отказа micro-zaim,46,22,microcredit,,
микрокредит 500 тыс,46,20,microcredit,,
денгиклик,45,67,microcredit,,
да зарплаты,45,60,zaim,,
микрокредит без отказа казахстан,45,59,microcredit,,
dengi srazy,45,58,zaim,,
займ на карту онлайн оформить,45,57,microzaim,,
быстрозайм на карту без процентов,45,53,zaim,,
взять деньги без процентов на карту онлайн,45,52,zaim,,
можно ли отменить микрозайм,45,49,microcredit,,
как отказаться от микрокредита,45,47,microcredit,,
рефинансирование микрокредитов онлайн,45,44,microcredit,,
взять микрокредит без отказов без отказа micro-zaim-online,45,31,microcredit,,
взять микрокредит без отказов без отказов micro-zaim-online,45,29,microcredit,,
микрокредит онлайн на карту срочно без отказа micro-zaim-online,45,29,microcredit,,
микрокредит 500 тысяч,45,19,microcredit,,
микрокредит онлайн займ,44,113,microcredit,,
кредит микрокредит,44,83,microcredit,,
микрокредит на год,44,83,microcredit,,
микрокредит круглосуточно boostra,44,69,microcredit,,
микрокредит банк,44,65,microcredit,,
займ онлайн на карту первый без процентов,44,60,microzaim,,
займ на карту манимен,44,51,microcredit,,
займ под 0 процентов онлайн,44,49,microzaim,,
как удалить займы,44,48,microcredit,,
где можно взять деньги в долг срочно на карту с плохой кредитной историей,44,47,microcredit,,
микрокредит мфо,43,98,microcredit,,
микрозайм онлайн новые,43,79,zaim,,
получить микрокредит онлайн eurocredit ru,43,62,microcredit,,
каширо личный кабинет войти,43,56,zaim,,
моментальные займы онлайн на карту,43,46,microzaim,,
скб финансы,43,44,zaim,,
оформить микрокредит microcreditor,43,43,microcredit,,
получить микрокредит microcreditor,43,43,microcredit,,
займы онлайн бесплатно на карту без отказа срочно,43,39,microzaim,,
до зарпла,43,38,zaim,,
микрокредиты через госуслуги,43,31,microcredit,,
микрокредит на карту без отказа без проверки micro-zaim-online,43,29,microcredit,,
взять микрокредит на карту онлайн,42,94,microcredit,,
получить микрокредит онлайн еврокредит ру,42,61,microcredit,,
займы без процентов первый раз на карту на 30 дней онлайн,42,56,microcredit,,
е капуста займер,42,48,zaim,,
микрокредиты онлайн mickrozaim.ru,42,48,microcredit,,
взять микрокредит на карту онлайн microcreditor,42,44,microcredit,,
взять микрозайм с плохой кредитной историей и просрочками на карту срочно,42,31,zaim,,
занять деньги на карту срочно без отказа с плохой кредитной историей и просрочками,42,28,zaim,,
микрокредит кыргызстан,42,20,microcredit,,
микрокредит онлайн без отказа micro-zaim-online,42,18,microcredit,,
быстрые микрозаймы онлайн на карту,41,102,microzaim,,
фридом займ,41,71,microcredit,,
микрозаймы на карту без отказа без проверки мгновенно онлайн без процентов,41,56,zaim,,
микрокредит на долгий срок казахстан,41,53,microcredit,,
взять микрокредит на карту через интернет microcreditor,41,42,microcredit,,
рефинансирование микрозаймов с плохой кредитной историей без отказа,41,26,microcredit,,
микрокредит на карту без отказа micro-zaim-online,41,19,microcredit,,
микрокредит 365,40,99,microcredit,,
займ на 5 тысяч рублей на карту без отказа,40,80,microzaim,,
микрокредит алматы онлайн,40,74,microcredit,,
екаркста,40,70,zaim,,
микрокредит астана,40,59,microcredit,,
микрокредит онлайн на карту казахстан,40,57,microcredit,,
микрокредит онлайн eurocredit,40,55,microcredit,,
деньги в займ с плохой кредитной историей,40,54,microzaim,,
займы на сравни ру,40,53,microzaim,,
взять займ через госуслуги срочно,40,42,microzaim,,
микрокредиты банкики,40,42,microcredit,,
микрокредиты онлайн на карту choosingbestloan,40,41,microcredit,,
взять онлайн займ через госуслуги,40,34,microcredit,,
микрокредит на месяц,40,29,microcredit,,
проверенный микрокредит,40,26,microcredit,,
взять займ на карту без отказа 2000,40,22,microzaim,,
do zarplata личный,39,88,zaim,,
займы сравни ру на карту онлайн,39,63,"microcredit;microzaim",,
tengo.kz микрокредит,39,59,microcredit,,
займы быстрые онлайн,39,58,microcredit,,
юмани кредит,39,55,zaim,,
микрозаймы экспресс,39,53,zaim,,
займ на карту онлайн без процентов на долгий срок первый раз без комиссии,39,47,microzaim,,
микрокредит рк,39,47,microcredit,,
микрозайм без подтверждения,39,39,microcredit,,
ооо мкк стратосфера личный кабинет войти,39,37,microzaim,,
кредит на долгий срок на карту,39,36,microcredit,,
где можно взять займ с плохой кредитной историей на карту срочно онлайн,39,32,microcredit,,
займы на карту без отказа через госуслуги,39,30,microcredit,,
займы онлайн с плохой кредитной историей новые,39,27,microcredit,,
микрокредит мфо brisk,39,25,microcredit,,
микрокредит без отказа онлайн micro-zaim,39,20,microcredit,,
взять микрокредит без отказов micro-zaim,39,19,microcredit,,
микрокредит онлайн на карту без отказа micro-zaim,39,19,microcredit,,
займы на карту онлайн с плохой,38,88,"microcredit;microzaim",,
подбор займа на карту,38,84,microzaim,,
микрокредиты на карту онлайн,38,58,microcredit,,
займ на карту в москве онлайн,38,57,microzaim,,
koke микрокредит,38,56,microcredit,,
деньги на дос,38,52,zaim,,
микрокредит на год без отказа,38,48,microcredit,,
e com микрокредит,38,48,microcredit,,
взять займ онлайн без фото паспорта,38,47,"microcredit;microzaim",,
все онлайн займы россии на карту,38,47,microzaim,,
boostrs,38,47,zaim,,
хава кз микрокредит,38,46,microcredit,,
взять займ казахстан,38,45,microcredit,,
микрокредиты онлайн казахстан,38,44,microcredit,,
взять микрокредит на карту через интернет не выходя из дома microcreditor,38,39,microcredit,,
до зарплаты займы онлайн,38,39,microzaim,,
компания микрокредит,38,35,microcredit,,
что будет если не выплачивать займы,38,35,microzaim,,
микрокредит калькулятор,38,32,microcredit,,
гарантированный займ без отказа,38,31,microcredit,,
микрокредит 1 млн,38,24,microcredit,,
микрокредит рсб24,38,23,microcredit,,
новые микрокредиты brisk,38,23,microcredit,,
займ онлайн на пол года,38,20,microcredit,,
взять микрокредит без отказов без отказов micro-zaim,38,19,microcredit,,
микрокредиты без отказа micro-zaim,38,19,microcredit,,
рефинансирование микрокредитов с плохой кредитной историей и просрочками,37,58,microcredit,,
микрокредит на карту срочно nado zaim onlajn na kartu,37,55,microcredit,,
займ без проверок и отказов бесплатно,37,41,"microcredit;microzaim",,
лучший микрокредит онлайн bistrodengi.ru,37,39,microcredit,,
микрокредит с плохой кредитной историей без отказа на карту,37,34,"microcredit;microzaim",,
займы без процентов через госуслуги,37,30,microzaim,,
микрозайм за пять минут,37,23,zaim,,
займ денег с 18 лет,37,20,microcredit,,
микрозайм мошенники через интернет,37,19,microcredit,,
микрокредит на карту без отказа micro-zaim,37,18,microcredit,,
микрокредит онлайн на карту срочно без отказа micro-zaim,37,18,microcredit,,
займ онлайн milkzaim,36,898,microzaim,,
доброщайм,36,153,microzaim,,
микрокредит с плохой кредитной историей без отказа,36,73,microcredit,,
cashiro личный кабинет,36,57,zaim,,
грани мани,36,55,zaim,,
микрокредит без справок,36,51,microcredit,,
тез бол займ микрокредит,36,47,microcredit,,
езаем личный кабинет войти в личный,36,44,zaim,,
микрокредит под залог автомобиля,36,40,"microcredit;zaim",,
ооо небус личный кабинет,36,38,zaim,,
сисилоун займ,36,37,microcredit,,
взять микрокредит без отказов без отказа micro-zaim,36,19,microcredit,,
микрокредит онлайн без отказа micro-zaim,36,19,microcredit,,
микрокредит онлайн на карту без отказа micro-zaim-online,36,18,microcredit,,
тенгеда микрокредит,35,125,microcredit,,
микрокредит на карту срочно nado-zaim onlajn na kartu,35,56,microcredit,,
срочно деньги мфо,35,55,zaim,,
займ онлайн под авто,35,54,microzaim,,
онлайн микрокредит eurocredit,35,51,microcredit,,
сравни ру микрозаймы на карту без отказа,35,50,zaim,,
взять займ онлайн на карту без отказа без проверки мгновенно срочно,35,45,microzaim,,
мфо без фото документов,35,45,zaim,,
drugzaim,35,42,zaim,,
до зарплаты регистрация,35,41,zaim,,
tezbol займ,35,39,microcredit,,
микрокредит список,35,38,microcredit,,
микрокредит с графиком,35,37,microcredit,,
топ микрокредитов,35,36,microcredit,,
микрокредит без отказа с плохой кредитной историей bistrodengi.ru,35,35,microcredit,,
микрокредит взять microcreditor,35,35,microcredit,,
микрокредит с открытыми просрочками кредит экспресс,35,35,microcredit,,
микрокредит онлайн без процентов,35,34,microcredit,,
займ без отказа на карту с плохой кредитной историей срочно и просрочками,35,27,microcredit,,
микрозаймы и микрокредиты,35,27,microcredit,,
микрокредит через интернет,35,27,microcredit,,
микрокредит с 20 лет,35,24,microcredit,,
канат микрокредит,34,66,microcredit,,
микрокредит караганда,34,51,microcredit,,
кэш ту б личный кабинет,34,48,zaim,,
автоломбард онлайн заявка,34,47,zaim,,
ccloan микрокредит,34,46,microcredit,,
быстроденьги вход в личный,34,41,zaim,,
займ быстро деньги онлайн на карту,34,36,microzaim,,
микрокредит займ манимен,34,36,microcredit,,
микрокредиты на карту еврокредит ру,34,36,microcredit,,
личный кабинет финтерс,34,35,zaim,,
микрокредит без кредитной истории,34,35,microcredit,,
взять микрокредит без отказа microcreditor,34,34,microcredit,,
взять микрокредит онлайн на карту манимен,34,34,microcredit,,
микрокредит на карту microcreditor,34,34,microcredit,,
взять микрокредит wikzaim,34,31,microcredit,,
bastai микрокредит,34,30,microcredit,,
микрозаймы онлайн с плохой кредитной историей без отказа без проверок срочно на карту,34,24,zaim,,
без залога микрокредит,34,23,microcredit,,
взять микрокредит без отказа micro-zaim,34,20,microcredit,,
взять микрокредит на карту без отказа срочно micro-zaim,34,18,microcredit,,
микрокредит на карту онлайн еврокредит ру,33,70,microcredit,,
какой займ одобряет с плохой кредитной историей,33,67,microcredit,,
микрокредит тонировка учун,33,67,microcredit,,
турбомани микрокредит,33,60,microcredit,,
займ сравни ру на карту,33,50,microzaim,,
dengiclick микрокредит,33,44,microcredit,,
алтын микрокредит,33,42,microcredit,,
солва микрокредит в казахстане,33,41,microcredit,,
altyn koin,33,40,microcredit,,
займы без подтверждения фото,33,39,microzaim,,
микрокредит в казахстане,33,35,microcredit,,
микрокредиты на карту eurocredit ru,33,35,microcredit,,
аденьга личный кабинет,33,34,microzaim,,
микрокредит без подтверждения личности,33,34,"microcredit;microzaim",,
микрокредит онлайн на банковскую карту манимен,33,33,microcredit,,
микрокредиты онлайн finance,33,33,microcredit,,
boom zaim,33,33,zaim,,
микрокредит займ казахстан,33,28,microcredit,,
микрокредит онлайн на карту спб,33,27,microcredit,,
микрокредиты онлайн на карту micro-zaim,33,17,microcredit,,
получить микрозайм на карту без отказа,32,119,"microcredit;zaim",,
микрокредит на карту онлайн eurocredit ru,32,71,microcredit,,
микрокредит онлайн definance.kz,32,64,microcredit,,
быстро деньги на карту без отказа онлайн,32,60,zaim,,
срочный займ без отказа онлайн,32,60,microzaim,,
заемер,32,59,microcredit,,
можно ли взять кредит на госуслугах,32,55,microcredit,,
ооо пко рсв микрокредит,32,42,microcredit,,
займ без процентов первый бесплатно,32,41,"microcredit;microzaim",,
онлайн рефинансирование займов,32,40,microcredit,,
zaymexpress,32,36,zaim,,
займ для армян,32,35,microzaim,,
мкк микро резерв,32,35,zaim,,
займ под 0 процентов кредит экспресс,32,34,microzaim,,
микрокредит онлайн кз,32,34,microcredit,,
где можно взять срочно безотказный онлайн микрокредит когда есть микрозайм microcreditor,32,33,microcredit,,
займы с плохой историей без отказа кредитной,32,33,microzaim,,
микрокредит с плохой кредитной историей кредит экспресс,32,32,microcredit,,
микрокредиты онлайн манимен,32,32,microcredit,,
finters личный кабинет войти,32,32,zaim,,
микрокредит кокшетау,32,29,microcredit,,
микрокредит красноярск,32,27,microcredit,,
микрокредит в москве срочно,32,26,microcredit,,
микрокредит тенго,32,26,microcredit,,
микрокредит на карту срочно без отказа micro-zaim,32,17,microcredit,,
микрокредит онлайн на карту без отказа t_me_top_zaim24 t_me_top_zaim24,32,15,microcredit,,
новые займы с одобрением,31,70,microcredit,,
микрокредит получить,31,67,microcredit,,
рефинансировать займы с плохой кредитной историей,31,64,microcredit,,
boostro,31,52,zaim,,
лучшие займеры,31,51,zaim,,
займы онлайн на карту без процентов в первый раз на 30,31,46,microzaim,,
займ онлайн быстроденьги,31,42,microcredit,,
григ мани,31,38,zaim,,
займ точное одобрение,31,37,microzaim,,
микрокредит онлайн на карту манимен,31,33,microcredit,,
микрокредиты онлайн на карту манимен,31,33,microcredit,,
creditplus займ личный кабинет,31,33,microcredit,,
взять микрокредит без отказов microcreditor,31,32,microcredit,,
взять микрокредит на карту манимен,31,32,microcredit,,
микрокредит на карту манимен,31,32,microcredit,,
микрозайм регистрация через госуслуги,31,31,zaim,,
микрокредит без выписки,31,31,microcredit,,
а деньги взять займ личный кабинет,31,29,microzaim,,
микрокредит без работы,31,26,microcredit,,
микрокредит калининград,31,24,microcredit,,
взять займ на карту с плохой кредитной историей и просрочками без отказа срочно онлайн,31,22,microzaim,,
займы микро на карту,30,82,microcredit,,
микрокредит на большую сумму,30,56,microcredit,,
хурма кредит номер,30,53,zaim,,
быстрый займ онлайн на карту без отказа срочно,30,50,microzaim,,
займ на карту через госуслуги займ,30,45,microcredit,,
микрокредит онлайн взять,30,45,microcredit,,
мфо микрокредит официальный сайт,30,41,microcredit,,
микрокредит срочно онлайн,30,38,microcredit,,
микрозайм на карту без отказа россия,30,35,zaim,,
ecozaim личный кабинет,30,32,zaim,,
микрокредит без процентов кредит экспресс,30,31,microcredit,,
микрокредит до зарплаты кредит экспресс,30,31,microcredit,,
оформить микрокредит манимен,30,31,microcredit,,
как взять микрокредит онлайн microcreditor,30,30,microcredit,,
микрокредит с просрочками кредит экспресс,30,30,microcredit,,
денежная крепость личный,30,29,zaim,,
микрокредиты без посредников,30,27,microcredit,,
микрокредит москва срочно,30,26,microcredit,,
эд рф личный кабинет,30,26,zaim,,
микрокредит на телефон,30,25,microcredit,,
микрокредит на карту без отказа без проверки micro-zaim,30,17,microcredit,,
кредит бар микрокредит,29,54,microcredit,,
микрозаем деньги,29,43,microcredit,,
микрокредит с плохой историей без отказа,29,40,microcredit,,
взять займ на карту мир займов,29,37,"microcredit;microzaim",,
взять микрокредит на карту через интернет не выходя из дома без процентов,29,37,microcredit,,
микрокредит быстро rbzaym.ru,29,37,microcredit,,
фридом микрокредит,29,36,microcredit,,
нубис займ,29,35,microzaim,,
tomi.kz микрокредит,29,35,microcredit,,
микрокредит кредит,29,34,microcredit,,
микрокредиты где взять денег если нигде не дают отзывы,29,34,microcredit,,
мкк простой вопрос личный кабинет,29,33,zaim,,
как узнать все свои активные займы,29,32,microcredit,,
yfljltytu,29,32,zaim,,
взять займ микрокредит eurocredit ru,29,30,microcredit,,
взять микрокредит на карту через интернет не выходя из дома манимен,29,30,microcredit,,
мфо онлайн казахстан,29,30,microcredit,,
оформить микрокредит онлайн еврокредит ру,29,30,microcredit,,
взять микрокредит с просрочками кредит экспресс,29,29,microcredit,,
взять микрокредит eurocredit ru,29,29,microcredit,,
микрокредит манимен,29,29,microcredit,,
микрокредит wikzaim,29,28,microcredit,,
рефинансирование микрозаймы,29,27,microzaim,,
микрокредит на номер телефона,29,23,microcredit,,
автоматический микрокредит,29,17,microcredit,,
микрокредит онлайн на карте,29,13,microcredit,,
365 микрокредит,28,74,microcredit,,
бастай,28,52,microcredit,,
калькулятор мфо,28,49,microzaim,,
микрокредиты займы,28,48,microcredit,,
финтресс,28,35,zaim,,
как узнать где есть микрозаймы у меня,28,34,microzaim,,
солва кз кредит онлайн,28,33,microcredit,,
hava kz микрокредит,28,33,microcredit,,
микрокредит взять еврокредит ру,28,29,microcredit,,
микрокредит онлайн срочно еврокредит ру,28,29,microcredit,,
онлайн микрокредиты eurocredit ru,28,29,microcredit,,
получить микрокредит на карту еврокредит ру,28,29,microcredit,,
получить микрокредит eurocredit ru,28,29,microcredit,,
взять микрокредит еврокредит ру,28,28,microcredit,,
микрокредит займ на карту манимен,28,28,microcredit,,
микрокредит онлайн на карту mickrozaim.ru,28,28,microcredit,,
микрокредит оформить microcreditor,28,28,microcredit,,
микрокредит на карту wikzaim,28,26,microcredit,,
микрокредит онлайн на карту wikzaim,28,25,microcredit,,
займ онлайн безработным,28,24,microcredit,,
как рефинансировать микрозаймы в один кредит в банке,28,23,microcredit,,
zaim экспресс,28,23,zaim,,
без отказа займ с плохой кредитной историей,27,54,"microcredit;microzaim",,
новые мфо список,27,51,zaim,,
денбга,27,47,zaim,,
zaimzaim,27,41,zaim,,
быстрые кредиты онлайн,27,40,zaim,,
где точно одобрят займ с плохой кредитной историей и просрочками,27,34,microcredit,,
экофинанс личный,27,34,microzaim,,
где взять займ онлайн если везде отказали,27,33,microcredit,,
займ с 18 лет на карту без отказа и без проверки срочно взять,27,33,microzaim,,
займ самый лучший,27,30,microzaim,,
микрокредит на карту definance.kz,27,29,microcredit,,
взять микрокредит без отказов без отказа microcreditor,27,28,microcredit,,
где можно взять микрокредит eurocredit ru,27,28,microcredit,,
микрокредит взять eurocredit ru,27,28,microcredit,,
микрокредит онлайн срочно eurocredit ru,27,28,microcredit,,
микрокредиты манимен,27,28,microcredit,,
микрокредиты онлайн еврокредит ру,27,28,microcredit,,
микрокредиты онлайн eurocredit ru,27,28,microcredit,,
оформить микрокредит еврокредит ру,27,28,microcredit,,
оформить микрокредит онлайн eurocredit ru,27,28,microcredit,,
оформить микрокредит eurocredit ru,27,28,microcredit,,
взять займ микрокредит еврокредит ру,27,27,microcredit,,
где можно взять микрокредит еврокредит ру,27,27,microcredit,,
микрокредит взять кредит microcreditor,27,27,microcredit,,
денежная крепость мкк личный кабинет,27,26,zaim,,
микрокредит круглосуточно казахстан,27,26,microcredit,,
микрокредит банк клиент,27,24,microcredit,,
скузайм личный кабинет,27,23,zaim,,
доброзацм,26,101,zaim,,
мани мее,26,53,microcredit,,
sms finans,26,51,zaim,,
микрозайм онлайн займ,26,43,microcredit,,
дм микрокредит,26,36,microcredit,,
микрокредит онлайн 24 7 boostra,26,35,microcredit,,
быстрый займ бишкек,26,34,microcredit,,
микрокредит займ онлайн eurocredit ru,26,34,microcredit,,
микрокредит онлайн rbzaym.ru,26,33,microcredit,,
везде отказывают в займе где взять онлайн займ на карту без отказа без проверки,26,32,microcredit,,
микрокредит без отказа definance.kz,26,29,microcredit,,
небус займы займ личный,26,29,microzaim,,
микрокредит алматы онлайн definance.kz,26,28,microcredit,,
микрокредиты без залога,26,27,microcredit,,
онлайн микрокредиты еврокредит ру,26,27,microcredit,,
получить микрокредит на карту eurocredit ru,26,27,microcredit,,
получить микрокредит definance.kz,26,27,microcredit,,
взять микрокредит манимен,26,26,microcredit,,
микрокредит быстро definance.kz,26,26,microcredit,,
микрокредит онлайн без отказа definance.kz,26,26,microcredit,,
микрокредит срочно definance.kz,26,26,microcredit,,
микрокредит онлайн wikzaim,26,23,microcredit,,
микрокредиты рсб,26,22,microcredit,,
микрокредит срочно без отказа micro-zaim,26,15,microcredit,,
микрокредит mfo-zaim,26,15,microcredit,,
микрокредит рейтинг,25,85,microcredit,,
мфо с одобрением 100 процентов,25,78,"microcredit;microzaim;zaim",,
быстрые микрозаймы через интернет,25,64,zaim,,
джойсани,25,55,zaim,,
тенго микрокредит,25,39,microcredit,,
как проверить все свои микрозаймы,25,36,microcredit,,
взять микрокредит по паспорту boostra,25,35,microcredit,,
займ сравни на карту,25,35,microzaim,,
лучшие компании микрозаймов,25,30,zaim,,
микрокредит на карту срочно definance.kz,25,29,microcredit,,
hava kz личный кабинет,25,29,microcredit,,
онлайн займы кз,25,28,microcredit,,
экспресденьги,25,28,zaim,,
altynkoin,25,28,microcredit,,
взять онлайн займ на карту без отказа срочно,25,27,microzaim,,
микрокредит онлайн на карту definance.kz,25,27,microcredit,,
получить микрокредит еврокредит ру,25,27,microcredit,,
взять микрокредит онлайн на карту definance.kz,25,26,microcredit,,
микрокредит онлайн на карту без отказа definance.kz,25,26,microcredit,,
микрокредит онлайн срочно definance.kz,25,26,microcredit,,
микрокредит сразу definance.kz,25,26,microcredit,,
микрокредит срочно без отказа definance.kz,25,26,microcredit,,
микрокредиты кредит экспресс,25,26,microcredit,,
оформить микрокредит онлайн на карту microcreditor,25,26,microcredit,,
оформить микрокредит онлайн definance.kz,25,26,microcredit,,
оформить микрокредит definance.kz,25,26,microcredit,,
рефинансирование кредитных карт и микрозаймов,25,26,microcredit,,
mikrokreditbank kredit olish,25,26,microcredit,,
кенго микрокредит личный кабинет,25,25,microcredit,,
sky zaim личный кабинет,25,25,zaim,,
кредит онлайн через госуслуги на карту,25,22,zaim,,
мкк скб финанс личный кабинет,25,22,zaim,,
взять займ на карту без отказа до зарплаты,25,21,microzaim,,
лучшие микрокредиты на карту,24,821,"microcredit;zaim",,
robo zaimer,24,253,microcredit,,
займер микрокредит,24,106,microcredit,,
доброзвйм,24,65,zaim,,
займ на карту под ноль процентов,24,50,microzaim,,
получить на карту деньги,24,39,microzaim,,
займ на карту срочно без проверки кредитной,24,36,microzaim,,
микрокредит займ онлайн еврокредит ру,24,36,microcredit,,
самые одобряемые займы онлайн,24,34,microzaim,,
turbomoney kz,24,34,microcredit,,
turbomoney микрокредит личный кабинет,24,33,microcredit,,
микрокредит онлайн быстро rbzaym.ru,24,31,microcredit,,
микрозайм пенсионерам до 80 лет на карту,24,29,microcredit,,
max money микрокредит,24,29,microcredit,,
взять микрокредит онлайн еврокредит ру,24,28,microcredit,,
выгодные микрокредиты,24,27,microcredit,,
займ на карту без отказа только по паспорту,24,27,microzaim,,
лучшие микрокредиты казахстан,24,27,microcredit,,
взять микрокредит онлайн definance.kz,24,26,microcredit,,
взять микрокредит с плохой кредитной историей microcreditor,24,26,microcredit,,
vse zaim,24,26,microcredit,,
где взять денег если нигде не дают даже микрокредиты microcreditor,24,25,microcredit,,
микрокредит онлайн манимен,24,25,microcredit,,
честное слова,24,25,microzaim,,
микрокредит без отказа microcreditor,24,24,microcredit,,
скузайм,24,24,zaim,,
ооо мкк кредиттер личный кабинет,24,22,zaim,,
займ срочный под любые проценты,23,75,microzaim,,
трубозайм,23,65,zaim,,
bistro dengi,23,43,zaim,,
ооо стратосфера займ,23,42,microzaim,,
микрокредит сразу,23,39,microcredit,,
моне ма,23,39,zaim,,
займ без процентов на карту через госуслуги,23,34,microcredit,,
займ на карту без отказа без проверки кредитной истории онлайн,23,34,microzaim,,
займы без проверок карты,23,34,microcredit,,
можно ли не платить микрозаймы,23,33,microzaim,,
оформить займ онлайн на карту срочно без отказа,23,33,microcredit,,
займ онлайн взять на карту,23,30,microcredit,,
микрозайм с плохой кредитной историей без отказа,23,30,zaim,,
взять микрокредит онлайн eurocredit ru,23,27,microcredit,,
деньги ок почта,23,27,zaim,,
допулучкино,23,26,zaim,,
займ на карту срочно без проверки мгновенно,23,26,microzaim,,
микрокредит займ definance.kz,23,25,microcredit,,
займ личный кабинет через госуслуги,23,24,microzaim,,
где можно взять микрокредит microcreditor,23,23,microcredit,,
деньги с плохой кредитной историей и просрочками срочно на карту без отказа,23,23,zaim,,
микрозаймы онлайн в казахстане,23,23,microcredit,,
микрокредит без процентов definance.kz,23,23,microcredit,,
микрокредит на карту без отказа вам одобрено,23,23,microcredit,,
микрокредит на карту срочно microcreditor,23,23,microcredit,,
микрокредит наличными microcreditor,23,23,microcredit,,
микрокредит bistrodengi.ru,23,23,microcredit,,
гк целевые финансы личный кабинет,23,20,zaim,,
круглосуточный займ с автоматическим одобрением,23,20,"microcredit;microzaim",,
микрокредит личный кабинет,23,20,microcredit,,
займ на карту 2000 мгновенно круглосуточно без отказа,23,17,"microcredit;microzaim",,
взять микрокредит без отказа и проверок на карту через госуслуги без без входа,23,8,microcredit,,
микрокредит на карту онлайн eurocredit,22,62,microcredit,,
лучшие микрокредиты на карту creditom ru,22,53,microcredit,,
микрокредит на карту срочно nado zaim com onlajn na kartu,22,52,microcredit,,
микрокредит на 30 дней без отказа,22,35,microcredit,,
займ на сбербанк,22,31,microzaim,,
микрокредит казахстан definance.kz,22,31,microcredit,,
кредит фридом,22,26,microcredit,,
первый микрокредит без процентов,22,26,microcredit,,
взять микрокредит без отказов с плохой кредитной историей microcreditor,22,24,microcredit,,
мега деньги соль минор,22,23,zaim,,
микрозаймы россии,22,22,microzaim,,
микрокредит без отказа с плохой кредитной историей кредит экспресс,22,22,microcredit,,
микрокредит без переплат moneyman.ru/products/pervyj-zaym-bez-procentov/,22,22,microcredit,,
микрокредит взять срочно microcreditor,22,22,microcredit,,
микрокредиты на карту онлайн microcreditor,22,22,microcredit,,
оформить микрокредит онлайн microcreditor,22,22,microcredit,,
мкк а деньги альфа банк личный кабинет,22,21,zaim,,
взять займ на карту с плохой кредитной историей срочно,22,20,microzaim,,
мфк быстроденьги личный кабинет войти по номеру телефона,22,19,microzaim,,
микрокредиты 24рсб,22,18,microcredit,,
микрокредиты в казахстане онлайн бесплатно без процентов на карту онлайн заявка,22,18,microcredit,,
микрокредиты рсб24,22,18,microcredit,,
срочно денег,21,77,zaim,,
где можно взять деньги под залог птс,21,48,zaim,,
где можно взять микрокредит без отказа,21,35,microcredit,,
микрокредит алматы definance.kz,21,31,microcredit,,
взять займ на карту без отказа онлайн срочно без кредитной,21,29,microzaim,,
деньги без отказа с плохой кредитной историей и просрочками,21,29,zaim,,
втвус,21,28,zaim,,
турбомани кз,21,28,microcredit,,
вход в личный кабинет небус,21,27,zaim,,
займ без справок и проверок,21,25,microzaim,,
взять микрокредит без отказов без отказов microcreditor,21,22,microcredit,,
микрокредит на 30 дней moneyman.ru/products/pervyj-zaym-bez-procentov/,21,22,microcredit,,
микрокредит рк definance.kz,21,22,microcredit,,
микрокредит студенту z-zaim,21,22,microcredit,,
где можно взять займ на год,21,21,microcredit,,
лайк 67,21,21,zaim,,
микрокредит быстро microcreditor,21,21,microcredit,,
микрокредит на карту без отказа microcreditor,21,21,microcredit,,
микрокредит на карту bankneyva,21,21,microcredit,,
микрокредит с плохой историей кредит экспресс,21,21,microcredit,,
микрокредиты онлайн на карту microcreditor,21,21,microcredit,,
микрокредит москва,21,19,microcredit,,
рефинансирование всех займов,21,18,microcredit,,
взять микрокредит с плохой кредитной историей новые мфо,21,17,microcredit,,
микрокредиты rsb24,21,17,microcredit,,
срочно займ онлайн на карту без отказа,21,16,microcredit,,
микрокредит без отказа mfo-zaim,21,13,microcredit,,
онлайн займы мфо,20,64,microzaim,,
займ 100 одобрение без проверки на карту без отказа,20,57,microcredit,,
до зп микрокредит,20,49,microcredit,,
zaim ru,20,49,zaim,,
самые новые мкк и мфо,20,47,zaim,,
микрозайм 365,20,39,microcredit,,
е капуста сайт,20,38,zaim,,
кредит на кошелек киви,20,34,zaim,,
микрозайм на карту под 0 процентов,20,27,zaim,,
микрокредит на карту быстро,20,27,microcredit,,
moneza лк,20,25,zaim,,
микрокредит сразу rbzaym.ru,20,24,microcredit,,
новые мкк и мфо дающие без проверки,20,24,zaim,,
коке микрокредит,20,23,microcredit,,
топ лучших займов онлайн,20,23,microcredit,,
экспрессденьги рф,20,22,zaim,,
взять микрокредит без процентов moneyman.ru/products/pervyj-zaym-bez-procentov/,20,21,microcredit,,
микрокредит онлайн казахстан definance.kz,20,21,microcredit,,
взять займ микрокредит microcreditor,20,20,microcredit,,
взять микрокредит в казахстане definance.kz,20,20,microcredit,,
взять микрокредит онлайн в москве microcreditor,20,20,microcredit,,
взять микрокредит рф microcreditor,20,20,microcredit,,
займы микрокредиты credits,20,20,microcredit,,
кредит мобайл,20,20,zaim,,
микрокредит онлайн bankneyva,20,20,microcredit,,
микрокредит через госуслуги манимен,20,20,microcredit,,
микрокредит bankneyva,20,20,microcredit,,
займ для иностранных граждан в россии на карту срочно без отказа,20,19,microzaim,,
микрокредиты bankneyva,20,19,microcredit,,
рефинансирование микрокредитов выберу,20,19,microcredit,,
рефинансирование микрокредитов выберу ру,20,19,microcredit,,
микрокредит 24рсб,20,17,microcredit,,
микрокредиты до 75 лет,20,17,microcredit,,
ооо пко рсв официальный сайт,20,17,microcredit,,
микрокредиты онлайн срочно с плохой кредитной историей,20,14,microcredit,,
новые микрокредиты без отказа brisk,20,13,microcredit,,
микрокредит онлайн без отказа mfo-zaim,20,12,microcredit,,
микрокредит онлайн на карту без отказа mfo-zaim,20,12,microcredit,,
микрокредит онлайн на карту срочно без отказа круглосуточно,20,12,microcredit,,
микрозайм с плохой кредитной историей срочно без отказа,20,11,zaim,,
микрозайм онлайн кыргызстан,20,6,microcredit,,
займ онлайн на карту казахстан,19,199,microcredit,,
микрозаймы взять кредит,19,44,microcredit,,
zaim онлайн на карту,19,42,microcredit,,
автоломбард под залог птс автомобиля,19,35,zaim,,
фридум кредит,19,31,microcredit,,
микрокредит с плохой ки,19,30,microcredit,,
займеры кз,19,29,microcredit,,
быстро деньги личный кабинет вход по номеру,19,28,zaim,,
микрозайм онлайн на банковскую,19,27,zaim,,
первый займы без процентов,19,27,"microcredit;microzaim",,
взять кредит без паспорта на карту онлайн,19,26,microzaim,,
займ онлайн на карту срочно займ 5,19,25,"microcredit;microzaim",,
мани мейн,19,25,microcredit,,
микрокредит получить онлайн,19,24,microcredit,,
долгосрочные микрокредиты,19,23,microcredit,,
микрокредит для малого бизнеса вамодобрено,19,23,microcredit,,
микрокредит для снг вамодобрено,19,23,microcredit,,
микрокредит с 16 лет вамодобрено,19,23,microcredit,,
новые мкк и мфо дающие без проверки на карту,19,23,zaim,,
микрокредит в день обращения вамодобрено,19,22,microcredit,,
как узнать все свои микрозаймы,19,21,microcredit,,
мега деньги официальный сайт,19,21,zaim,,
микрокредит онлайн с плохой кредитной историей кредит экспресс,19,21,microcredit,,
лучшие микрокредиты credits,19,20,microcredit,,
микрокредит на год без отказа definance.kz,19,20,microcredit,,
ооо мкк экофинанс личный кабинет,19,20,microzaim,,
взять микрокредит без отказа definance.kz,19,19,microcredit,,
взять микрокредит онлайн на карту срочно definance.kz,19,19,microcredit,,
как взять микрокредит microcreditor,19,19,microcredit,,
лучшие микрокредиты definance.kz,19,19,microcredit,,
микрокредит без выписки definance.kz,19,19,microcredit,,
микрокредит без кредитной истории definance.kz,19,19,microcredit,,
микрокредит без отказа онлайн microcreditor,19,19,microcredit,,
микрокредит без проверок definance.kz,19,19,microcredit,,
микрокредит караганда definance.kz,19,19,microcredit,,
микрокредит на год definance.kz,19,19,microcredit,,
микрокредит на долгий срок definance.kz,19,19,microcredit,,
микрокредит онлайн на карту micro-zaim-online,19,19,microcredit,,
микрокредит официальный сайт definance.kz,19,19,microcredit,,
микрокредит с плохой кредитной microcreditor,19,19,microcredit,,
микрокредиты онлайн на карту срочно definance.kz,19,19,microcredit,,
срочно получить микрокредит microcreditor,19,19,microcredit,,
солва кредит онлайн заявка,19,18,microcredit,,
микрокредиты rsb,19,17,microcredit,,
megadengy соль минор микрокредит,19,15,microcredit,,
микрокредит срочно без отказа mfo-zaim,19,12,microcredit,,
взять микрокредит без процентов,18,51,microcredit,,
микрозаймы новые мфо,18,44,zaim,,
займы до ста тысяч,18,29,microcredit,,
ljpfhgkfns,18,29,microzaim,,
кредит под залог автомобиля красноярск,18,26,zaim,,
микрозаем заем,18,26,microzaim,,
взять займ с 100 одобрением,18,25,microzaim,,
новые мфо которые дают всем без отказа без проверки,18,23,zaim,,
кредит ер,18,21,zaim,,
микрокредит без справки о доходах вамодобрено,18,21,microcredit,,
микрокредит ипотека вамодобрено,18,21,microcredit,,
микрокредит рядом вамодобрено,18,21,microcredit,,
микрокредит с просрочками и плохой кредитной историей турбозайм,18,21,microcredit,,
микрокредиты на карту за 5 минут,18,21,"microcredit;zaim",,
моментальный кредит онлайн на карту без отказа,18,21,zaim,,
микрокредит без отказа с плохой кредитной историей definance.kz,18,20,microcredit,,
микрокредит для иностранных граждан вамодобрено,18,20,microcredit,,
микрокредиты онлайн в казахстане,18,20,microcredit,,
микрокредиты самозанятым вамодобрено,18,20,microcredit,,
акшамат займ онлайн,18,19,microcredit,,
до зп микрокредит definance.kz,18,19,microcredit,,
микрокредит без отказа казахстан definance.kz,18,19,microcredit,,
микрокредит быстроденьги,18,19,microcredit,,
микрокредит на большую сумму definance.kz,18,19,microcredit,,
микрокредит на несколько месяцев definance.kz,18,19,microcredit,,
микрокредиты казахстана,18,19,microcredit,,
сб финансы,18,19,zaim,,
займ срочно через госуслуги онлайн,18,18,microzaim,,
кредитная карта микрокредит microcreditor,18,18,microcredit,,
микрокредит круглосуточно definance.kz,18,18,microcredit,,
микрокредит на долгий срок казахстан definance.kz,18,18,microcredit,,
микрокредит на полгода definance.kz,18,18,microcredit,,
микрокредит под залог авто definance.kz,18,18,microcredit,,
микрокредит с просрочками definance.kz,18,18,microcredit,,
новый микрокредит definance.kz,18,18,microcredit,,
займы войти через госуслуги,18,16,microcredit,,
микрокредит rsb,18,15,microcredit,,
что будет если не выплатить займ,18,15,microzaim,,
доллар банк микрокредит,18,14,microcredit,,
микрокредит рсб,18,14,microcredit,,
финансовая защита микрокредит 2019.1 росгосстрах как отказаться,18,13,microcredit,,
микрокредиты mfo-zaim,18,11,microcredit,,
в каких мфо и мкк можно взять срочно безотказный онлайн микрокредит без проверки кредитной истории,17,34,microcredit,,
микрокредит онлайн караганда,17,29,microcredit,,
взять кредит яндекс,17,27,zaim,,
микрокредит на карту срочно без отказа mickrozaim.ru,17,23,microcredit,,
микрокредит онлайн mickrozaim.ru,17,23,microcredit,,
финтерз личный кабинет,17,22,zaim,,
взять микрокредит без справки о доходах вамодобрено,17,21,microcredit,,
микрокредит онлайн в казахстане,17,21,microcredit,,
микрокредит 17 лет вамодобрено,17,20,microcredit,,
микрокредит без справок вамодобрено,17,20,microcredit,,
микрокредит на длительный срок,17,20,microcredit,,
микрокредит на карту вамодобрено,17,20,microcredit,,
микрокредит под залог вамодобрено,17,20,microcredit,,
микрокредит с плохой кредитной историей вамодобрено,17,20,microcredit,,
микрокредит moneyman,17,20,microcredit,,
долгосрочные микрозаймы на карту,17,19,zaim,,
как взять кредит быстрые деньги,17,19,microcredit,,
7payda микрокредит,17,18,microcredit,,
взять микрокредит онлайн на карту срочно eurocredit ru,17,18,microcredit,,
как взять микрокредит спб microcreditor,17,18,microcredit,,
микрокредит до зарплаты манимен,17,18,microcredit,,
микрокредит на карту кредит экспресс,17,18,microcredit,,
микрокредит список definance.kz,17,18,microcredit,,
zaem express,17,18,zaim,,
взять микрокредит срочно microcreditor,17,17,microcredit,,
микрокредит для ип выберу ру,17,17,microcredit,,
микрокредит онлайн на карту microcreditor,17,17,microcredit,,
микрокредит micro-zaim-online,17,17,microcredit,,
кашира личный кабинет,17,16,zaim,,
микрокредит онлайн micro-zaim-online,17,16,microcredit,,
микрокредитбанк курс доллара,17,16,microcredit,,
freedom finance credit,17,16,microcredit,,
микрокредит без процентов выберу ру,17,15,microcredit,,
микрозайм на карту новые,17,14,zaim,,
микрокредит банк кредит турлари,17,12,microcredit,,
микрокредит онлайн mfo-zaim,17,9,microcredit,,
мфо дающие с плохой кредитной историей,17,7,zaim,,
микрозаймы онлайн новые мфо,16,40,microzaim,,
займ где нужен только паспорт,16,36,microcredit,,
займ кредиты срочно онлайн,16,36,microzaim,,
срочный займ на кредитную карту онлайн,16,28,microzaim,,
селфи микрокредит,16,24,microcredit,,
день займ на карту,16,23,microzaim,,
какие займы дают пенсионерам,16,23,"microcredit;microzaim",,
микрокредит для бизнеса вамодобрено,16,21,microcredit,,
микрокредиты без отказа mickrozaim.ru,16,21,microcredit,,
взять микрокредит на карту через интернет вамодобрено,16,20,microcredit,,
займ по звонку,16,20,microzaim,,
микрокредит с плохой ки турбозайм,16,20,microcredit,,
микрокредит.,16,20,microcredit,,
срочноденьги мфо,16,20,zaim,,
взять займ с высоким одобрением,16,19,microzaim,,
взять микрокредит micro-zaim-online,16,19,microcredit,,
все микрокредиты вамодобрено,16,19,microcredit,,
микрокредит без страховки вамодобрено,16,19,microcredit,,
микрокредит в россии для граждан казахстана вамодобрено,16,19,microcredit,,
микрокредит для ип вамодобрено,16,19,microcredit,,
микрокредит до зарплаты вамодобрено,16,19,microcredit,,
микрокредит онлайн ип вамодобрено,16,19,microcredit,,
микрокредит онлайн на карту вамодобрено,16,19,microcredit,,
микрокредит с черным списком вамодобрено,16,19,microcredit,,
тенгода,16,19,microcredit,,
tez bol займ микрокредит,16,19,microcredit,,
гк 807,16,18,zaim,,
дополучкина,16,18,microzaim,,
микрокредит без фото вамодобрено,16,18,microcredit,,
микрокредит онлайн на карту без отказа вамодобрено,16,18,microcredit,,
микрокредиты на карту без отказа без проверки bistrodengi.ru,16,18,microcredit,,
рейтинг лучших займов,16,18,microzaim,,
рефинансирование микрокредитов вамодобрено,16,18,microcredit,,
взять микрокредит онлайн на карту срочно еврокредит ру,16,17,microcredit,,
взять микрокредит turbozaim.ru/,16,17,microcredit,,
вход в аденьги,16,17,zaim,,
деньги на карту быстро без отказа,16,17,zaim,,
микрокредит быстро деньги,16,17,microcredit,,
микрокредит взять turbozaim.ru/,16,17,microcredit,,
микрокредиты онлайн microcreditor,16,17,microcredit,,
микрокредиты рейтинг choosingbestloan,16,17,microcredit,,
микрокредиты с плохой историей,16,17,microcredit,,
мфо для пропащих,16,17,zaim,,
а деньги сразу личный кабинет,16,16,zaim,,
взять микрокредит без отказов на карту microcreditor,16,16,microcredit,,
взять микрокредит без отказов онлайн microcreditor,16,16,microcredit,,
взять микрокредит на карту без подбора microcreditor,16,16,microcredit,,
взять микрокредит choosingbestloan,16,16,microcredit,,
займ на один год,16,16,microcredit,,
микрокредит онлайн на карту выберу ру,16,16,microcredit,,
микрокредит turbozaim.ru/,16,16,microcredit,,
онлайн микрокредит mickrozaim.ru,16,16,microcredit,,
взять мфо микрокредит займ мгновенно с плохой ки,16,15,microcredit,,
займ до 200 тыс,16,15,microcredit,,
привет сосед мфо личный кабинет,16,15,zaim,,
турбозайм лк вход,16,15,zaim,,
микрокредит на карту онлайн выберу ру,16,14,microcredit,,
микрокредит rsb24,16,14,microcredit,,
быстрый займ на карту онлайн без отказа без процентов,16,13,microzaim,,
кредит под 0 процентов на карту первый займ,16,13,microzaim,,
микрокредит на карту mfo-zaim,16,9,microcredit,,
кредит под материнский капитал наличными,16,8,zaim,,
микрокредит с плохой кредитной истории,16,7,microcredit,,
kviku ru,15,54,zaim,,
новый микрозайм на карту,15,44,zaim,,
турбойзайм,15,39,zaim,,
микрокредит костанай,15,38,microcredit,,
получить микрокредит без отказа,15,33,microcredit,,
кредит 366,15,31,microcredit,,
микрокредит первый займ без процентов,15,25,microcredit,,
микрокредит 24/7,15,23,microcredit,,
микрокредит на карту онлайн быстро,15,23,microcredit,,
микрокредиты онлайн срочно eurocredit ru,15,23,microcredit,,
авто в ломбард под птс,15,21,zaim,,
экомания микрокредит,15,21,microcredit,,
кредитнр,15,20,zaim,,
микрокредит для граждан снг турбозайм,15,20,microcredit,,
микрокредиты алматы,15,20,microcredit,,
микрокредит до 50 000 без отказа,15,19,microcredit,,
займ по номеру телефона на карту,15,18,microzaim,,
займ с армянским паспортом для граждан армении,15,18,microzaim,,
микрокредит алматы онлайн definance,15,18,microcredit,,
микрокредит без отказа до 10 000,15,18,microcredit,,
микрокредит на карту без отказа без проверки mickrozaim.ru,15,18,microcredit,,
микрокредит несовершеннолетним вамодобрено,15,18,microcredit,,
микрокредит онлайн definance,15,18,microcredit,,
микрокредит рк definance,15,18,microcredit,,
микрокредиты пенсионерам до 80 вамодобрено,15,18,microcredit,,
получить микрокредит definance,15,18,microcredit,,
сисилон микрокредит,15,18,microcredit,,
взять микрокредит на карту moneyman,15,17,microcredit,,
деньги ok,15,17,zaim,,
микрокредит казахстан definance,15,17,microcredit,,
микрокредит на карту срочно выберу ру,15,17,microcredit,,
микрокредит на карту micro-zaim-online,15,17,microcredit,,
микрокредит онлайн казахстан definance,15,17,microcredit,,
микрокредит через госуслуги вамодобрено,15,17,microcredit,,
взять микрокредит без отказов мгновенно microcreditor,15,16,microcredit,,
кредит онлайн с плохой историей без отказа,15,16,zaim,,
мфо новые только открывшиеся без отказа,15,16,zaim,,
первый микрокредит без переплат кредит экспресс,15,16,microcredit,,
взять микрокредит без отказов срочно microcreditor,15,15,microcredit,,
где взять микрокредит microcreditor,15,15,microcredit,,
кредит микрокредит turbozaim.ru/,15,15,microcredit,,
микрокредит онлайн на карту выберу,15,15,microcredit,,
микрокредит оформить онлайн microcreditor,15,15,microcredit,,
оформить заявку на микрокредит microcreditor,15,15,microcredit,,
кредит на карту онлайн без отказа срочно,15,13,zaim,,
микрокредит для ип выберу,15,13,microcredit,,
кредит экофинанс,15,12,microzaim,,
мкк а деньги от альфа банка личный кабинет,15,12,microzaim,,
новые микрокредиты казахстан,15,12,microcredit,,
микрокредит кыргызстан онлайн,15,11,microcredit,,
микрокредиты онлайн на карте,15,9,microcredit,,
рефинансирования микрокредитов с плохой кредитной,15,9,microcredit,,
взять микрокредит без отказов mfo-zaim,15,8,microcredit,,
новые мфо без отказа срочно,14,36,zaim,,
быстро дкньги,14,33,microzaim,,
лучший микрокредит онлайн,14,32,microcredit,,
микрокредит на карту срочно eurocredit ru,14,30,microcredit,,
микрокредиты пенсионерам до 80,14,28,microcredit,,
автоломбард под птс автомобиль,14,27,zaim,,
под залог птс без осмотра автомобиля,14,26,zaim,,
займы онлайн россия,14,24,microzaim,,
denga ru,14,23,zaim,,
manimen микрокредит,14,22,microcredit,,
лимзайм,14,21,zaim,,
микрозайм давака,14,21,zaim,,
взять микрокредит онлайн на карту moneyman,14,20,microcredit,,
займ россия онлайн,14,20,microzaim,,
микрозайм какой лучше,14,20,zaim,,
дозаплати,14,19,zaim,,
микрокредит онлайн на банковскую карту moneyman,14,19,microcredit,,
fintets,14,19,zaim,,
займы на карту первый раз без процентов,14,18,microzaim,,
микрозаймы микрокредиты,14,18,microcredit,,
микрокредит займ на карту moneyman,14,18,microcredit,,
микрокредит сразу definance,14,18,microcredit,,
взять микрокредит на карту через интернет не выходя из дома mickrozaim.ru,14,17,microcredit,,
деньги да микрокредит mickrozaim.ru,14,17,microcredit,,
кредит фридом банк,14,17,microcredit,,
микрокредит быстро definance,14,17,microcredit,,
микрокредит онлайн быстро definance,14,17,microcredit,,
микрокредит список definance,14,17,microcredit,,
микрокредиты без залога definance,14,17,microcredit,,
микрокредит на карту без отказа вамодобрено,14,16,microcredit,,
микрокредит на карту быстро definance,14,16,microcredit,,
микрокредит на карту срочно выберу,14,16,microcredit,,
онлайн микрокредиты в казахстане,14,16,microcredit,,
а деньги взять кредит,14,15,zaim,,
взять срочно безотказный онлайн микрокредит без проверки кредитной истории microcreditor,14,15,microcredit,,
быстрые займы онлайн на карту без отказа,14,14,microzaim,,
взять микрокредит без отказов без процентов microcreditor,14,14,microcredit,,
взять микрокредит без отказов круглосуточно microcreditor,14,14,microcredit,,
взять микрокредит на карту через интернет не выходя из дома в ташкенте uz choosingbestloan,14,14,microcredit,,
взять микрокредит онлайн быстро microcreditor,14,14,microcredit,,
взять микрокредит онлайн на карту выберу ру,14,14,microcredit,,
микрокредит на карту онлайн выберу,14,14,microcredit,,
микрокредит с просрочкой,14,14,microcredit,,
микрокредиты 2025 finzo ru,14,14,microcredit,,
э капуста личный кабинет,14,14,zaim,,
госуслуги личный кабинет займ,14,13,microzaim,,
займ онлайн на год на карту,14,13,microcredit,,
все микрозаймы через госуслуги,14,12,microzaim,,
займ белорусам,14,12,microzaim,,
займ казахстан онлайн на карту,14,12,microcredit,,
вход в личный кабинет быстро деньги войти по номеру,14,11,zaim,,
микрокредит онлайн казахстан на карту,14,11,microcredit,,
микрокредиты онлайн на год,14,10,microcredit,,
рефинансирование микрозаймов с просрочками без отказа на карту срочно плохой кредитной историей,14,10,microcredit,,
микрозаймы с ужасной кредитной историей,14,9,microcredit,,
микрокредит онлайн цнт-банк,14,9,microcredit,,
микрокредиты micro-zaim,14,8,microcredit,,
микрокредит через госуслуги t_me_top_zaim24 t_me_top_zaim24,14,6,microcredit,,
микрокредит без отказа rsb24,14,5,microcredit,,
займ на карту через портал госуслуги. оформить микрокредит онлайн без отказа срочно,14,4,microcredit,,
микрокредит займер,13,83,microcredit,,
микрокредит под залог авто,13,49,microcredit,,
микрокредит для бизнеса,13,36,microcredit,,
взять микрокредит на карту через интернет без отказа,13,29,microcredit,,
займы онлайн на карту банки ру,13,29,microcredit,,
микрокредит 100,13,25,microcredit,,
оне кредит микрокредит,13,23,microcredit,,
е капцста,13,22,zaim,,
займ онлайн без проверок историей,13,22,microzaim,,
микрокредиты онлайн срочно еврокредит ру,13,22,microcredit,,
бостра вход,13,21,zaim,,
деньги под залог птс машина остается,13,21,zaim,,
займ онлайн без отказа с плохой кредитной историей и просрочками,13,21,microzaim,,
микрокредит на карту моментально,13,21,microcredit,,
да давака,13,19,zaim,,
микрокредиты на карту онлайн займ 5,13,19,microcredit,,
мк стратосфера займ,13,19,microzaim,,
кешь тую,13,18,zaim,,
микрокредит на карту mickrozaim.ru,13,18,microcredit,,
микрокредит с плохой кредитной историей без отказа турбозайм,13,18,microcredit,,
микрокредит с плохой кредитной историей турбозайм,13,18,microcredit,,
микрокредиты с плохой кредитной историей турбозайм,13,18,microcredit,,
сросноденьги,13,18,zaim,,
moneyman микрокредит,13,18,microcredit,,
где лучше взять микрокредит,13,17,microcredit,,
микрокредит займ moneyman,13,17,microcredit,,
микрокредит на карту онлайн без посещения банка polyzaim,13,17,microcredit,,
микрокредит онлайн на карту definance,13,17,microcredit,,
микрокредит онлайн с плохой кредитной историей mickrozaim.ru,13,17,microcredit,,
микрокредит definance,13,17,microcredit,,
микрокредиты micro-zaim-online,13,17,microcredit,,
оформить микрокредит definance,13,17,microcredit,,
турбомани мфо казахстан,13,17,microcredit,,
взять микрокредит в казахстане definance,13,16,microcredit,,
взять микрокредит срочно mickrozaim.ru,13,16,microcredit,,
где взять микрокредит definance,13,16,microcredit,,
где можно взять микрокредит definance,13,16,microcredit,,
микрозайм на карту с плохой ки,13,16,microcredit,,
микрозаймы сайты,13,16,zaim,,
микрокредит без отказа definance,13,16,microcredit,,
микрокредит на год без отказа definance,13,16,microcredit,,
микрокредит онлайн на карту без отказа definance,13,16,microcredit,,
микрокредиты moneyman,13,16,microcredit,,
мкк экофинанс личный,13,16,microzaim,,
оформить микрокредит moneyman,13,16,microcredit,,
hava finance,13,16,microcredit,,
взять микрокредит на дому вамодобрено,13,15,microcredit,,
взять микрокредит на карту без отказа срочно eurocredit ru,13,15,microcredit,,
выгодные микрокредиты definance,13,15,microcredit,,
микрокредит займ казахстан definance,13,15,microcredit,,
микрокредит онлайн на карту срочно без отказа bistrodengi.ru,13,15,microcredit,,
микрокредиты eqzaim.ru,13,15,microcredit,,
мфо микрокредит,13,15,microcredit,,
хава кредит,13,15,microcredit,,
микрокредит оформить онлайн turbozaim.ru/,13,14,microcredit,,
микрокредиты казахстан онлайн,13,14,microcredit,,
в каких мфо и мкк можно взять срочно безотказный онлайн микрокредит без проверки кредитной истории microcreditor,13,13,microcredit,,
взять микрокредит без фото с паспортом microcreditor,13,13,microcredit,,
взять микрокредит быстро microcreditor,13,13,microcredit,,
взять микрокредит онлайн на карту выберу,13,13,microcredit,,
взять микрокредит онлайн спб microcreditor,13,13,microcredit,,
микрокредит на полгода knopkadengi.ru,13,13,microcredit,,
микрокредит под залог авто на плус-автоломбард ру,13,13,microcredit,,
микрокредит получить turbozaim.ru/,13,13,microcredit,,
взять займ на карту без отказа срочно с плохой кредитной историей и просрочками,13,12,microzaim,,
микрокредиты онлайн на карту срочно без отказа круглосуточно,13,12,microcredit,,
все микрофинансы список,13,11,microzaim,,
займы онлайн без отказа срочно на карту,13,11,microzaim,,
новые микрофинансовые организации выдающие онлайн займы без отказа на карту без проверок срочно,13,11,microcredit,,
займ через госуслуги на карту без отказа без проверки срочно,13,10,microzaim,,
займы онлайн срочно без отказа на карту,13,10,microzaim,,
займы онлайн через госуслуги на карту без звонков,13,10,microcredit,,
займ онлайн без отказа через госуслуги,13,8,microcredit,,
микрокредит без отказа онлайн mfo-zaim,13,8,microcredit,,
рефинансирование мфо с просрочками с плохой,13,7,microzaim,,
микрокредит онлайн с переводом на карту рсб 24 ру,13,4,microcredit,,
микрокредит на месяц rsb 24 ru,13,3,microcredit,,
микрокредит переводом рсб24,13,3,microcredit,,
gmoney микрокредит,12,41,microcredit,,
микрокредиты онлайн на карту eurocredit ru,12,28,microcredit,,
взять деньги в мфо,12,27,microzaim,,
микрокредит 30000,12,23,microcredit,,
микрокредит с плохой кредитной,12,23,microcredit,,
займы на номер телефона,12,22,microcredit,,
не вернуть микрокредит 2018,12,22,microcredit,,
займы при просрочках,12,21,microzaim,,
микрозаймы онлайн на карту срочно россия,12,21,zaim,,
микрокредит онлайн на банковскую карту eurocredit ru,12,19,microcredit,,
микрокредит без отказа mickrozaim.ru,12,18,microcredit,,
микрокредит на карту creditom ru,12,18,microcredit,,
микрозайм занять,12,17,zaim,,
микрокредит на карту definance,12,16,microcredit,,
микрокредит на карту moneyman,12,16,microcredit,,
микрокредиты онлайн на карту moneyman,12,16,microcredit,,
паразайм,12,16,zaim,,
взять деньги в долг под птс,12,15,zaim,,
взять микрокредит на карту через интернет definance,12,15,microcredit,,
взять микрокредит на карту definance,12,15,microcredit,,
взять микрокредит онлайн definance,12,15,microcredit,,
займ на карту банки ру,12,15,microcredit,,
микрокредит на карту без отказа definance,12,15,microcredit,,
оформить микрокредит онлайн definance,12,15,microcredit,,
размеры микрокредитов,12,15,microcredit,,
взять микрокредит на карту через интернет не выходя из дома moneyman,12,14,microcredit,,
взять микрокредит онлайн на карту definance,12,14,microcredit,,
взять микрокредит eqzaim.ru,12,14,microcredit,,
займ тез бол,12,14,microcredit,,
микрокредит без отказа bistrodengi.ru,12,14,microcredit,,
микрокредит долгосрочный,12,14,microcredit,,
микрокредит займ definance,12,14,microcredit,,
микрокредит на карту без проверки,12,14,microcredit,,
микрокредит на карту eqzaim.ru,12,14,microcredit,,
микрокредит онлайн eqzaim.ru,12,14,microcredit,,
микрокредит через госуслуги moneyman,12,14,microcredit,,
мфо фридом финанс кредит,12,14,microcredit,,
займы онлайн на карту безработным без проверок,12,13,microzaim,,
капталина,12,13,zaim,,
микрокредит без процентов выберу,12,13,microcredit,,
микрокредиты онлайн без отказа,12,13,microcredit,,
новый микрозайм без отказа,12,13,zaim,,
онлайн микрокредит bistrodengi.ru,12,13,microcredit,,
оформить микрокредит онлайн eqzaim.ru,12,13,microcredit,,
получить микрокредит turbozaim.ru/,12,13,microcredit,,
чтобы взять микрокредит какие нужны данные microcreditor,12,13,microcredit,,
взять микрокредит 35 тысяч рублей онлайн без смс и регистрации microcreditor,12,12,microcredit,,
взять микрокредит без отказов без проверок microcreditor,12,12,microcredit,,
взять микрокредит в новомосковске microcreditor,12,12,microcredit,,
взять микрокредит волгоград microcreditor,12,12,microcredit,,
как получить микрокредит на карту через интернет не выходя microcreditor,12,12,microcredit,,
курс доллара в узбекистане микрокредит банк,12,12,microcredit,,
микрокредит без проверок microcreditor,12,12,microcredit,,
микрокредит на карту без отказа без проверки microcreditor,12,12,microcredit,,
микрокредиты онлайн на карту срочно,12,12,microcredit,,
мфо через госуслуги кредит экспресс,12,12,"microzaim;zaim",,
срочно деньги без отказа на карту,12,12,microcredit,,
timezaim kz,12,12,zaim,,
займ без учета кредитной истории,12,11,microzaim,,
рефинансирования микрокредитов рефинансирование всех,12,11,microcredit,,
екапуста личный кабинет займер,12,10,zaim,,
микрокредит узбекистан,12,10,microcredit,,
микрокредит на карту цнт-банк,12,9,microcredit,,
микрокредиты онлайн на карту круглосуточно,12,9,microcredit,,
микрокредит кредит плюс,12,8,microcredit,,
взять микрокредит без отказа mfo-zaim,12,7,microcredit,,
взять микрокредит mfo-zaim,12,7,microcredit,,
как выплачивать микрокредиты и алименты одновременно сложности и возможности,12,7,microcredit,,
как прекратить выплату задолженности по микрокредиту с непомерными процентами,12,7,microcredit,,
солво кредит отправить заявку на кредит,12,7,microcredit,,
партнерки с микрокредитами,12,6,microcredit,,
микрокредиты на карту за 5 минут rsb 24,12,3,microcredit,,
микрозаймы неизвестные,11,60,zaim,,
микрокредит на карту срочно еврокредит ру,11,31,microcredit,,
тенгеда личный кабинет,11,27,microcredit,,
мани ман займ,11,26,microcredit,,
микрокредиты онлайн на карту еврокредит ру,11,26,microcredit,,
коедитплюс,11,25,microcredit,,
займ one,11,23,microcredit,,
взять срочно безотказный онлайн микрокредит с ужасной кредитной историей и текущими просрочками по микрозаймам взять взять микрокредит онлайн без проверки кредитной истории,11,21,microcredit,,
какой микрокредит дает без отказа,11,21,"microcredit;zaim",,
кредитный займ онлайн заявка,11,21,microzaim,,
получить микрокредит через киви,11,21,microcredit,,
взять кредит на левый паспорт,11,20,microcredit,,
взять микрокредит на дому,11,20,microcredit,,
микрокредиты mickrozaim.ru,11,17,microcredit,,
взять деньги до зарплаты онлайн,11,16,zaim,,
взять микрокредит moneyman,11,16,microcredit,,
микрокредиты все,11,16,microcredit,,
можно ли взять микрокредит без личного присутствия,11,16,microcredit,,
freedom zaim,11,16,microcredit,,
взять микрокредит на карту без отказа срочно mickrozaim.ru,11,15,microcredit,,
микрокредит онлайн на карту срочно без отказа mickrozaim.ru,11,15,microcredit,,
микрокредит онлайн срочно definance,11,15,microcredit,,
freedom микрокредит,11,15,microcredit,,
взять микрокредит на карту без отказа срочно eurocredit,11,14,microcredit,,
кредит под залог авто в красноярске,11,14,zaim,,
микрозайм 365 личный кабинет,11,14,microcredit,,
микрокредит 100 одобрение,11,14,microcredit,,
микрокредит кредит definance,11,14,microcredit,,
микрокредит на карту срочно definance,11,14,microcredit,,
микрокредит онлайн без отказа definance,11,14,microcredit,,
микрокредит онлайн без процентов definance,11,14,microcredit,,
микрокредит онлайн на карту еврокредит ру,11,14,microcredit,,
микрокредит срочно definance,11,14,microcredit,,
микрокредиты список,11,14,microcredit,,
займ на сбер,11,13,microzaim,,
займы с плохой кредитной историей без отказа срочно на карту и просрочками,11,13,microzaim,,
микрокредит без процентов definance,11,13,microcredit,,
микрокредиты с плохой кредитной историей кредит экспресс,11,13,microcredit,,
онлайн микрокредит на карту eurocredit ru,11,13,microcredit,,
пко рсв микрокредит,11,13,microcredit,,
получить микрокредит eqzaim.ru,11,13,microcredit,,
приходят смс с займами что делать,11,13,microzaim,,
топ займер,11,13,microzaim,,
взять микрокредит с плохой историей,11,12,microcredit,,
гк рф 807,11,12,zaim,,
кредитный калькулятор мфо,11,12,"microcredit;microzaim",,
микрокредит до зарплаты moneyman.ru/products/do-zarplaty/,11,12,microcredit,,
микрокредит на карту онлайн eurocredit еврокредит ру eurocredit ru eurocredit.ru/zaimy/novye/,11,12,microcredit,,
микрокредит онлайн алматы,11,12,microcredit,,
микрокредит онлайн на карту eurocredit ru,11,12,microcredit,,
микрокредит онлайн с плохой кредитной историей eurocredit ru,11,12,microcredit,,
микрокредит с плохой историей eurocredit ru,11,12,microcredit,,
микрокредиты bistrodengi.ru,11,12,microcredit,,
онлайн микрокредит на карту еврокредит ру,11,12,microcredit,,
целфинанс,11,12,zaim,,
konga zaim,11,12,zaim,,
взять микрокредит без отказов срочные microcreditor,11,11,microcredit,,
займ без фото документов на карту,11,11,microzaim,,
микрозаймы микрокредиты microcreditor,11,11,microcredit,,
микрокредит без процентов еврокредит ру,11,11,microcredit,,
микрокредит онлайн на карту без отказа knopkadengi.ru,11,11,microcredit,,
мфо с плохой кредитной историей без отказа финдозор,11,11,zaim,,
нео кредит микрокредит личный кабинет,11,11,microcredit,,
бзаем личный кабинет,11,10,zaim,,
вувис личный кабинет,11,10,zaim,,
лучшие веб займы,11,10,microzaim,,
микрокредит банк да доллар курси,11,10,microcredit,,
доллар курс микрокредит банк,11,9,microcredit,,
микрокредит на 12 месяцев,11,9,microcredit,,
микрокредит на карту маэстро,11,9,microcredit,,
новые мфо онлайн без отказа,11,9,"microcredit;microzaim;zaim",,
микрокредит 200000,11,8,microcredit,,
микрокредит на карту с плохой ки,11,8,microcredit,,
микрокредитбанк кредитлари 2025,11,8,microcredit,,
микрокредиты онлайн кз,11,8,microcredit,,
экофинанс займ вход в личный кабинет,11,8,microzaim,,
возможно ли арестовать заложенный дом при невыплате микрокредита онлайн,11,7,microcredit,,
займ 200 000 рублей срочно,11,7,microzaim,,
займы 0 процентов первый раз быстрый на карту,11,6,microzaim,,
микрокредит срочно с плохой кредитной историей,11,6,microcredit,,
скачать скб финанс приложение,11,6,zaim,,
микрокредит на карту без отказа рсб 24,11,3,microcredit,,
микрокредит без процентов рсб24 ру,11,2,microcredit,,
микрокредит онлайн рсб 24,11,2,microcredit,,
оформить микрозайм быстро,10,48,microcredit,,
взять кредит на озон банке онлайн заявка,10,44,zaim,,
как узнать есть ли у меня микрозаймы и кредиты,10,26,microzaim,,
какие займы хорошие,10,25,microcredit,,
микрозайм на карту онлайн без процентов без отказа,10,23,zaim,,
быстроден,10,19,zaim,,
займер рф,10,19,zaim,,
кредит 365 микрокредит,10,19,microcredit,,
промокоды микрозаймы действующие,10,19,microcredit,,
займ сейчас онлайн,10,18,"microcredit;microzaim",,
микрокредит онлайн на банковскую карту еврокредит ру,10,18,microcredit,,
микрокредит займ на карту eurocredit ru,10,17,microcredit,,
оформить микрокредит на карту,10,17,microcredit,,
микро деньги займ на карту,10,16,microzaim,,
ванкликиани,10,15,zaim,,
микрозайм казахстан онлайн,10,15,microcredit,,
новая мфо без отказа,10,15,zaim,,
займ на карту сегодня,10,14,microcredit,,
микрокредит на карту онлайн без посещения банка полизайм,10,14,microcredit,,
мони май займ,10,14,microcredit,,
мфо список новых,10,14,zaim,,
взять микрокредит по паспорту манимен,10,13,microcredit,,
коке кз микрокредит,10,13,microcredit,,
корона займ на карту личный кабинет,10,13,microzaim,,
корона кредит взять на карту,10,13,zaim,,
микрокредит караганда definance,10,13,microcredit,,
микрокредит круглосуточно казахстан definance,10,13,microcredit,,
микрокредит наличными definance,10,13,microcredit,,
первый микрокредит без переплат еврокредит ру,10,13,microcredit,,
сайт бустра займ,10,13,microcredit,,
томи кз займ микрокредит,10,13,microcredit,,
one credit личный кабинет войти,10,13,microcredit,,
взять микрокредит на карту eqzaim.ru,10,12,microcredit,,
займ до 200000 рублей без отказа на карту,10,12,microzaim,,
займы кз без отказа,10,12,microzaim,,
кредит микрокредиты,10,12,microcredit,,
микрокредит без отказа еврокредит ру,10,12,microcredit,,
микрокредит без подтверждения личности вамодобрено,10,12,microcredit,,
микрокредит на карту без отказа nado zaim com,10,12,microcredit,,
микрокредит онлайн bistrodengi.ru,10,12,microcredit,,
микрокредит оформить eqzaim.ru,10,12,microcredit,,
озон банк оформить кредит,10,12,zaim,,
оформить микрокредит eqzaim.ru,10,12,microcredit,,
первый микрокредит без переплат eurocredit ru,10,12,microcredit,,
хава кз личный кабинет,10,12,microcredit,,
какой займ 100 процентов даст денег,10,11,microzaim,,
микрокредит по паспорту вамодобрено,10,11,microcredit,,
микрокредиты онлайн turbozaim.ru/,10,11,microcredit,,
онлайн микрокредиты turbozaim.ru/,10,11,microcredit,,
реферальные программы мфо,10,11,microcredit,,
tezbol личный кабинет,10,11,microcredit,,
белые деньги мфо личный кабинет,10,10,zaim,,
все новые мфо онлайн,10,10,zaim,,
где срочно взять деньги без отказа без проверки мгновенно рсб,10,10,zaim,,
микрокредит на карту онлайн eurocredit ru еврокредит ру eurocredit eurocredit.ru/zaimy/novye/,10,10,microcredit,,
микрокредиты на карту онлайн займ 5 microcreditor,10,10,microcredit,,
микрокредиты список credits,10,10,microcredit,,
микрокредиты credit-xpress,10,10,microcredit,,
тез займ микрокредит,10,10,microcredit,,
eckz микрокредит,10,10,microcredit,,
буни мани личный кабинет,10,9,zaim,,
быстрый займ на карту онлайн без отказов без процентов заявка,10,9,microzaim,,
займы без отказа кз,10,9,microcredit,,
займы отзывы людей,10,9,microzaim,,
креди 7 личный кабинет,10,9,zaim,,
лучшие мфк онлайн,10,9,microcredit,,
микро кредит деньги сразу в казахстане без процентов на карту онлайн,10,9,microcredit,,
микрокредит для гражданина узбекистана,10,9,microcredit,,
микрокредит цнт-банк,10,9,microcredit,,
быстрые займы без отказов,10,8,microzaim,,
взять микрокредит на карту без отказа срочно выберу ру,10,8,microcredit,,
где можно взять деньги с просрочками,10,8,microzaim,,
как рефинансировать микрозаймы в один кредит с просрочками,10,8,microzaim,,
микрокредиты алматы онлайн на карту,10,8,microcredit,,
взять кредит с плохой кредитной историей и просрочками на карту срочно онлайн без отказа и проверок,10,7,zaim,,
рефинансирование микрозайм,10,7,"microcredit;zaim",,
рефинансирование по микрозаймам,10,7,microcredit,,
солва онлайн кредит,10,7,microcredit,,
деньги на карту с плохой кредитной историей и просрочками без отказа,10,6,zaim,,
заем без проверок,10,6,microzaim,,
заявка на онлайн займ на карту,10,6,microzaim,,
требуют микрокредит который я не брал,10,6,microcredit,,
займы в кыргызстане,10,5,microcredit,,
микрозайм в кыргызстане,10,5,microcredit,,
микрокредиты на год на карту,10,5,microcredit,,
микрокредит онлайн с плохой кредитной историей rsb24 ru,10,2,microcredit,,
срочноденьги ру,9,35,zaim,,
zaymer ru вход,9,34,zaim,,
smszaem,9,22,zaim,,
какой займ точно одобрят с плохой кредитной историей,9,19,microcredit,,
онлайн кредит узбекистан на карту,9,19,microzaim,,
быстро дееьги,9,17,zaim,,
кредит на карту без паспорта и номера телефона,9,16,microzaim,,
турбозпцм,9,16,zaim,,
займ беспроцентный на карту онлайн,9,13,microzaim,,
целевой финанс,9,13,zaim,,
вжбзайм личный кабинет,9,12,zaim,,
займ денежных средств на карту срочно,9,12,microcredit,,
займы без процентов список,9,12,"microcredit;microzaim",,
мини займ на карту без отказа онлайн срочно,9,12,microzaim,,
мфк стратосфера займ,9,12,microzaim,,
привет сосед щайм,9,12,zaim,,
займы рейтинг лучших,9,11,microzaim,,
микро кредиты казахстан,9,11,microcredit,,
небус сайт,9,11,zaim,,
первый заем без процентов,9,11,microzaim,,
боостоа,9,10,zaim,,
займ без процентов госуслуги,9,10,microzaim,,
новые компании мфо,9,10,"microcredit;microzaim",,
быстро деньги займ онлайн на карту без,9,9,microcredit,,
деньги без процентов на карту взять,9,9,microzaim,,
как правильно закрывать микрозаймы если их много,9,9,microzaim,,
как узнать кому должен микрозаймы,9,9,microzaim,,
кредит без залога птс автомобиля,9,9,zaim,,
онлайн займы в казахстане новые сайты,9,9,microcredit,,
взять займ на карту без отказа на год,9,8,microcredit,,
до зп сайт,9,8,zaim,,
займы онлайн сразу без отказа,9,8,"microcredit;microzaim",,
займэкпресс,9,8,zaim,,
кредит на карту без отказа без проверки мгновенно с плохой кредитной историей,9,7,zaim,,
манимен займ онлайн на карту без процентов,9,7,microcredit,,
новые займы онлайн с плохой ки,9,7,microzaim,,
онлайн займ на карту через госуслуги без посредников,9,7,microzaim,,
оформить кредит по номеру,9,7,microzaim,,
долг в микрозаймах что делать,9,6,microcredit,,
рефинансирование микрозаймов с плохой ки,9,6,microcredit,,
займ онлайн на карту 18 лет,9,5,microzaim,,
доброзай,8,26,"microzaim;zaim",,
взять микрозайм без фото,8,24,zaim,,
займ проверенный на карту без процентов,8,19,microzaim,,
микрозаем все займы,8,18,microzaim,,
bella credit,8,18,zaim,,
деньги на карту займ без отказа,8,17,microcredit,,
список займов на карту без отказа,8,17,microcredit,,
турбо зайи,8,17,zaim,,
сравни ру займы на карту онлайн без отказа,8,16,microcredit,,
взять займ пенсионеру до 80 лет,8,15,microcredit,,
онлайн микрозайм казахстан,8,15,microcredit,,
сравни микрозаймы на карту,8,13,microcredit,,
якопуста,8,12,zaim,,
mega деньги,8,12,zaim,,
взять займ в короне,8,11,microcredit,,
взять займ на карту на полгода,8,11,microcredit,,
грин мани мани личный кабинет,8,11,zaim,,
займ с плохой кредитной историей без,8,11,microcredit,,
займы по рейтингу,8,11,microcredit,,
взять займ на карту без процентов в первый раз на 30,8,10,microzaim,,
займер личный кабинет войти в личный войти,8,10,zaim,,
займер ру вход в личный,8,10,zaim,,
официальный сайт хурма кредит,8,10,zaim,,
altin coin,8,10,microcredit,,
бостра официальный сайт,8,9,zaim,,
займ на карту без списания денег с карты,8,9,microzaim,,
займ одобрение с просрочками,8,9,microcredit,,
микроденьги займ на карту онлайн заявка,8,9,microcredit,,
мкк с плохой кредитной историей,8,9,microcredit,,
сислоун,8,9,microcredit,,
moneuman,8,9,microcredit,,
prived sosed,8,9,zaim,,
webban,8,9,zaim,,
495 credit ru,8,8,zaim,,
дополучкино партнеры,8,8,microzaim,,
если не отдать микрозайм что будет,8,8,microcredit,,
займ до 1 млн тенге,8,8,microcredit,,
займ на карту онлайн без отказа новые мфо,8,8,microzaim,,
займ онлайн быстрый микрозайм,8,8,microcredit,,
кркдитер,8,8,zaim,,
микрозайм на карту без отказа без проверки мгновенно онлайн без процентов,8,8,zaim,,
микрозаймы без отказа в казахстане,8,8,microcredit,,
не платить микрозаймы что будет,8,8,"microcredit;microzaim",,
онлайн займ с высоким одобрением,8,8,microcredit,,
онлайн калькулятор процентов по кредитному договору,8,8,zaim,,
скизайм,8,8,zaim,,
срочные займы онлайн через интернет,8,8,microzaim,,
умный наличные личный,8,8,zaim,,
деньги в долг на карту быстро,8,7,microzaim,,
онлайн займ на карту сбербанка срочно круглосуточно,8,7,microzaim,,
быстрые деньги на карту сбербанка,8,6,microzaim,,
взять займ все мфо,8,6,microzaim,,
взять микрозайм без проблем,8,6,microcredit,,
деньги онлайн на карту без отказа без проверки мгновенно с плохой кредитной историей,8,6,microzaim,,
екапуста личный кабинет вход по номеру,8,6,zaim,,
займ без процентов проверенный,8,6,microcredit,,
как закрыть все микрокредиты,8,6,microzaim,,
микрозайм онлайн на банковскую карту без отказа взять срочно,8,6,zaim,,
микрозаймы под 0 процентов первый раз на карту,8,6,microzaim,,
новые микрозаймы срочно,8,5,zaim,,
freedom finance кредит,8,5,microcredit,,
skb finance личный кабинет вход по номеру,8,4,zaim,,
микрозайм на карту через онлайн,7,173,zaim,,
микрозаймы новые компании,7,21,zaim,,
фридом онлайн кредит,7,21,microcredit,,
limezaym,7,18,zaim,,
берибеоу,7,17,zaim,,
мфо и мкк новые,7,17,zaim,,
кредисска,7,16,zaim,,
кредит без карты банка,7,16,zaim,,
сравни ру займ на карту онлайн,7,16,microcredit,,
турьощайм,7,15,zaim,,
credit bar kz личный кабинет,7,14,microcredit,,
моментальные деньги на карту,7,13,zaim,,
получить займ онлайн без проверок срочно,7,13,microzaim,,
где можно взять займ на карту без отказа срочно с плохой кредитной историей,7,12,microzaim,,
займы с 100 одобрением на карту без проверки плохой кредитной историей,7,12,microzaim,,
zaimer 365,7,12,microcredit,,
быстпо деньги,7,11,zaim,,
займ при плохой кредитной истории,7,11,microzaim,,
какие займы одобряют с плохой кредитной историей и просрочками,7,11,microcredit,,
срочноденьши,7,11,zaim,,
взять деньги на карту без отказа и без проверок,7,10,zaim,,
самый популярный микрозайм,7,10,microcredit,,
честное слово мкк,7,10,microcredit,,
webbankir личный кабинет войти в личный кабинет по номеру,7,10,zaim,,
бкриберу личный,7,9,zaim,,
займ золотой корона,7,9,microcredit,,
ликизайм,7,9,zaim,,
микрозайм на карту без проверки историй,7,9,zaim,,
микрокредита,7,9,microzaim,,
срочно день,7,9,zaim,,
триумвират это займ,7,9,microzaim,,
ccoloan kz,7,9,microcredit,,
автоломбард под залог птс условия,7,8,zaim,,
алтын коин кредит,7,8,microcredit,,
займ срочно новые мфо,7,8,microzaim,,
займы без верификации личности на карту,7,8,microcredit,,
кредит честное слово,7,8,microcredit,,
кридеттер,7,8,zaim,,
лайм хайм личный кабинет,7,8,zaim,,
микрокредит в москве по паспорту,7,8,microzaim,,
пко рвс,7,8,microcredit,,
честное слово займер,7,8,microzaim,,
бостон займ личный кабинет,7,7,microcredit,,
взять микрозайм на банковскую карту срочно,7,7,zaim,,
дополучкино займ на карту онлайн,7,7,microzaim,,
займ на карту мигрантам,7,7,microzaim,,
займ на карту с большими просрочками,7,7,microzaim,,
займы на зарплатную карту онлайн,7,7,"microcredit;microzaim",,
займы онлайн микрозаймы,7,7,microcredit,,
микрозаймы на карту срочно онлайн без процентов,7,7,zaim,,
микрокредитбанк узбекистан курс доллара,7,7,microcredit,,
мкк стратосфера официальный сайт,7,7,microzaim,,
мфо честное слово официальный сайт,7,7,microzaim,,
новые мфо 2023 года,7,7,zaim,,
получить займ на карту займ 5,7,7,microzaim,,
привет сосед мкк триумвират,7,7,microzaim,,
боостра мфо,7,6,microcredit,,
взять займ с долгами и просрочками,7,6,microcredit,,
вкбзайм личный кабинет,7,6,zaim,,
где можно рефинансировать микрозаймы мфо с просрочками и черным списком,7,6,microcredit,,
займ без лица,7,6,microcredit,,
микрокредит по номеру телефона,7,6,microzaim,,
нецелевые финансы личный кабинет,7,6,zaim,,
новые мфо казахстана,7,6,microcredit,,
оформить займ онлайн без банковской карты,7,6,microzaim,,
рефинансирование микрозаймов с плохой,7,6,microcredit,,
долгосрочный кредит онлайн на карту без отказа,7,5,microcredit,,
займ через госуслуги на карту без отказа без проверки мгновенно круглосуточно без звонков срочно,7,5,"microcredit;microzaim",,
золотая корона микрозайм на карту,7,5,zaim,,
микрокредит в узбекистане онлайн сейчас,7,5,microzaim,,
надо денег микрозаймы,7,5,zaim,,
vivus деньги личный кабинет,7,5,zaim,,
личный кабинет credit plus,7,4,microcredit,,
надо деньги личный кабинет вход по номеру телефона,7,4,zaim,,
совсем новые микрозаймы,7,4,microcredit,,
zaymer личный,6,44,zaim,,
займ с любой кредитной историей онлайн,6,14,microzaim,,
займ под большой процент но с точным одобрением на карту,6,13,microzaim,,
микрозаем онлайн на карту,6,13,"microcredit;microzaim;zaim",,
быстро дерьги,6,11,zaim,,
тенге да кз личный,6,11,microcredit,,
кредит первый займ без процентов,6,10,microcredit,,
деньги ок контакты,6,9,zaim,,
как проверить где есть займы,6,9,microzaim,,
микрозаймы первый раз без процентов,6,9,"microzaim;zaim",,
взаймы онлайн на карту без отказа без проверки,6,8,zaim,,
займы новые мфо без отказа,6,8,microcredit,,
кешьмагнит,6,8,zaim,,
клоан кз займ,6,8,microcredit,,
онлайн займ на карту новые мфо,6,8,microzaim,,
фридом мфо,6,8,microcredit,,
cashiri,6,8,zaim,,
lime zim,6,8,zaim,,
алтин коин,6,7,microcredit,,
алтын кой,6,7,microcredit,,
большие займы на карту срочно,6,7,microcredit,,
взять микрозайм без проверки,6,7,zaim,,
деньги на карту под 0 процентов,6,7,microzaim,,
займ даже безработным,6,7,microcredit,,
займ на карте онлайн без отказа,6,7,"microcredit;microzaim",,
как убрать займ,6,7,microcredit,,
кредит под залог авто птс срочно,6,7,zaim,,
микрозайм до 80 лет,6,7,microcredit,,
микрозайм мигрантам в москве,6,7,microcredit,,
микрозайм онлайн на банковскую карту займ тв,6,7,microcredit,,
самые новые микрофинансовые организации,6,7,microcredit,,
turbozaim ru,6,7,zaim,,
автоломбард машина остается у вас,6,6,zaim,,
без селфи с паспортом микрозайм,6,6,zaim,,
быстрые займы в казахстане,6,6,microcredit,,
взять займ без отказа с 18 лет,6,6,microzaim,,
взять займ срочно с плохой ки,6,6,microzaim,,
где можно рефинансировать микрозаймы с просрочками и черным списком,6,6,microcredit,,
даввка,6,6,zaim,,
займ кредит на карту без отказа без проверки,6,6,microcredit,,
займ на карту мгновенно круглосуточно без отказа с плохой,6,6,"microcredit;microzaim",,
займы онлайн без отказа новые мфо,6,6,microcredit,,
какие займы дают без отказа на карту моментально,6,6,microzaim,,
кредит свои люди,6,6,zaim,,
микрозайм интернет,6,6,"microcredit;zaim",,
микрозаймы на маэстро карту,6,6,microcredit,,
микрозаймы онлайн с 18 лет,6,6,microzaim,,
мкк микро займ,6,6,microzaim,,
партнерская программа займов,6,6,microcredit,,
othnal,6,6,zaim,,
zaimexpres,6,6,zaim,,
где взять деньги в долг с плохой кредитной историей и просрочками,6,5,zaim,,
займ аден adengi ru,6,5,microzaim,,
займ честное слово личный,6,5,microzaim,,
займы на карту круглосуточно без отказа срочно онлайн,6,5,microzaim,,
как взять займ на карту через госуслуги,6,5,microzaim,,
кредит залог птс наличные,6,5,zaim,,
кредит на юмани кошелек,6,5,microzaim,,
курс валют мкб банка на сегодня,6,5,microcredit,,
микро кредит деньги маркет,6,5,microcredit,,
нео кз,6,5,microcredit,,
нпдоденег,6,5,zaim,,
погасить займер,6,5,microcredit,,
приходят смс об одобрении займа от разных мфо,6,5,microzaim,,
тез бол личный кабинет,6,5,microcredit,,
ezaem вход в личный кабинет,6,5,zaim,,
tez credit,6,5,microcredit,,
взять займ под залог автомобиля на карту без отказа,6,4,microzaim,,
где можно получить деньги без отказа с плохой кредитной историей сегодня срочно без отказа,6,4,microcredit,,
заем казахстан,6,4,microcredit,,
займы онлайн все новые,6,4,microcredit,,
как взять займ без паспорта на карту,6,4,microcredit,,
кредит на 6 месяцев онлайн,6,4,microcredit,,
личный кабинет триумвират,6,4,microzaim,,
взять займ онлайн под 0,6,3,microzaim,,
где можно взять займ до зарплаты,6,3,microzaim,,
манимен займ онлайн на карту без процентов за первый займ,6,3,microcredit,,
мгновенный займ на карту онлайн заявка,5,25,"microcredit;microzaim",,
онлайн займ на карту узбекистан,5,18,microcredit,,
микрозайм что нужно для оформления,5,17,microcredit,,
деньги займ без фото паспорта,5,14,microzaim,,
самые популярные микрозаймы на карту,5,14,"microzaim;zaim",,
дозр,5,11,zaim,,
займу деньги онлайн на карту,5,11,microzaim,,
займ тенго,5,10,microcredit,,
сделать займ,5,10,microcredit,,
cridit 365,5,10,microcredit,,
лайкщайм,5,9,zaim,,
список займов онлайн без процентов,5,9,microzaim,,
белка креоит,5,8,zaim,,
бустру,5,8,zaim,,
займ уан кредит,5,8,microcredit,,
микрозаймы на карту без фото паспорта,5,8,microzaim,,
микрокредит без фото паспорта,5,8,microzaim,,
мфо с плохой историей,5,8,zaim,,
эквазайм это,5,8,zaim,,
kreditbar kz,5,8,microcredit,,
заем микро,5,7,microcredit,,
займ длительный срок,5,7,microcredit,,
займ на карту без отказа безработным,5,7,microcredit,,
привет сосед зайс,5,7,zaim,,
тез бол займер,5,7,microcredit,,
юкки звйм,5,7,zaim,,
koke zaim,5,7,microcredit,,
moneza личный,5,7,zaim,,
деньги в займ без паспорта,5,6,microcredit,,
дозарплпты,5,6,"microcredit;microzaim",,
займ 20000 на карту мгновенно,5,6,"microcredit;microzaim",,
займ список лучших,5,6,microzaim,,
займы без фото документов и звонков,5,6,microzaim,,
займы со 100 одобрением на карту без проверки с плохой кредитной,5,6,microzaim,,
займы срочно на карту онлайн,5,6,microcredit,,
какие банки одобряют рефинансирование микрозаймов,5,6,microcredit,,
микрозайм на карту срочно онлайн без отказов,5,6,microcredit,,
мкк мега деньги личный кабинет,5,6,zaim,,
мониман кз,5,6,microcredit,,
мфо альфа,5,6,zaim,,
мфо где первый займ без процентов,5,6,microzaim,,
надо денег личный кабинет войти по номеру телефона и дате рождения,5,6,zaim,,
нео кредит личный кабинет кз,5,6,microcredit,,
новый займ на карту или счет мгновенно,5,6,microzaim,,
рефинансирование микрозаймов в новокузнецке,5,6,microcredit,,
тенго займер,5,6,microcredit,,
топ займов без отказа с плохой кредитной,5,6,microcredit,,
турбозайм личный кабинет личный кабинет,5,6,zaim,,
финтеррс личный кабинет,5,6,zaim,,
честное слово сайт,5,6,microcredit,,
booostra,5,6,zaim,,
dengu click,5,6,microcredit,,
dm credit,5,6,microcredit,,
hava zaim,5,6,microcredit,,
priversosed,5,6,zaim,,
prostoyvopros ru,5,6,zaim,,
tengo займ,5,6,microcredit,,
wan click money,5,6,zaim,,
быстроденьги займ номер телефона,5,5,microcredit,,
ван клип мани,5,5,zaim,,
где можно взять деньги в займ,5,5,"microcredit;microzaim",,
госуслуги личный займ,5,5,microzaim,,
дополучкино мкк,5,5,zaim,,
зайи быстроденьги,5,5,zaim,,
займ 100000 на длительный срок без отказа,5,5,microcredit,,
займ на номер счета,5,5,microzaim,,
займ онлайн реальные отзывы,5,5,microzaim,,
займкспресс,5,5,zaim,,
займы без фото с лицом,5,5,microzaim,,
займы на 200 тысяч,5,5,microcredit,,
займы на карту maksizaim без отказа аналитикс,5,5,"microcredit;microzaim",,
как рефинансировать займы с просрочками можно,5,5,microcredit,,
лучшие мфо на длительный срок на карту круглосуточно,5,5,zaim,,
микро резерв мкк,5,5,zaim,,
микрозайм турбо,5,5,microcredit,,
микрозайм уз,5,5,microcredit,,
небос займ,5,5,microzaim,,
новые мфо без посредников,5,5,microcredit,,
новые мфо с одобрением,5,5,zaim,,
онлайн микрозаймы в казахстане,5,5,"microcredit;microzaim",,
пко рсв официальный сайт,5,5,microcredit,,
список микрозаймы,5,5,microcredit,,
срочный займ на карту онлайн без отказа без проверки,5,5,microzaim,,
тез бол кз личный кабинет,5,5,microcredit,,
тез финанс микрозайм,5,5,microcredit,,
тенго кз личный кабинет войти в личный,5,5,microcredit,,
mikrokreditbank kurs,5,5,microcredit,,
zime express,5,5,zaim,,
бустра мфо личный,5,4,zaim,,
веб банкир ру личный кабинет вход,5,4,zaim,,
веб займер вход в личный,5,4,zaim,,
взять займ онлайн 100 одобрение,5,4,microcredit,,
займ казахстана,5,4,microcredit,,
займ лучше,5,4,microcredit,,
займы по звонку,5,4,microzaim,,
как узнать где я должен в микрозаймах,5,4,microcredit,,
микрозайм без карты срочно,5,4,zaim,,
микрозайм калькулятор рассчитать,5,4,microcredit,,
микрозайм паспорт,5,4,microcredit,,
мкк кеш магнит,5,4,zaim,,
мфк экофинанс официальный сайт личный кабинет,5,4,microzaim,,
оформить займ на карту без отказа срочно через телефон онлайн с моментальным решением,5,4,microzaim,,
портал мфо,5,4,microcredit,,
рефинансирование мфк,5,4,microcredit,,
самые новые мфо на карту,5,4,microzaim,,
триумвират ооо мкк личный кабинет,5,4,microzaim,,
хурма кредит мфо,5,4,zaim,,
взять деньги под залог машины в москве,5,3,zaim,,
деньги в долг на карту без отказа с плохой кредитной историей,5,3,microcredit,,
займ в новых мфо на карту,5,3,microzaim,,
займ на армянский паспорт,5,3,microzaim,,
займ онлайн со 100 одобрением,5,3,microzaim,,
как правильно погасить микрозайм и разорвать договор,5,3,microcredit,,
микрозаймы в кыргызстане,5,3,microcredit,,
онлайн мфо казахстан,5,3,microcredit,,
оформить кредит под птс,5,3,zaim,,
топ проверенных мфо,5,3,microzaim,,
zaim казахстан,5,3,microcredit,,
мгновенные займы на карту без проверок онлайн,5,2,microzaim,,
мфо какие есть,4,16,microcredit,,
список лучших займов на карту,4,16,microzaim,,
займ без подтверждения фото с паспортом,4,11,microcredit,,
займ 100 тысяч без отказа рублей срочно,4,9,microcredit,,
гринман личный кабинет,4,7,zaim,,
займ на карту рейтинг лучших,4,7,microzaim,,
займы самые популярные,4,7,microcredit,,
как получить займ на карту без отказа срочно,4,7,microzaim,,
микрозайм в казахстане онлайн,4,7,microcredit,,
можно ли оформить займ через госуслуги,4,7,microcredit,,
проверить на микрозаймы,4,7,microcredit,,
смфинанс,4,7,zaim,,
kanat займ,4,7,microcredit,,
белка быстроденьги,4,6,zaim,,
все займы полный список,4,6,microcredit,,
деньги в долг через госуслуги,4,6,microcredit,,
деньги о,4,6,zaim,,
займери,4,6,microcredit,,
займы на карту без отказа срочно без проверки с плохой кредитной историей,4,6,microzaim,,
канат займер,4,6,microcredit,,
креди 365,4,6,microcredit,,
маеи мен,4,6,microcredit,,
микрозайм деньги маркет,4,6,microcredit,,
микрозаймы 18 лет,4,6,microcredit,,
новые мфо без платных подписок,4,6,zaim,,
сисфинанс,4,6,zaim,,
умные наличными,4,6,zaim,,
credit bar kz личный,4,6,microcredit,,
monymen займ,4,6,microcredit,,
бостра мфо,4,5,zaim,,
где можно получить займ с плохой кредитной историей,4,5,microcredit,,
деньги маркет кз займ,4,5,microcredit,,
езайм вход,4,5,zaim,,
займ акшамат,4,5,microcredit,,
займы без паспорта рф,4,5,microzaim,,
займы без подтверждения личности на карту,4,5,microzaim,,
займы до 100000 на карту,4,5,microcredit,,
займы с плохой к и,4,5,microzaim,,
как проверить в каких микрозаймах я должен деньги,4,5,microcredit,,
канат кз личный,4,5,microcredit,,
кредит онлайн золотая корона,4,5,microzaim,,
ооо пкл рсв,4,5,microcredit,,
пкл рсв,4,5,microcredit,,
соль минор мфо,4,5,microcredit,,
срочноденьни,4,5,zaim,,
турьомани,4,5,microcredit,,
умные и наличные,4,5,zaim,,
целевый финансы,4,5,zaim,,
mikrokreditbank kredit,4,5,microcredit,,
быстрые деньги без отказа,4,4,microzaim,,
быстрые деньги официальный сайт,4,4,microzaim,,
веб юанкир,4,4,zaim,,
взять кредит в озон банке на карту,4,4,zaim,,
взять кредит на карту без процентов,4,4,microzaim,,
где взять кредит под залог машины,4,4,zaim,,
где можно взять деньги с плохой кредитной историей и просрочками на карту без отказа срочно,4,4,microcredit,,
где можно сделать рефинансирование микрозаймов с просрочками,4,4,microcredit,,
где сделать рефинансирование микрозаймов,4,4,microcredit,,
деньгинадом ру,4,4,zaim,,
заем на год,4,4,microcredit,,
заимэкспрес,4,4,zaim,,
займ авторизация через госуслуги,4,4,microzaim,,
займ без процентов официальный сайт,4,4,microzaim,,
займ на карту онлайн без проверки,4,4,microzaim,,
займер без фото с паспортом,4,4,"microcredit;zaim",,
займы казахстан все,4,4,microcredit,,
как открыть микрозаймы с нуля,4,4,microzaim,,
микрозаймы в бишкеке,4,4,microcredit,,
мфо бустра личный,4,4,zaim,,
получить деньги на карту онлайн срочно,4,4,microzaim,,
получить кредит под птс,4,4,zaim,,
проверка задолженности мфо,4,4,microcredit,,
рефинансирование займов в один,4,4,microcredit,,
срочное деньги личный кабинет,4,4,zaim,,
ltymubyfljv,4,4,zaim,,
быстрые онлайн займы на карту без отказа,4,3,microcredit,,
быстрый займ кыргызстан,4,3,microcredit,,
вжбзайм личный,4,3,zaim,,
взять займ в казахстане,4,3,microcredit,,
где взять займ по паспорту,4,3,"microcredit;microzaim",,
деньги до зарплаты в казахстане на карту онлайн,4,3,zaim,,
заем или займ на карту,4,3,microcredit,,
займ без отказа и без процентов,4,3,microzaim,,
займ онлайн деньги на карту,4,3,microzaim,,
займ по номеру паспорта,4,3,microcredit,,
займы все конторы,4,3,"microcredit;microzaim",,
займы с просрочками в казахстане,4,3,microcredit,,
как узнать кому я должен микрозайм,4,3,microcredit,,
онлайн займы без отказа без проверки мгновенно,4,3,microzaim,,
оформить займ на карту без паспорта,4,3,microzaim,,
сайт боостра,4,3,zaim,,
самый популярный микрозайм онлайн,4,3,microcredit,,
что делать если нет возможности платить займы в мфо,4,3,microzaim,,
finnmol,4,3,zaim,,
zaim express личный,4,3,zaim,,
деньги займ на карту без процентов,4,2,microzaim,,
займ до 80 лет на карту пенсионерам,4,2,microcredit,,
займы на карту без процентов бесплатно,4,2,microzaim,,
займы онлайн бишкек,4,2,microcredit,,
надо деньги личный кабинет вход,4,2,zaim,,
займ пенсионерам на карту до 80,4,1,microcredit,,
займ срочно с просрочками на карту,4,1,microzaim,,
хочу взять займ на карту без отказа,4,1,microzaim,,
новые займ на карту онлайн,3,21,microzaim,,
100 займ с плохой историей,3,8,microzaim,,
добройзайм,3,8,microzaim,,
быстро получить займ с плохой кредитной историей,3,7,"microcredit;microzaim",,
где взять займ без отказа на карту через интернет срочно без отказа без проверки,3,7,"microcredit;microzaim",,
займы без отказа и фото,3,7,microzaim,,
микрозайм онлайн с 18 лет,3,7,microcredit,,
подборка займа,3,7,microzaim,,
смсыинанс,3,7,zaim,,
ekapuata,3,7,zaim,,
деньги на карту без отказов с плохой кредитной и с просрочками без отказа,3,6,microzaim,,
займ на карту на большую сумму,3,6,microcredit,,
займ срочно деньги на карту без отказа круглосуточно,3,6,microcredit,,
займы которые дают с плохой кредитной историей и просрочками,3,6,microcredit,,
как взять займ в госуслугах,3,6,microcredit,,
надоденкг,3,6,zaim,,
оставить машину под залог,3,6,zaim,,
хурмауредит,3,6,zaim,,
взять микрозайм на виртуальную карту,3,5,zaim,,
дозарплаьы,3,5,"microzaim;zaim",,
займ от 18 лет на карту срочно без отказа,3,5,microzaim,,
займ срочный на карту без отказа,3,5,microzaim,,
займер взять кредит,3,5,microcredit,,
көке кз займ онлайн на карту без отказа без проверки,3,5,microcredit,,
кредиты населению автоломбард,3,5,zaim,,
микрозайм мгновенно,3,5,zaim,,
микрозаймы с регистрацией через госуслуги,3,5,microzaim,,
моеейман,3,5,microcredit,,
новые мко,3,5,zaim,,
опе кредит,3,5,microcredit,,
koke займер,3,5,microcredit,,
автоломбард под птс круглосуточно,3,4,zaim,,
биостра займ,3,4,microcredit,,
бурста займ,3,4,microcredit,,
взять займ 30000 на карту без отказа онлайн срочно,3,4,microzaim,,
взять займ на карту онлайн моментально москва,3,4,microzaim,,
взять займ с просрочками и плохой кредитной историей онлайн на карту,3,4,microzaim,,
все сайты займов,3,4,microzaim,,
где точно дадут займ с плохой кредитной историей,3,4,microcredit,,
давака зацм,3,4,zaim,,
екапустаз,3,4,zaim,,
займ даже с просрочкой,3,4,microcredit,,
займ қазақстан,3,4,microcredit,,
займы 100 процентов одобрения с плохой кредитной историей на карту,3,4,microzaim,,
займы которые дают с просрочками и плохой историей,3,4,microcredit,,
займы онлайн новые мфо без отказа,3,4,microcredit,,
как рефинансировать микрозаймы с просрочками в один кредит,3,4,microzaim,,
как рефинансировать просроченные микрозаймы,3,4,microcredit,,
коке кз займ,3,4,microcredit,,
крешит плюс,3,4,microcredit,,
мани мэг,3,4,microcredit,,
микрозайм кубышка,3,4,zaim,,
микрозайм онлайн новые мфо,3,4,zaim,,
мфо казахстан онлайн займы на карту,3,4,microcredit,,
оформить онлайн кредит без карты,3,4,zaim,,
dengiclick kz личный кабинет вход,3,4,microcredit,,
koke kz вход,3,4,microcredit,,
tengego,3,4,microcredit,,
бастай займ,3,3,microcredit,,
белые деньги официальный сайт,3,3,zaim,,
бесплатный займ на карту без отказа без проверки мгновенно без процентов,3,3,microzaim,,
бострп,3,3,zaim,,
быстрый деньги на карту без отказов взять,3,3,microzaim,,
где можно взять займ с плохой кредитной историей на карту срочно онлайн без отказа и проверок,3,3,microzaim,,
гренмоней,3,3,zaim,,
деньги до зп на карту с плохой кредитной,3,3,microzaim,,
екапуста екапуста личный,3,3,zaim,,
если займ не платить что будет,3,3,microzaim,,
займер официальный сайт взять займ,3,3,microcredit,,
как избавиться от долгов микрозаймов что делать,3,3,microcredit,,
как отключить рассылку смс от займов,3,3,microzaim,,
как открыть микрозаймы бизнес,3,3,microzaim,,
как погасить микрозаймы если нечем платить,3,3,microcredit,,
как проверить все свои задолженности по микрозаймам,3,3,microcredit,,
какие займы дают без отказа с плохой кредитной,3,3,microzaim,,
какие займы дают до 80 лет,3,3,microzaim,,
кредит бар как оплатить,3,3,microcredit,,
кредит онлайн на 12 месяцев,3,3,microcredit,,
кредит онлайн на карту под 0 процентов,3,3,microzaim,,
личный кабинет займа быстроденьги,3,3,microzaim,,
лучшие онлайн займеры,3,3,microcredit,,
лучший займ без отказа,3,3,microzaim,,
микрозайм 100 тыс,3,3,microcredit,,
микрозайм узбекистане,3,3,microcredit,,
микрозаймы микрозаймы,3,3,microzaim,,
мкк кредитер вход в личный,3,3,zaim,,
можно ли не платить займы,3,3,microzaim,,
мфо казахстана список,3,3,zaim,,
небус займы личный кабинет,3,3,microzaim,,
новые микрозайм,3,3,microcredit,,
онлайн займ казахстан без отказа,3,3,microcredit,,
ооо пко псв,3,3,microcredit,,
отличные наличие,3,3,zaim,,
отличные наличные новосибирск официальный сайт,3,3,zaim,,
первый беспроцентный займ на карту,3,3,microzaim,,
привет сосед зам,3,3,zaim,,
рефинансирование долгов по займам,3,3,microcredit,,
рефинансирование микрозаймов в один,3,3,microcredit,,
сайт boostra,3,3,zaim,,
список мфо через госуслуги,3,3,microzaim,,
твои займи,3,3,zaim,,
что нужно чтобы взять микрокредит,3,3,microzaim,,
что нужно чтобы открыть мфо,3,3,microzaim,,
laim zain,3,3,zaim,,
lime zame,3,3,zaim,,
neomoney займ,3,3,microcredit,,
100 процентный кредит без отказа без проверки мгновенно рсб,3,2,zaim,,
быстроденьги получить займ,3,2,microcredit,,
взять займ ру,3,2,microzaim,,
взять кредит онлайн на карту без отказа в 18 лет,3,2,microzaim,,
деньги сразу на карту онлайн без отказа очень срочно без проверки кредитной,3,2,zaim,,
доллар курс мкб,3,2,microcredit,,
займ без отказов с просрочками,3,2,"microcredit;microzaim",,
займ с проверкой кредитной истории,3,2,microzaim,,
займ через госуслуги без отказа на карту,3,2,microzaim,,
займоленд,3,2,zaim,,
займы быстрый,3,2,microzaim,,
займы новые в казахстане,3,2,microcredit,,
займы с 18 лет в казахстане,3,2,microcredit,,
занять деньги с плохой кредитной,3,2,microzaim,,
как закрыть долг в микрофинансовой организации,3,2,microcredit,,
как на озоне купить товар в кредит,3,2,zaim,,
как отказаться от микрозаймов,3,2,microcredit,,
как отписаться от займов чтобы не присылали смс,3,2,microzaim,,
каширо как оплатить без комиссии,3,2,zaim,,
кредит микро с 18 лет,3,2,microcredit,,
кредит онлайн для граждан узбекистана,3,2,microcredit,,
кредитер официальный сайт,3,2,zaim,,
лайк мкк,3,2,zaim,,
микрозайм до 500 000 тенге,3,2,microcredit,,
микрозайм с 18 лет казахстан,3,2,microcredit,,
микрозаймы онлайн без отказов срочно,3,2,"microzaim;zaim",,
микрозаймы по рейтингу,3,2,microcredit,,
микрофинансовые займы онлайн на карту,3,2,microcredit,,
новые малоизвестные мфо выдающие займы онлайн на карту срочно,3,2,microcredit,,
новые срочные займы на карту,3,2,microzaim,,
ооо пко рсв что это за организация телефон,3,2,microcredit,,
промокод микрозайм,3,2,microcredit,,
реальные займы онлайн на карту без отказа без проверки,3,2,microzaim,,
топ 10 микрокредитных организаций,3,2,"microcredit;zaim",,
что делать если много долгов в мфо,3,2,microzaim,,
экспресс деньги личный кабинет саратов официальный сайт,3,2,zaim,,
zaimrf,3,2,zaim,,
белка кредит личный личный кабинет,3,1,zaim,,
веб банкип,3,1,zaim,,
веббанкир личный кабинет по номеру телефона без пароля вход,3,1,zaim,,
займ на карту без дохода,3,1,microzaim,,
займы онлайн на карту без отказа москва,3,1,microcredit,,
отзывы займах онлайн на карту от людей,3,1,microzaim,,
оформить займ с плохой кредитной историей 100000,3,1,"microcredit;microzaim",,
срочно деньги официальный,3,0,zaim,,
можно взять микрозайм без паспорта,2,14,microcredit,,
займ иностранным гражданам на карту,2,10,microzaim,,
популярные займы онлайн на карту займ 5,2,6,microzaim,,
где можно взять займ несовершеннолетнему,2,5,microzaim,,
займ без карты онлайн,2,5,microzaim,,
займ на 6 месяцев на карту с маленьким процентом без справок,2,5,microzaim,,
займ сравнить онлайн,2,5,microzaim,,
займы самые надежные,2,5,microzaim,,
кредиса,2,5,zaim,,
365 микрозайм,2,4,microcredit,,
авто автоломбард,2,4,zaim,,
аденьни ру,2,4,zaim,,
взять 100 займ на карту,2,4,microzaim,,
вэбщайм,2,4,zaim,,
займ без процентов первый раз онлайн,2,4,microzaim,,
займ на карту одобрение 100 процентов,2,4,microzaim,,
корона кредит взять на карту золотая корона,2,4,zaim,,
микрозаймы на карте,2,4,microzaim,,
микрозаймы только по паспорту,2,4,microcredit,,
моненза,2,4,zaim,,
нибус мфо,2,4,zaim,,
онлайн займы с плохой кредитной историей без отказа,2,4,microzaim,,
приветсрсед,2,4,zaim,,
стратосфера мкк это кто,2,4,microzaim,,
dm займ,2,4,microcredit,,
monean,2,4,microcredit,,
быстро деньга,2,3,"microcredit;zaim",,
в каком мфо можно взять займ с просрочками,2,3,microzaim,,
вейб займер личный,2,3,zaim,,
взять займ с одобрением,2,3,"microcredit;microzaim",,
взять моментальный кредит на карту,2,3,zaim,,
где взять займ с плохой кредитной историей и просрочками без отказа,2,3,microzaim,,
где можно взять займ с плохой кредитной историей и с просрочками на карту,2,3,microzaim,,
где реально взять займ на карту без отказа,2,3,microzaim,,
греен моней,2,3,zaim,,
е капуста личный кабинет войти по номеру телефона,2,3,zaim,,
зай мер,2,3,microcredit,,
займ 18+,2,3,microcredit,,
займ без процентов на неделю,2,3,microzaim,,
займ на карту всем без отказа с плохой кредитной,2,3,microzaim,,
займ на ю мани карту,2,3,microzaim,,
займ пенсионерам до 75 лет на карту без отказа,2,3,microcredit,,
займы без отказа срочно онлайн,2,3,microzaim,,
займы в корона,2,3,microzaim,,
займы с плохой бки,2,3,microcredit,,
зймер ру личный кабинет,2,3,zaim,,
кабинет екапуста,2,3,zaim,,
как реферировать микрозаймы,2,3,microcredit,,
какие займы дают без процентов,2,3,microcredit,,
какой банк дает рефинансирование микрозаймов,2,3,microcredit,,
какой банк может сделать рефинансирование микрозаймов,2,3,microcredit,,
кредит наличными яндекс,2,3,zaim,,
кредит с одобрением 100 процентов на карту,2,3,microzaim,,
манимен рф,2,3,microcredit,,
микрокредитная компания стратосфера,2,3,microzaim,,
микрофинансовая организация белка кредит,2,3,zaim,,
мони мейн,2,3,zaim,,
надо денег личный кабинет войти по номеру,2,3,zaim,,
надоденг,2,3,zaim,,
новые займ на карту,2,3,microzaim,,
новые мфл,2,3,zaim,,
онлайн займ на карту без отказа без проверки мгновенно с плохой,2,3,microzaim,,
привсосед ру личный кабинет,2,3,zaim,,
рейтинг быстрозаймов,2,3,microzaim,,
рефинансирование микрозаймов с плохой кредитной историей без залога,2,3,microcredit,,
рокет мен лк,2,3,zaim,,
роккет мен,2,3,zaim,,
ссилон кз личный,2,3,microcredit,,
тезбол займ вход,2,3,microcredit,,
тенго да личный кабинет,2,3,microcredit,,
турбо мани мфо,2,3,microcredit,,
юери беру,2,3,zaim,,
banymoney,2,3,zaim,,
cclon kz,2,3,microcredit,,
ekoзайм,2,3,zaim,,
tengo kz личный кабинет войти в личный кабинет,2,3,microcredit,,
аденьги личныймкабинет,2,2,microzaim,,
айм 0 процентов,2,2,microzaim,,
акапуста,2,2,zaim,,
белка кредит белка,2,2,zaim,,
в каком банке лучше рефинансировать микрозаймы,2,2,microcredit,,
в каком банке можно рефинансировать мфо,2,2,microcredit,,
взять без,2,2,microzaim,,
взять быстро займ на карту без отказа,2,2,microcredit,,
взять деньги быстро без отказа,2,2,microzaim,,
взять займ без отказа через госуслуги,2,2,microzaim,,
взять займ на карту без отказа без фото паспорта,2,2,microcredit,,
взять кредит в микрозайме онлайн без отказа,2,2,zaim,,
взять микрозайм на карту без отказа с плохой кредитной историей и просрочками срочно на карту,2,2,zaim,,
взять на карту микрозайм,2,2,zaim,,
где дают с плохой ки финдозор,2,2,zaim,,
где можно получить займ с плохой кредитной историей и просрочками,2,2,microzaim,,
дазарплаты,2,2,"microcredit;zaim",,
дввака,2,2,zaim,,
деньги маркет аксай зко,2,2,microcredit,,
деньги на карту мгновенно без отказа с плохой,2,2,microzaim,,
дозарпоаиы,2,2,zaim,,
займ без паспорта онлайн моментально,2,2,microzaim,,
займ без фотографии с паспортом,2,2,microzaim,,
займ на карту с очень плохой кредитной историей и просрочками без отказа,2,2,microzaim,,
займ онлайн без отказа мгновенно,2,2,microzaim,,
займ по паспорту быстро,2,2,microzaim,,
займ сравни ру на карту онлайн,2,2,microzaim,,
займ сразу на карту без проверок и отказов срочно,2,2,microzaim,,
займ триумвират личный,2,2,microzaim,,
займеры в казахстане онлайн,2,2,microcredit,,
займы на карту с просрочками и плохой кредитной историей,2,2,microzaim,,
займы проверенные сайты,2,2,microzaim,,
займы фирмы,2,2,microzaim,,
займэкспоесс,2,2,zaim,,
зайти в личный кабинет дополучкино,2,2,zaim,,
как можно рефинансировать микрозаймы с просрочкой,2,2,microzaim,,
как отвязаться от микрозаймов,2,2,microcredit,,
как рефинансировать микрозаймы с просрочками и плохой кредитной историей без отказа,2,2,microcredit,,
какие займы дают с просрочками на карту без отказа,2,2,microzaim,,
какой нормальный микрозайм,2,2,microcredit,,
кашхиро,2,2,zaim,,
кредит снг узбекистан,2,2,microcredit,,
лучшие микрозаймы на карту онлайн,2,2,microzaim,,
май быстроденьги,2,2,microzaim,,
манейман кз,2,2,microcredit,,
мани грин личный кабинет,2,2,zaim,,
микрозайм фридом,2,2,microcredit,,
микрозайм честное слово личный кабинет,2,2,microcredit,,
микрозаймы без проверки кредитной истории заемщик рф,2,2,microzaim,,
микрозаймы новые онлайн на карту,2,2,microzaim,,
мкк триумф вират,2,2,microzaim,,
мкк nebus личный кабинет,2,2,"microzaim;zaim",,
новые займ компании,2,2,microcredit,,
новые мфо только открывшиеся без отказа на карту с просрочками,2,2,zaim,,
отличныеиналичные,2,2,zaim,,
первый займ 0 на 30 дней,2,2,microzaim,,
платизе,2,2,zaim,,
рефинансирования микрозаймы,2,2,zaim,,
сайт финтерс,2,2,zaim,,
сисилион займ,2,2,microcredit,,
сисилон личный кабинет,2,2,microcredit,,
ска финанс,2,2,zaim,,
со скольки можно оформить микрозайм,2,2,microcredit,,
стратосфера займ личный кабинет мфо,2,2,microzaim,,
тез бол мфо,2,2,microcredit,,
триумвират москва займ,2,2,microzaim,,
финн мол,2,2,zaim,,
фнтерс,2,2,zaim,,
фридом банк кредит наличными онлайн,2,2,microcredit,,
хава кз личный кабинет войти,2,2,microcredit,,
что делать если не можешь погасить микрозаймы,2,2,microzaim,,
экспресс хайм,2,2,zaim,,
яндекс кредит взять,2,2,zaim,,
mikrokredit bank kurs,2,2,microcredit,,
mk bank internet bank,2,2,microcredit,,
mkk dengi ok отписаться,2,2,zaim,,
my bistrodengi ru вход в личный,2,2,zaim,,
solva kz кредит,2,2,microcredit,,
алтын коин личный кабинет на русском,2,1,microcredit,,
взять денежный займ,2,1,microcredit,,
взять деньги онлайн без отказа,2,1,microcredit,,
взять кредит онлайн на карту без отказа 100000,2,1,microcredit,,
войти быстроденьги,2,1,microzaim,,
где взять займ онлайн без отказа на карту срочно,2,1,microzaim,,
где можно получить деньги без отказа с плохой кредитной историей,2,1,"microcredit;microzaim",,
деньги замер,2,1,microcredit,,
деньги онлайн займ отзывы,2,1,microzaim,,
деньги онлайн на карту без отказа срочно,2,1,microzaim,,
до зарплаты чат с оператором,2,1,zaim,,
займ бай,2,1,microcredit,,
займ без процентов москва,2,1,microzaim,,
займ в бишкеке,2,1,microcredit,,
займ взять деньги,2,1,microzaim,,
займ до зарплаты онлайн на карту оформить,2,1,microcredit,,
займ мигрантам в москве,2,1,microcredit,,
займ на карту онлайн сразу,2,1,microcredit,,
займ под залог авто если авто уже в залоге,2,1,microzaim,,
займы без отказа на карту с 18 лет,2,1,microzaim,,
займы без процентов на 30,2,1,microzaim,,
займы для узбеков,2,1,microcredit,,
займы на карту самые новые,2,1,microzaim,,
займэуспресс,2,1,zaim,,
как можно закрыть микрозаймы,2,1,microzaim,,
как узнать все свои займы в микрозаймах,2,1,microcredit,,
как узнать сколько у человека микрозаймов,2,1,microcredit,,
кредит на карту без отказа до 100000,2,1,microcredit,,
лайк кредит личный,2,1,zaim,,
микрозайм в интернете на карту,2,1,"microcredit;zaim",,
микрозайм онлайн банки,2,1,microcredit,,
микрозаймы по паспорту на карту,2,1,microcredit,,
микрокредит без прописки,2,1,microzaim,,
мко и мфо онлайн займы в казахстане список,2,1,microcredit,,
молодые микрофинансовые организации,2,1,zaim,,
мфо привет сосед личный,2,1,zaim,,
не платить мфо,2,1,microzaim,,
нечем платить микрозаймы что делать действенные способы,2,1,microcredit,,
новые займы под 0,2,1,microzaim,,
онлайн займ без денег на карте,2,1,microzaim,,
онлайн займ без посредников срочно,2,1,microzaim,,
онлайн займ на карту рф,2,1,"microcredit;microzaim",,
онлайн кредит в казахстане на карту без отказа без проверки,2,1,microcredit,,
онлайн кредит под 0 процентов,2,1,microzaim,,
официальный сайт мфо турбозайм,2,1,zaim,,
оформить новый займ,2,1,microcredit,,
первые займы 0,2,1,microzaim,,
самые быстрые деньги,2,1,zaim,,
топ лучших быстрых займов,2,1,"microcredit;microzaim",,
топ сайтов микрозаймов,2,1,microcredit,,
chestnoe slovo,2,1,zaim,,
hava займ личный кабинет,2,1,microcredit,,
line zime,2,1,zaim,,
mikrokridit,2,1,microcredit,,
nadodeneg личный кабинет войти,2,1,zaim,,
sma финанс,2,1,zaim,,
zaim srazu ru,2,1,zaim,,
взять заем без проверок,2,0,microzaim,,
займ на карту какие займы дадут,2,0,microcredit,,
займ на телефон мгновенно круглосуточно,2,0,microcredit,,
займы онлайн в москве мгновенно,2,0,microcredit,,
займы онлайн гражданам узбекистана,2,0,microcredit,,
какие документы нужны для получения кредита в мфо,2,0,microzaim,,
микрозайм на карту на длительный срок,2,0,zaim,,
как выдаются микрозаймы через интернет,1,25,microcredit,,
мфо без прописки,1,14,microzaim,,
vebzaim ru личный кабинет,1,13,zaim,,
быстрый займ с любой кредитной историей,1,8,microzaim,,
займ онлайн на карту без отказа без проверки мгновенно срочно,1,7,microzaim,,
все онлайн займы на карту без отказа без проверки мгновенно круглосуточно,1,5,microzaim,,
займ карту срочно,1,5,microzaim,,
займ на карту лучшие мфо,1,5,microcredit,,
микрозайм на 12 месяцев на карту,1,5,microcredit,,
микрозайм на карту сто процентов,1,5,microcredit,,
вебзаци,1,4,zaim,,
взять микрозайм большую сумму,1,4,microcredit,,
займ займы онлайн,1,4,microcredit,,
займ на карту без отказа россия онлайн,1,4,microzaim,,
кредит на банковский счет,1,4,microzaim,,
м крозайм,1,4,"microcredit;microzaim",,
рейтинг микрокредитов,1,4,zaim,,
limezaim ru,1,4,zaim,,
быстро ден,1,3,zaim,,
взять 2 тысячи займ,1,3,microzaim,,
доброщацм,1,3,microzaim,,
займ без фото паспорта и лица,1,3,microzaim,,
займ на карту если есть просрочки,1,3,microzaim,,
займ онлайн на карту срочно займ онлайн на карту срочно,1,3,microcredit,,
займ онлайн по рейтингу,1,3,microcredit,,
займы микро онлайн,1,3,microcredit,,
микрозайм на крупную сумму,1,3,microcredit,,
мфо взять онлайн,1,3,zaim,,
новые финансовые займы,1,3,microzaim,,
топ мфо на карту,1,3,microcredit,,
dа деньги,1,3,zaim,,
turbozain,1,3,microcredit,,
в каком банке взять кредит 15000,1,2,zaim,,
взаймы без процентов на карту,1,2,microzaim,,
взять займ на карту без отказа без паспорта,1,2,microzaim,,
взять кредит онлайн 15000,1,2,microzaim,,
взять мфо займы онлайн на карту,1,2,"microcredit;microzaim",,
где 100 одобрят займ с плохой историей,1,2,microcredit,,
где взять деньги без регистрации,1,2,microzaim,,
деньги населению в петропавловске,1,2,microcredit,,
екапуста вход личный вход,1,2,zaim,,
займ в интернете по паспорту,1,2,microcredit,,
займ деньгами,1,2,microzaim,,
займ кредит быстро,1,2,microcredit,,
займ на карту мгновенно без процентов онлайн,1,2,microzaim,,
займ на сбер карту,1,2,microzaim,,
займ с плохой кредитной историей на карту срочно,1,2,microcredit,,
займер онлайн деньги на карту,1,2,microcredit,,
займы 200000,1,2,microzaim,,
займы без отказа без фото паспорта,1,2,microzaim,,
займы онлайн на карту до 200000,1,2,microcredit,,
занять без процентов,1,2,microzaim,,
как в яндексе взять кредит,1,2,zaim,,
как узнать микрозаймы,1,2,microcredit,,
какой лучший займ,1,2,microzaim,,
кжш тую,1,2,zaim,,
коке кщ,1,2,microcredit,,
кредит 365 вход в личный кабинет,1,2,microcredit,,
кредит под птс автомобиля онлайн,1,2,zaim,,
креоит 365,1,2,microcredit,,
микрозайм в казахстане на карту без процентов за первый,1,2,microcredit,,
микрозайм онлайн на карту по паспорту,1,2,microcredit,,
микрозаймы без фото лица,1,2,microzaim,,
микрозаймы которые одобряют с плохой кредитной историей и просрочками,1,2,microcredit,,
микрозаймы которые одобряют с просрочками,1,2,"microcredit;microzaim",,
мкк триумвират инн,1,2,microzaim,,
мни мен,1,2,microcredit,,
монеймен кз займ,1,2,microcredit,,
монеймон,1,2,microcredit,,
мфо быстроденьги личный,1,2,zaim,,
неон займ,1,2,microcredit,,
облигации федерального значения,1,2,zaim,,
онлайн микрозайм для граждан снг,1,2,microcredit,,
онличек мани,1,2,zaim,,
отзывы лучшие займы на карту,1,2,microzaim,,
оформить займ без фото с паспортом,1,2,microzaim,,
рефинансируем микрозаймы,1,2,zaim,,
смсфин,1,2,zaim,,
список мко,1,2,microcredit,,
срочнодеьги,1,2,zaim,,
тенге да кз личный кабинет вход,1,2,microcredit,,
целевой кредит под залог автомобиля,1,2,zaim,,
что такое пко рсв,1,2,microcredit,,
bosstra zaim личный кабинет,1,2,zaim,,
ffin кредит,1,2,microcredit,,
kдо зарплаты,1,2,"microzaim;zaim",,
platza,1,2,zaim,,
solve кредит,1,2,microcredit,,
solvo займ,1,2,microcredit,,
zaim 18,1,2,microcredit,,
365 заем,1,1,microcredit,,
495 кредит вход в личный,1,1,zaim,,
алтын мфо,1,1,microcredit,,
алтынкон,1,1,microcredit,,
березказайм,1,1,zaim,,
бысиро деньги,1,1,zaim,,
быстро деньги лич каб,1,1,zaim,,
быстрые деньги как взять,1,1,"microcredit;microzaim",,
быстрый займ на карту без отказов онлайн с 18 лет,1,1,microzaim,,
в каком банке взять микрозайм,1,1,microcredit,,
взаймы на карту без процентов срочно деньги,1,1,microzaim,,
взять 15 тысяч,1,1,microzaim,,
взять быстро микрозайм,1,1,microcredit,,
взять займ до 80 лет,1,1,"microcredit;microzaim",,
взять займ дополучкино,1,1,microzaim,,
взять займ на карту без отказа быстро онлайн,1,1,microcredit,,
взять займ онлайн без фото с паспортом,1,1,microcredit,,
взять займ онлайн на карту быстро без отказа,1,1,microzaim,,
взять займ с очень плохой кредитной историей и просрочками онлайн,1,1,microzaim,,
взять займ с плохой историей и просрочками,1,1,microcredit,,
взять займ с просрочками и плохой кредитной историей онлайн на карту срочно,1,1,microcredit,,
взять кредит в фридом банк,1,1,microcredit,,
взять кредит по паспортным данным в интернете,1,1,microzaim,,
взять кредит с плохой кредитной историей без отказа на карту срочно,1,1,zaim,,
все микрозаймы список казахстан,1,1,microcredit,,
где взять денег в долг до зарплаты,1,1,microcredit,,
где взять займ если уже есть открытые займы отзывы,1,1,microcredit,,
где взять кредит без отказа с плохой кредитной историей на карту и просрочками срочно онлайн,1,1,zaim,,
где можно взять займ без отказа на карту,1,1,microzaim,,
деньги в долг на карту без отказа онлайн,1,1,zaim,,
деньги на карту срочно без отказа займ,1,1,microzaim,,
деньги сосзу,1,1,zaim,,
до зарплаты зарплаты,1,1,zaim,,
до зарплаты личный кабинет войти в личный номер телефона по номеру,1,1,zaim,,
до зп мфо,1,1,microcredit,,
договор на долг денежных средств,1,1,zaim,,
езайм кабинет личный кабинет,1,1,zaim,,
если не выплатить микрозайм что будет,1,1,microcredit,,
есть ли рефинансирование займов,1,1,microcredit,,
займ 1 млн тенге,1,1,microcredit,,
займ 30 000,1,1,microzaim,,
займ без на карту,1,1,microzaim,,
займ без отказа с плохой ки и просрочками на карту срочно без проверок срочно,1,1,microzaim,,
займ без проверки банковской карты,1,1,microzaim,,
займ без фото паспорта с лицом,1,1,microzaim,,
займ в короне на карту,1,1,microzaim,,
займ г,1,1,microzaim,,
займ до 500000 тенге,1,1,microcredit,,
займ до за,1,1,microcredit,,
займ ер,1,1,microcredit,,
займ кредит казахстан,1,1,microcredit,,
займ монимей,1,1,microcredit,,
займ на 6 месяцев на карту без процентов,1,1,microcredit,,
займ на год онлайн на карту,1,1,microcredit,,
займ на карту без отказа срочно онлайн взять,1,1,microzaim,,
займ на карту без проверки кредитной истории без отказа,1,1,microzaim,,
займ на карту для студентов,1,1,microzaim,,
займ на карту мгновенно онлайн без отказа,1,1,microcredit,,
займ на карту сбер,1,1,microzaim,,
займ онлайн золотая корона,1,1,microzaim,,
займ пенсионерам до 80 на карту,1,1,microcredit,,
займ рейтинг мфо онлайн на карту без отказа,1,1,microcredit,,
займ с одобрением с плохой кредитной историей,1,1,"microcredit;microzaim",,
займ с плохой историей на карту срочно,1,1,"microcredit;microzaim",,
займ с плохой кредитной историей и просрочками без отказа на карту срочно,1,1,microzaim,,
займ с плохой кредитной историей онлайн на карту,1,1,microzaim,,
займ с плохой кредитной историей срочно без отказа,1,1,microzaim,,
займ список всех,1,1,microcredit,,
займ у,1,1,microcredit,,
займ qanat kz,1,1,microcredit,,
займер деньги маркет,1,1,microcredit,,
займер закрыть займ,1,1,microcredit,,
займы без отказа 100 процентов,1,1,microzaim,,
займы без проверки карты онлайн,1,1,microzaim,,
займы без фото лица с паспортом онлайн на карту,1,1,microcredit,,
займы без фотографий паспорта,1,1,microzaim,,
займы в киргизии,1,1,microcredit,,
займы для 16 летних,1,1,microzaim,,
займы до зарплаты без отказа в москве,1,1,microzaim,,
займы которые одобрят,1,1,microzaim,,
займы кредиты онлайн,1,1,microzaim,,
займы на карту без отказа без проверки с плохой кредитной историей срочно,1,1,microzaim,,
займы на карту быстро без отказа онлайн,1,1,microzaim,,
займы на карту микрозаймы,1,1,microzaim,,
займы на карту с очень плохой кредитной историей,1,1,microzaim,,
займы на карту срочно без кредитной истории,1,1,microzaim,,
займы на карту срочно без проверки без отказа онлайн на карту без процентов без проверок,1,1,microzaim,,
займы на карту срочно без проверки кредитной истории и без отказа новые,1,1,microzaim,,
займы на карту только паспорт,1,1,microzaim,,
займы нормальные на карту,1,1,microcredit,,
займы одобрение с просрочками,1,1,microzaim,,
займы онлайн для граждан узбекистана,1,1,microcredit,,
займы онлайн на карту без отказа без проверки без процентов,1,1,microzaim,,
займы онлайн на карту в россии,1,1,microcredit,,
займы онлайн на карту кыргызстан,1,1,microcredit,,
займы онлайн на карту пенсионерам до 80 лет,1,1,microcredit,,
займы от короны,1,1,microcredit,,
займы с досрочным погашением,1,1,microcredit,,
займы с крупными суммами,1,1,microcredit,,
займэкспрксс,1,1,zaim,,
зайэкспресс,1,1,zaim,,
зам под залог авто,1,1,zaim,,
занять 15000,1,1,microzaim,,
как взять кредит на человека по паспорту,1,1,microcredit,,
как выплатить много микрозаймов,1,1,microcredit,,
как закрыть займы если нет денег в нескольких мфо с просрочками,1,1,microzaim,,
как избавится от займов,1,1,microzaim,,
как избавится от микрозаймов,1,1,microcredit,,
как можно договориться с мфо,1,1,microzaim,,
как оплатить в займере без комиссии,1,1,microcredit,,
как погасить долги в мфо,1,1,microzaim,,
как посмотреть активные микрозаймы,1,1,microcredit,,
как посмотреть где я должен займы,1,1,microcredit,,
как правильно избавиться от займов,1,1,microcredit,,
как рассчитаться с мфо без банкротства,1,1,microzaim,,
как узнать какие займы на меня оформлены бесплатно,1,1,microzaim,,
калькулятор процентов мфо,1,1,microzaim,,
капитална,1,1,zaim,,
кмф онлайн заявка,1,1,microcredit,,
коке кз кредит,1,1,microcredit,,
коке личный кабинет,1,1,microcredit,,
колл центр деньги маркет,1,1,microcredit,,
корона взаймы,1,1,zaim,,
корона микрокредит,1,1,zaim,,
кредит 500 тыс тенге,1,1,microcredit,,
кредит для граждан снг на карту,1,1,microcredit,,
кредит на карту по паспорту срочно,1,1,microcredit,,
кредит онлайн до 1000000,1,1,microcredit,,
кредит тез,1,1,microcredit,,
кредитпдюс,1,1,microcredit,,
лайм займи,1,1,zaim,,
лаймзаем,1,1,zaim,,
линезайм,1,1,zaim,,
личный кабинет капитолина,1,1,zaim,,
личный кабинет экофинанс,1,1,microzaim,,
лк умные наличные,1,1,zaim,,
лучшие займы в россии,1,1,microcredit,,
лучшие проверенные займы онлайн,1,1,microzaim,,
мигро займ,1,1,"microcredit;microzaim",,
микра кредит 365,1,1,microcredit,,
микро займв,1,1,zaim,,
микро зайс,1,1,microzaim,,
микрозайм быстро без отказа на карту,1,1,zaim,,
микрозайм на телефон онлайн,1,1,microcredit,,
микрозайм партнерская программа,1,1,microcredit,,
микрозаймы в казахстане новые,1,1,microcredit,,
микрозаймы доброзайм,1,1,zaim,,
микрозаймы с плохой ки и просрочками,1,1,microzaim,,
микрозаймы с плохой ки финдозор,1,1,zaim,,
микрозаймы с плохой кредитной историей без отказов на карту срочно онлайн,1,1,zaim,,
микрокредит без отказа кз,1,1,microzaim,,
микрофинансовые организации онлайн на карту срочно без отказа с просрочками с плохой кредитной,1,1,microzaim,,
мкк до получкино,1,1,zaim,,
мкк триувират,1,1,microzaim,,
мобильзайм,1,1,zaim,,
монеймай,1,1,microcredit,,
мфо без селфи с паспортом и звонков,1,1,"microzaim;zaim",,
надо денег займер,1,1,zaim,,
название микрофинансовых организаций,1,1,microcredit,,
начали приходить смс о займах,1,1,microzaim,,
новые займы онлайн без отказа на карту,1,1,microzaim,,
новые микрозаймы компании,1,1,microzaim,,
новые мфо только,1,1,zaim,,
оне улик моней,1,1,zaim,,
онлайн деньги на карту сбербанка,1,1,microzaim,,
онлайн займы без отказа в казахстане,1,1,microcredit,,
ооо рсв пко,1,1,microcredit,,
отзывы кредит бар,1,1,microcredit,,
оne kredit,1,1,microcredit,,
первый без процентов,1,1,microzaim,,
пко псв,1,1,microcredit,,
пко рсв номер телефона,1,1,microcredit,,
плюс кредит кредит,1,1,zaim,,
под зарплату займ,1,1,"microcredit;microzaim",,
помощь с микрозаймами закрыть,1,1,microcredit,,
привет сосед личный кабинет микрозайм войти,1,1,zaim,,
приветсоскд,1,1,zaim,,
приходят сообщения от займов как избавиться,1,1,microzaim,,
простой вопрос скачать,1,1,zaim,,
рассрочка под залог автомобиля,1,1,zaim,,
рейтинг займов на карту онлайн,1,1,microzaim,,
самый лучший займер на карту,1,1,microcredit,,
самый новый займ на карту без отказа,1,1,microcredit,,
свои люди зай,1,1,zaim,,
скачать скб финанс личный кабинет,1,1,zaim,,
смс финанс мфк,1,1,zaim,,
со скольки можно взять микрозайм,1,1,microcredit,,
список займов казахстан,1,1,microcredit,,
список микрозаймов казахстан,1,1,microcredit,,
срочноденоги,1,1,zaim,,
срочные займы без проверок,1,1,microzaim,,
срочный займ по паспорту,1,1,microzaim,,
срочный микрозайм на карту через интернет,1,1,microcredit,,
ссолан кз,1,1,microcredit,,
тез болл,1,1,microcredit,,
тенго кз личный кабинет войти в личный кабинет,1,1,microcredit,,
топ контор микрозаймов,1,1,"microcredit;zaim",,
топ микрозаймов казахстан,1,1,zaim,,
топ мфо без фото паспорта,1,1,microcredit,,
топ честных займов,1,1,microcredit,,
триумвират мкк займ,1,1,microzaim,,
турбомани kz личный кабинет вход,1,1,microcredit,,
турбомания личный кабинет займ,1,1,microcredit,,
финмл,1,1,zaim,,
финмолбанк,1,1,zaim,,
фредом кредит онлайн,1,1,microcredit,,
фридом финанс кредит онлайн,1,1,microcredit,,
хава финанс мфо,1,1,microcredit,,
хорошие займы без отказа,1,1,microzaim,,
хуурма кредит,1,1,zaim,,
что будет если не платить за микрозаймы,1,1,microzaim,,
что делать если много просроченных займов,1,1,microzaim,,
эайм,1,1,zaim,,
ccoclan кредит,1,1,microcredit,,
ctedit 365,1,1,microcredit,,
dengi market kz,1,1,microcredit,,
dengimarket kz,1,1,microcredit,,
hava finance мфо,1,1,microcredit,,
konga ru,1,1,zaim,,
kurs dollar uzbekistan mikrokreditbank,1,1,microcredit,,
mikrokridit bank,1,1,microcredit,,
rhtlbirf,1,1,zaim,,
tenge go,1,1,microcredit,,
websaim личный кабинет,1,1,zaim,,
zaim займ на карту,1,1,microcredit,,
акшамат алматы,1,0,microcredit,,
белла кредит личный кабинет,1,0,zaim,,
быстроденьги через интернет,1,0,"microcredit;zaim",,
быстрые деньги рейтинг,1,0,"microzaim;zaim",,
быстрый займ без отказа и проверок на карту,1,0,microzaim,,
веб банкмр,1,0,zaim,,
взять заем без регистрации на карту,1,0,"microcredit;microzaim",,
взять займ на карту под ноль процентов,1,0,microzaim,,
взять займ онлайн на карту без фото,1,0,microzaim,,
взять займ подростку,1,0,microzaim,,
все микрозаймы на карту онлайн без отказа,1,0,microzaim,,
гарантированный займ на карту,1,0,microzaim,,
где 100 дадут займ на карту,1,0,microzaim,,
где можно взять деньги в долг в 16 лет,1,0,microzaim,,
где можно получить займ с просрочками,1,0,microcredit,,
год заем,1,0,microzaim,,
грин мане,1,0,zaim,,
деньги в долг взять займ online,1,0,microzaim,,
деньги срочно на карту без проверки,1,0,microcredit,,
еикапус личный кабинет,1,0,zaim,,
есть ли займы на год,1,0,microcredit,,
займ без процентов мгновенно,1,0,microzaim,,
займ денег онлайн на карту your loans,1,0,microcredit,,
займ до миллиона тенге,1,0,microcredit,,
займ кыргызстан онлайн бесплатно,1,0,microcredit,,
займ на карту в узбекистане,1,0,microzaim,,
займ на карту онлайн кыргызстан,1,0,microcredit,,
займ наличными мгновенно без отказа,1,0,microzaim,,
займ онлайн без отказа online,1,0,microzaim,,
займ популярные онлайн на карту,1,0,microzaim,,
займы денег онлайн на карту быстро россия,1,0,microzaim,,
займы м,1,0,microzaim,,
займы на 30000 рублей,1,0,microzaim,,
займы на карту без отказа мгновенно круглосуточно,1,0,microzaim,,
займы на карту без отказа с 18 лет,1,0,microcredit,,
займы онлайн процентов забилаго рф,1,0,microzaim,,
займы с очень плохой кредитной историей и просрочками на карту без отказа и проверок срочно,1,0,microzaim,,
займэкспесс,1,0,zaim,,
заявки по номеру телефона,1,0,microzaim,,
как мошенники оформляют микрозаймы онлайн,1,0,microcredit,,
как открыть займ денег,1,0,microzaim,,
как правильно закрыть микрозаймы,1,0,microzaim,,
как списать проценты по микрозаймам,1,0,microcredit,,
компании займов онлайн срочно,1,0,microcredit,,
компания кредит 365,1,0,microcredit,,
кредит под залог машины на карту,1,0,microzaim,,
личный кабинет деньги надо,1,0,zaim,,
микрокредиты без отказов на карту,1,0,"microzaim;zaim",,
мкк оформить займ онлайн на карту,1,0,microcredit,,
можно взять займ без паспорта,1,0,microcredit,,
мфк быстро деньги личный кабинет,1,0,zaim,,
мфк экофинанс личный кабинет войти по номеру,1,0,microzaim,,
мфо 100000 рублей с первого раза,1,0,microcredit,,
мфо взять займ онлайн на карту без отказа без проверки мгновенно,1,0,microzaim,,
мфо как проверить долги по кредитам по фамилии,1,0,microcredit,,
не могу платить микрозаймы что делать совет,1,0,microzaim,,
образец кредитного договора между физическими лицами,1,0,zaim,,
онлайн займ без отказа и проверок,1,0,microzaim,,
онлайн займы без фото с паспортом,1,0,microzaim,,
онлайн микрозайм узб,1,0,microcredit,,
онлайн на карту без отказа срочно,1,0,microcredit,,
оформить займ онлайн без отказа моментально,1,0,microcredit,,
оформить займ онлайн на карту по звонку,1,0,microzaim,,
региональная служба взыскания инн 7707782563,1,0,microcredit,,
сайт возьми займ на карту,1,0,microcredit,,
самые быстрые займы на карту,1,0,"microcredit;microzaim",,
срочный займ без отказа онлайн на карту,1,0,microzaim,,
срочный займ на карту через онлайн,1,0,microzaim,,
срочный займ рф,1,0,microzaim,,
топ быстрых займов на карту онлайн,1,0,microzaim,,
финлмолл,1,0,zaim,,
хава кз личный кабинет войти в личный кабинет,1,0,microcredit,,
что делать если не можешь закрыть займы,1,0,"microcredit;microzaim",,
что нужно для микрозаймов онлайн,1,0,microcredit,,
что такое кэшмагнит,1,0,zaim,,
bonon ru,1,0,zaim,,
mikrozaimi,1,0,microcredit,,
qiwi взаймы,1,0,zaim,,
