query,normalized_query,variants,clicks,demand,competitiveness,competitiveness_set,sources,source_sheets,bucket,page_slug,page_name,page_type,priority,signals,notes
займ на карту t_me_top_zaim24,займ на карту t_me_top_zaim24,займ на карту t_me_top_zaim24,57894,28623,LOW,LOW,zaim,zaim:Queries,noise,,,,exclude,"onCard;loan","Технический/паразитный хвост: домен, Telegram, промокод или внешняя сущность."
займ t_me_top_zaim24,займ t_me_top_zaim24,займ t_me_top_zaim24,36594,17657,LOW,LOW,zaim,zaim:Queries,noise,,,,exclude,loan,"Технический/паразитный хвост: домен, Telegram, промокод или внешняя сущность."
займы онлайн t_me_top_zaim24,займы онлайн t_me_top_zaim24,займы онлайн t_me_top_zaim24,28841,13901,LOW,LOW,zaim,zaim:Queries,noise,,,,exclude,"online;loan","Технический/паразитный хвост: домен, Telegram, промокод или внешняя сущность."
микрозайм t_me_top_zaim24,микрозайм t_me_top_zaim24,микрозайм t_me_top_zaim24,16640,8265,LOW,LOW,microzaim,microzaim:Queries,noise,,,,exclude,"microloan;loan","Технический/паразитный хвост: домен, Telegram, промокод или внешняя сущность."
займы онлайн на карту t_me_top_zaim24,займы онлайн на карту t_me_top_zaim24,займы онлайн на карту t_me_top_zaim24,14017,6728,LOW,LOW,zaim,zaim:Queries,noise,,,,exclude,"online;onCard;loan","Технический/паразитный хвост: домен, Telegram, промокод или внешняя сущность."
займ на карту без отказа t_me_top_zaim24,займ на карту без отказа t_me_top_zaim24,займ на карту без отказа t_me_top_zaim24,8667,4446,LOW,LOW,zaim,zaim:Queries,noise,,,,exclude,"onCard;noRefusal;loan","Технический/паразитный хвост: домен, Telegram, промокод или внешняя сущность."
микрозайм на карту онлайн choosingbestloan,микрозайм на карту онлайн choosingbestloan,микрозайм на карту онлайн choosingbestloan,6538,8188,LOW,LOW,microzaim,microzaim:Queries,noise,,,,exclude,"online;onCard;microloan;loan","Технический/паразитный хвост: домен, Telegram, промокод или внешняя сущность."
займы без отказа creditulka,займы без отказа creditulka,займы без отказа creditulka,5613,2740,AVERAGE,AVERAGE,zaim,zaim:Queries,noise,,,,exclude,"noRefusal;loan","Технический/паразитный хвост: домен, Telegram, промокод или внешняя сущность."
займ на карту срочно t_me_top_zaim24,займ на карту срочно t_me_top_zaim24,займ на карту срочно t_me_top_zaim24,5571,2791,LOW,LOW,zaim,zaim:Queries,noise,,,,exclude,"onCard;instant;loan","Технический/паразитный хвост: домен, Telegram, промокод или внешняя сущность."
займы онлайн на карту creditulka,займы онлайн на карту creditulka,займы онлайн на карту creditulka,5365,2339,AVERAGE,AVERAGE,zaim,zaim:Queries,noise,,,,exclude,"online;onCard;loan","Технический/паразитный хвост: домен, Telegram, промокод или внешняя сущность."
займы без процентов creditulka,займы без процентов creditulka,займы без процентов creditulka,4648,2398,LOW,LOW,zaim,zaim:Queries,noise,,,,exclude,"noInterest;loan","Технический/паразитный хвост: домен, Telegram, промокод или внешняя сущность."
онлайн займ на карту без отказа creditulka,онлайн займ на карту без отказа creditulka,онлайн займ на карту без отказа creditulka,4436,2177,AVERAGE,AVERAGE,zaim,zaim:Queries,noise,,,,exclude,"online;onCard;noRefusal;loan","Технический/паразитный хвост: домен, Telegram, промокод или внешняя сущность."
взять займ на карту t_me_top_zaim24,взять займ на карту t_me_top_zaim24,взять займ на карту t_me_top_zaim24,4334,2136,LOW,LOW,zaim,zaim:Queries,noise,,,,exclude,"onCard;loan","Технический/паразитный хвост: домен, Telegram, промокод или внешняя сущность."
займы без отказа на карту creditulka,займы без отказа на карту creditulka,займы без отказа на карту creditulka,4190,2137,AVERAGE,AVERAGE,zaim,zaim:Queries,noise,,,,exclude,"onCard;noRefusal;loan","Технический/паразитный хвост: домен, Telegram, промокод или внешняя сущность."
займы онлайн на карту без отказа creditulka,займы онлайн на карту без отказа creditulka,займы онлайн на карту без отказа creditulka,4127,2155,AVERAGE,AVERAGE,zaim,zaim:Queries,noise,,,,exclude,"online;onCard;noRefusal;loan","Технический/паразитный хвост: домен, Telegram, промокод или внешняя сущность."
займы без отказа t_me_top_zaim24,займы без отказа t_me_top_zaim24,займы без отказа t_me_top_zaim24,3879,2143,LOW,LOW,zaim,zaim:Queries,noise,,,,exclude,"noRefusal;loan","Технический/паразитный хвост: домен, Telegram, промокод или внешняя сущность."
займы на карту creditulka,займы на карту creditulka,займы на карту creditulka,3665,1769,AVERAGE,AVERAGE,zaim,zaim:Queries,noise,,,,exclude,"onCard;loan","Технический/паразитный хвост: домен, Telegram, промокод или внешняя сущность."
микрозайм без отказа creditulka,микрозайм без отказа creditulka,микрозайм без отказа creditulka,3450,1674,AVERAGE,AVERAGE,microzaim,microzaim:Queries,noise,,,,exclude,"noRefusal;microloan;loan","Технический/паразитный хвост: домен, Telegram, промокод или внешняя сущность."
займы онлайн choosingbestloan,займы онлайн choosingbestloan,займы онлайн choosingbestloan,3443,3597,LOW,LOW,zaim,zaim:Queries,noise,,,,exclude,"online;loan","Технический/паразитный хвост: домен, Telegram, промокод или внешняя сущность."
займы онлайн на карту choosingbestloan,займы онлайн на карту choosingbestloan,займы онлайн на карту choosingbestloan,3206,3259,LOW,LOW,zaim,zaim:Queries,noise,,,,exclude,"online;onCard;loan","Технический/паразитный хвост: домен, Telegram, промокод или внешняя сущность."
займ на карту microcreditor,займ на карту microcreditor,займ на карту microcreditor,3101,3140,LOW,LOW,"microcredit;microzaim;zaim","microcredit:AdditionalQueries;microzaim:AdditionalQueries;zaim:Queries",noise,,,,exclude,"onCard;loan","Технический/паразитный хвост: домен, Telegram, промокод или внешняя сущность."
микрозайм на карту t_me_top_zaim24,микрозайм на карту t_me_top_zaim24,микрозайм на карту t_me_top_zaim24,2739,1333,LOW,LOW,microzaim,microzaim:Queries,noise,,,,exclude,"onCard;microloan;loan","Технический/паразитный хвост: домен, Telegram, промокод или внешняя сущность."
срочно займ t_me_top_zaim24,срочно займ t_me_top_zaim24,срочно займ t_me_top_zaim24,2656,1304,LOW,LOW,zaim,zaim:Queries,noise,,,,exclude,"instant;loan","Технический/паразитный хвост: домен, Telegram, промокод или внешняя сущность."
займы онлайн на карту без отказа creditulka.com,займы онлайн на карту без отказа creditulka.com,займы онлайн на карту без отказа creditulka.com,2629,3008,LOW,LOW,zaim,zaim:Queries,noise,,,,exclude,"online;onCard;noRefusal;loan","Технический/паразитный хвост: домен, Telegram, промокод или внешняя сущность."
займы онлайн microcreditor,займы онлайн microcreditor,займы онлайн microcreditor,2621,2652,LOW,LOW,zaim,zaim:Queries,noise,,,,exclude,"online;loan","Технический/паразитный хвост: домен, Telegram, промокод или внешняя сущность."
займы без процентов первый раз creditulka,займы без процентов первый раз creditulka,займы без процентов первый раз creditulka,2538,1175,LOW,LOW,zaim,zaim:Queries,noise,,,,exclude,"noInterest;loan","Технический/паразитный хвост: домен, Telegram, промокод или внешняя сущность."
займ на карту t_me_top_zaim24 t_me_top_zaim24,займ на карту t_me_top_zaim24 t_me_top_zaim24,займ на карту t_me_top_zaim24 t_me_top_zaim24,2398,1179,LOW,LOW,zaim,zaim:Queries,noise,,,,exclude,"onCard;loan","Технический/паразитный хвост: домен, Telegram, промокод или внешняя сущность."
займ онлайн на карте t_me_top_zaim24,займ онлайн на карте t_me_top_zaim24,займ онлайн на карте t_me_top_zaim24,2395,1185,LOW,LOW,zaim,zaim:Queries,noise,,,,exclude,"online;loan","Технический/паразитный хвост: домен, Telegram, промокод или внешняя сущность."
экспресс займы creditulka,экспресс займы creditulka,экспресс займы creditulka,2296,1136,AVERAGE,AVERAGE,zaim,zaim:Queries,noise,,,,exclude,"instant;loan","Технический/паразитный хвост: домен, Telegram, промокод или внешняя сущность."
быстрый займ на карту онлайн t_me_top_zaim24,быстрый займ на карту онлайн t_me_top_zaim24,быстрый займ на карту онлайн t_me_top_zaim24,2189,1050,LOW,LOW,zaim,zaim:Queries,noise,,,,exclude,"online;onCard;instant;loan","Технический/паразитный хвост: домен, Telegram, промокод или внешняя сущность."
взять займ на карту без отказа t_me_top_zaim24,взять займ на карту без отказа t_me_top_zaim24,взять займ на карту без отказа t_me_top_zaim24,2131,1095,LOW,LOW,zaim,zaim:Queries,noise,,,,exclude,"onCard;noRefusal;loan","Технический/паразитный хвост: домен, Telegram, промокод или внешняя сущность."
займ без процентов на карту t_me_top_zaim24,займ без процентов на карту t_me_top_zaim24,займ без процентов на карту t_me_top_zaim24,2116,1096,LOW,LOW,zaim,zaim:Queries,noise,,,,exclude,"onCard;noInterest;loan","Технический/паразитный хвост: домен, Telegram, промокод или внешняя сущность."
займ с плохой кредитной историей без отказа t_me_top_zaim24,займ с плохой кредитной историей без отказа t_me_top_zaim24,займ с плохой кредитной историей без отказа t_me_top_zaim24,2108,1352,LOW,LOW,zaim,zaim:Queries,noise,,,,exclude,"noRefusal;badCredit;loan","Технический/паразитный хвост: домен, Telegram, промокод или внешняя сущность."
микрозайм онлайн без карты choosingbestloan,микрозайм онлайн без карты choosingbestloan,микрозайм онлайн без карты choosingbestloan,2029,2173,LOW,LOW,microzaim,microzaim:Queries,noise,,,,exclude,"online;onCard;noCard;microloan;loan","Технический/паразитный хвост: домен, Telegram, промокод или внешняя сущность."
новые займы creditulka,новые займы creditulka,новые займы creditulka,2025,981,AVERAGE,AVERAGE,zaim,zaim:Queries,noise,,,,exclude,"newLoans;loan","Технический/паразитный хвост: домен, Telegram, промокод или внешняя сущность."
займы онлайн на карту без отказа t_me_top_zaim24,займы онлайн на карту без отказа t_me_top_zaim24,займы онлайн на карту без отказа t_me_top_zaim24,1918,1040,LOW,LOW,zaim,zaim:Queries,noise,,,,exclude,"online;onCard;noRefusal;loan","Технический/паразитный хвост: домен, Telegram, промокод или внешняя сущность."
займы онлайн bistrodengi.ru,займы онлайн bistrodengi.ru,займы онлайн bistrodengi.ru,1749,1841,AVERAGE,AVERAGE,zaim,zaim:Queries,noise,,,,exclude,"online;loan","Технический/паразитный хвост: домен, Telegram, промокод или внешняя сущность."
взять займ онлайн t_me_top_zaim24,взять займ онлайн t_me_top_zaim24,взять займ онлайн t_me_top_zaim24,1744,850,LOW,LOW,zaim,zaim:Queries,noise,,,,exclude,"online;loan","Технический/паразитный хвост: домен, Telegram, промокод или внешняя сущность."
займы без отказа creditulka.com,займы без отказа creditulka.com,займы без отказа creditulka.com,1721,2007,LOW,LOW,zaim,zaim:Queries,noise,,,,exclude,"noRefusal;loan","Технический/паразитный хвост: домен, Telegram, промокод или внешняя сущность."
быстрый займ creditulka,быстрый займ creditulka,быстрый займ creditulka,1711,728,AVERAGE,AVERAGE,zaim,zaim:Queries,noise,,,,exclude,"instant;loan","Технический/паразитный хвост: домен, Telegram, промокод или внешняя сущность."
займ на карту без отказов t_me_top_zaim24,займ на карту без отказов t_me_top_zaim24,займ на карту без отказов t_me_top_zaim24,1706,878,AVERAGE,AVERAGE,zaim,zaim:Queries,noise,,,,exclude,"onCard;noRefusal;loan","Технический/паразитный хвост: домен, Telegram, промокод или внешняя сущность."
займы 24рсб,займы 24рсб,займы 24рсб,1699,1637,LOW,LOW,zaim,zaim:Queries,noise,,,,exclude,loan,"Технический/паразитный хвост: домен, Telegram, промокод или внешняя сущность."
займы rsb24,займы rsb24,займы rsb24,1695,1604,LOW,LOW,zaim,zaim:Queries,noise,,,,exclude,loan,"Технический/паразитный хвост: домен, Telegram, промокод или внешняя сущность."
взять займ онлайн на карту t_me_top_zaim24,взять займ онлайн на карту t_me_top_zaim24,взять займ онлайн на карту t_me_top_zaim24,1655,783,LOW,LOW,zaim,zaim:Queries,noise,,,,exclude,"online;onCard;loan","Технический/паразитный хвост: домен, Telegram, промокод или внешняя сущность."
займ bistrodengi.ru,займ bistrodengi.ru,займ bistrodengi.ru,1603,1637,AVERAGE,AVERAGE,zaim,zaim:Queries,noise,,,,exclude,loan,"Технический/паразитный хвост: домен, Telegram, промокод или внешняя сущность."
топ займов creditulka,топ займов creditulka,топ займов creditulka,1600,777,LOW,LOW,zaim,zaim:Queries,noise,,,,exclude,"rating;loan","Технический/паразитный хвост: домен, Telegram, промокод или внешняя сущность."
новые займы онлайн на карту creditulka,новые займы онлайн на карту creditulka,новые займы онлайн на карту creditulka,1600,772,LOW,LOW,zaim,zaim:Queries,noise,,,,exclude,"online;onCard;newLoans;loan","Технический/паразитный хвост: домен, Telegram, промокод или внешняя сущность."
займ онлайн choosingbestloan,займ онлайн choosingbestloan,займ онлайн choosingbestloan,1597,1659,LOW,LOW,zaim,zaim:Queries,noise,,,,exclude,"online;loan","Технический/паразитный хвост: домен, Telegram, промокод или внешняя сущность."
займы новые creditulka,займы новые creditulka,займы новые creditulka,1580,806,AVERAGE,AVERAGE,zaim,zaim:Queries,noise,,,,exclude,"newLoans;loan","Технический/паразитный хвост: домен, Telegram, промокод или внешняя сущность."
займ с плохой кредитной историей t_me_top_zaim24,займ с плохой кредитной историей t_me_top_zaim24,займ с плохой кредитной историей t_me_top_zaim24,1574,851,LOW,LOW,zaim,zaim:Queries,noise,,,,exclude,"badCredit;loan","Технический/паразитный хвост: домен, Telegram, промокод или внешняя сущность."
займы bistrodengi.ru,займы bistrodengi.ru,займы bistrodengi.ru,1558,1581,AVERAGE,AVERAGE,zaim,zaim:Queries,noise,,,,exclude,loan,"Технический/паразитный хвост: домен, Telegram, промокод или внешняя сущность."
микрозайм без процентов t_me_top_zaim24,микрозайм без процентов t_me_top_zaim24,микрозайм без процентов t_me_top_zaim24,1524,751,LOW,LOW,microzaim,microzaim:Queries,noise,,,,exclude,"noInterest;microloan;loan","Технический/паразитный хвост: домен, Telegram, промокод или внешняя сущность."
займ на карту без отказа срочно t_me_top_zaim24,займ на карту без отказа срочно t_me_top_zaim24,займ на карту без отказа срочно t_me_top_zaim24,1500,759,LOW,LOW,zaim,zaim:Queries,noise,,,,exclude,"onCard;noRefusal;instant;loan","Технический/паразитный хвост: домен, Telegram, промокод или внешняя сущность."
займ онлайн без отказа t_me_top_zaim24,займ онлайн без отказа t_me_top_zaim24,займ онлайн без отказа t_me_top_zaim24,1486,834,LOW,LOW,zaim,zaim:Queries,noise,,,,exclude,"online;noRefusal;loan","Технический/паразитный хвост: домен, Telegram, промокод или внешняя сущность."
займ на карту мгновенно t_me_top_zaim24,займ на карту мгновенно t_me_top_zaim24,займ на карту мгновенно t_me_top_zaim24,1471,723,LOW,LOW,zaim,zaim:Queries,noise,,,,exclude,"onCard;instant;loan","Технический/паразитный хвост: домен, Telegram, промокод или внешняя сущность."
микрозайм bistrodengi.ru,микрозайм bistrodengi.ru,микрозайм bistrodengi.ru,1464,1475,HIGH,HIGH,microzaim,microzaim:Queries,noise,,,,exclude,"microloan;loan","Технический/паразитный хвост: домен, Telegram, промокод или внешняя сущность."
займ на карту без отказа 100 процентов t_me_top_zaim24,займ на карту без отказа 100 процентов t_me_top_zaim24,займ на карту без отказа 100 процентов t_me_top_zaim24,1456,721,LOW,LOW,zaim,zaim:Queries,noise,,,,exclude,"onCard;noRefusal;loan","Технический/паразитный хвост: домен, Telegram, промокод или внешняя сущность."
мгновенные займы без проверок круглосуточно t_me_top_zaim24,мгновенные займы без проверок круглосуточно t_me_top_zaim24,мгновенные займы без проверок круглосуточно t_me_top_zaim24,1436,737,LOW,LOW,zaim,zaim:Queries,noise,,,,exclude,"instant;roundClock;noChecks;loan","Технический/паразитный хвост: домен, Telegram, промокод или внешняя сущность."
срочные онлайн займы на карту zaymtop.ru,срочные онлайн займы на карту zaymtop.ru,срочные онлайн займы на карту zaymtop.ru,1399,1422,LOW,LOW,zaim,zaim:Queries,noise,,,,exclude,"online;onCard;instant;loan","Технический/паразитный хвост: домен, Telegram, промокод или внешняя сущность."
займ t_me_top_zaim24 t_me_top_zaim24,займ t_me_top_zaim24 t_me_top_zaim24,займ t_me_top_zaim24 t_me_top_zaim24,1393,677,LOW,LOW,zaim,zaim:Queries,noise,,,,exclude,loan,"Технический/паразитный хвост: домен, Telegram, промокод или внешняя сущность."
займы под птс creditulka,займы под птс creditulka,займы под птс creditulka,1364,619,LOW,LOW,zaim,zaim:Queries,noise,,,,exclude,"collateralPts;loan","Технический/паразитный хвост: домен, Telegram, промокод или внешняя сущность."
займы онлайн на карту по паспорту t_me_top_zaim24,займы онлайн на карту по паспорту t_me_top_zaim24,займы онлайн на карту по паспорту t_me_top_zaim24,1334,646,LOW,LOW,zaim,zaim:Queries,noise,,,,exclude,"online;onCard;noDocs;passport;loan","Технический/паразитный хвост: домен, Telegram, промокод или внешняя сущность."
займ на карту с плохой кредитной историей t_me_top_zaim24,займ на карту с плохой кредитной историей t_me_top_zaim24,займ на карту с плохой кредитной историей t_me_top_zaim24,1310,731,LOW,LOW,zaim,zaim:Queries,noise,,,,exclude,"onCard;badCredit;loan","Технический/паразитный хвост: домен, Telegram, промокод или внешняя сущность."
займы онлайн список t_me_top_zaim24,займы онлайн список t_me_top_zaim24,займы онлайн список t_me_top_zaim24,1305,654,LOW,LOW,zaim,zaim:Queries,noise,,,,exclude,"online;rating;loan","Технический/паразитный хвост: домен, Telegram, промокод или внешняя сущность."
все займы на карту creditulka,все займы на карту creditulka,все займы на карту creditulka,1290,572,AVERAGE,AVERAGE,zaim,zaim:Queries,noise,,,,exclude,"onCard;loan","Технический/паразитный хвост: домен, Telegram, промокод или внешняя сущность."
займ на карту choosingbestloan,займ на карту choosingbestloan,займ на карту choosingbestloan,1287,1345,LOW,LOW,zaim,zaim:Queries,noise,,,,exclude,"onCard;loan","Технический/паразитный хвост: домен, Telegram, промокод или внешняя сущность."
займ онлайн bistrodengi.ru,займ онлайн bistrodengi.ru,займ онлайн bistrodengi.ru,1267,1276,HIGH,HIGH,zaim,zaim:Queries,noise,,,,exclude,"online;loan","Технический/паразитный хвост: домен, Telegram, промокод или внешняя сущность."
взять займ онлайн на карту creditulka,взять займ онлайн на карту creditulka,взять займ онлайн на карту creditulka,1220,530,AVERAGE,AVERAGE,zaim,zaim:Queries,noise,,,,exclude,"online;onCard;loan","Технический/паразитный хвост: домен, Telegram, промокод или внешняя сущность."
быстрый займ на карту без отказа срочно t_me_top_zaim24,быстрый займ на карту без отказа срочно t_me_top_zaim24,быстрый займ на карту без отказа срочно t_me_top_zaim24,1204,604,AVERAGE,AVERAGE,zaim,zaim:Queries,noise,,,,exclude,"onCard;noRefusal;instant;loan","Технический/паразитный хвост: домен, Telegram, промокод или внешняя сущность."
самый быстрый займ на карту t_me_top_zaim24,самый быстрый займ на карту t_me_top_zaim24,самый быстрый займ на карту t_me_top_zaim24,1171,574,LOW,LOW,zaim,zaim:Queries,noise,,,,exclude,"onCard;instant;loan","Технический/паразитный хвост: домен, Telegram, промокод или внешняя сущность."
взять займ срочно t_me_top_zaim24,взять займ срочно t_me_top_zaim24,взять займ срочно t_me_top_zaim24,1157,571,LOW,LOW,zaim,zaim:Queries,noise,,,,exclude,"instant;loan","Технический/паразитный хвост: домен, Telegram, промокод или внешняя сущность."
займ без процентов на 30 дней creditulka,займ без процентов на 30 дней creditulka,займ без процентов на 30 дней creditulka,1141,482,LOW,LOW,zaim,zaim:Queries,noise,,,,exclude,"noInterest;loan;term:30-days","Технический/паразитный хвост: домен, Telegram, промокод или внешняя сущность."
займ на карту без проверок кредитной истории t_me_top_zaim24,займ на карту без проверок кредитной истории t_me_top_zaim24,займ на карту без проверок кредитной истории t_me_top_zaim24,1135,574,LOW,LOW,zaim,zaim:Queries,noise,,,,exclude,"onCard;badCredit;noChecks;loan","Технический/паразитный хвост: домен, Telegram, промокод или внешняя сущность."
займ 100 процентов одобрения на карту t_me_top_zaim24,займ 100 процентов одобрения на карту t_me_top_zaim24,займ 100 процентов одобрения на карту t_me_top_zaim24,1118,547,LOW,LOW,zaim,zaim:Queries,noise,,,,exclude,"onCard;noRefusal;loan","Технический/паразитный хвост: домен, Telegram, промокод или внешняя сущность."
все займы онлайн t_me_top_zaim24,все займы онлайн t_me_top_zaim24,все займы онлайн t_me_top_zaim24,1115,546,LOW,LOW,zaim,zaim:Queries,noise,,,,exclude,"online;loan","Технический/паразитный хвост: домен, Telegram, промокод или внешняя сущность."
займ онлайн на карту creditulka,займ онлайн на карту creditulka,займ онлайн на карту creditulka,1112,447,AVERAGE,AVERAGE,zaim,zaim:Queries,noise,,,,exclude,"online;onCard;loan","Технический/паразитный хвост: домен, Telegram, промокод или внешняя сущность."
займы денег на карту онлайн без отказа t_me_top_zaim24,займы денег на карту онлайн без отказа t_me_top_zaim24,займы денег на карту онлайн без отказа t_me_top_zaim24,1109,559,LOW,LOW,zaim,zaim:Queries,noise,,,,exclude,"online;onCard;noRefusal;loan","Технический/паразитный хвост: домен, Telegram, промокод или внешняя сущность."
займы под залог авто creditulka,займы под залог авто creditulka,займы под залог авто creditulka,1104,496,AVERAGE,AVERAGE,zaim,zaim:Queries,noise,,,,exclude,"collateralAuto;loan","Технический/паразитный хвост: домен, Telegram, промокод или внешняя сущность."
займы под залог птс creditulka,займы под залог птс creditulka,займы под залог птс creditulka,1103,503,LOW,LOW,zaim,zaim:Queries,noise,,,,exclude,"collateralPts;loan","Технический/паразитный хвост: домен, Telegram, промокод или внешняя сущность."
микрозайм без процентов на карту мгновенно t_me_top_zaim24,микрозайм без процентов на карту мгновенно t_me_top_zaim24,микрозайм без процентов на карту мгновенно t_me_top_zaim24,1096,569,LOW,LOW,microzaim,microzaim:Queries,noise,,,,exclude,"onCard;noInterest;instant;microloan;loan","Технический/паразитный хвост: домен, Telegram, промокод или внешняя сущность."
займы creditom ru,займы creditom ru,займы creditom ru,1093,1276,LOW,LOW,zaim,zaim:Queries,noise,,,,exclude,loan,"Технический/паразитный хвост: домен, Telegram, промокод или внешняя сущность."
микрозайм t_me_top_zaim24 t_me_top_zaim24,микрозайм t_me_top_zaim24 t_me_top_zaim24,микрозайм t_me_top_zaim24 t_me_top_zaim24,1092,549,LOW,LOW,microzaim,microzaim:Queries,noise,,,,exclude,"microloan;loan","Технический/паразитный хвост: домен, Telegram, промокод или внешняя сущность."
список микрозаймов t_me_top_zaim24,список микрозаймов t_me_top_zaim24,список микрозаймов t_me_top_zaim24,1033,514,LOW,LOW,microzaim,microzaim:Queries,noise,,,,exclude,"rating;microloan;loan","Технический/паразитный хвост: домен, Telegram, промокод или внешняя сущность."
микрозайм без процентов на карту t_me_top_zaim24,микрозайм без процентов на карту t_me_top_zaim24,микрозайм без процентов на карту t_me_top_zaim24,967,493,LOW,LOW,microzaim,microzaim:Queries,noise,,,,exclude,"onCard;noInterest;microloan;loan","Технический/паразитный хвост: домен, Telegram, промокод или внешняя сущность."
мгновенный микрозайм онлайн на карту choosingbestloan,мгновенный микрозайм онлайн на карту choosingbestloan,мгновенный микрозайм онлайн на карту choosingbestloan,913,947,LOW,LOW,microzaim,microzaim:Queries,noise,,,,exclude,"online;onCard;instant;microloan;loan","Технический/паразитный хвост: домен, Telegram, промокод или внешняя сущность."
микрозайм без процентов creditulka,микрозайм без процентов creditulka,микрозайм без процентов creditulka,848,323,LOW,LOW,microzaim,microzaim:Queries,noise,,,,exclude,"noInterest;microloan;loan","Технический/паразитный хвост: домен, Telegram, промокод или внешняя сущность."
микрокредит через госуслуги t_me_top_zaim24,микрокредит через госуслуги t_me_top_zaim24,микрокредит через госуслуги t_me_top_zaim24,824,437,LOW,LOW,microcredit,microcredit:Queries,noise,,,,exclude,"gosuslugi;microcredit","Технический/паразитный хвост: домен, Telegram, промокод или внешняя сущность."
микрозайм на карту через госуслуги t_me_top_zaim24,микрозайм на карту через госуслуги t_me_top_zaim24,микрозайм на карту через госуслуги t_me_top_zaim24,793,405,LOW,LOW,microzaim,microzaim:Queries,noise,,,,exclude,"onCard;gosuslugi;microloan;loan","Технический/паразитный хвост: домен, Telegram, промокод или внешняя сущность."
микрозайм zanimator25$,микрозайм zanimator25$,микрозайм zanimator25$,767,878,LOW,LOW,microzaim,microzaim:Queries,noise,,,,exclude,"microloan;loan","Технический/паразитный хвост: домен, Telegram, промокод или внешняя сущность."
микрокредит онлайн на карту без отказа t_me_top_zaim24,микрокредит онлайн на карту без отказа t_me_top_zaim24,микрокредит онлайн на карту без отказа t_me_top_zaim24,744,377,LOW,LOW,microcredit,microcredit:Queries,noise,,,,exclude,"online;onCard;noRefusal;microcredit","Технический/паразитный хвост: домен, Telegram, промокод или внешняя сущность."
рейтинг микрозаймов на карту онлайн choosingbestloan,рейтинг микрозаймов на карту онлайн choosingbestloan,рейтинг микрозаймов на карту онлайн choosingbestloan,721,755,LOW,LOW,microzaim,microzaim:Queries,noise,,,,exclude,"online;onCard;rating;microloan;loan","Технический/паразитный хвост: домен, Telegram, промокод или внешняя сущность."
взять микрозайм на карту без отказа creditulka,взять микрозайм на карту без отказа creditulka,взять микрозайм на карту без отказа creditulka,719,338,LOW,LOW,microzaim,microzaim:Queries,noise,,,,exclude,"onCard;noRefusal;microloan;loan","Технический/паразитный хвост: домен, Telegram, промокод или внешняя сущность."
микрозайм на карту без проверок t_me_top_zaim24,микрозайм на карту без проверок t_me_top_zaim24,микрозайм на карту без проверок t_me_top_zaim24,708,353,LOW,LOW,microzaim,microzaim:Queries,noise,,,,exclude,"onCard;noChecks;microloan;loan","Технический/паразитный хвост: домен, Telegram, промокод или внешняя сущность."
топ лучших микрозаймов онлайн на карту choosingbestloan,топ лучших микрозаймов онлайн на карту choosingbestloan,топ лучших микрозаймов онлайн на карту choosingbestloan,697,723,LOW,LOW,microzaim,microzaim:Queries,noise,,,,exclude,"online;onCard;rating;microloan;loan","Технический/паразитный хвост: домен, Telegram, промокод или внешняя сущность."
где взять микрозайм на карту t_me_top_zaim24,где взять микрозайм на карту t_me_top_zaim24,где взять микрозайм на карту t_me_top_zaim24,663,334,LOW,LOW,microzaim,microzaim:Queries,noise,,,,exclude,"onCard;microloan;loan","Технический/паразитный хвост: домен, Telegram, промокод или внешняя сущность."
микрозайм без процентов на 30 дней creditulka,микрозайм без процентов на 30 дней creditulka,микрозайм без процентов на 30 дней creditulka,660,357,LOW,LOW,microzaim,microzaim:Queries,noise,,,,exclude,"noInterest;microloan;loan;term:30-days","Технический/паразитный хвост: домен, Telegram, промокод или внешняя сущность."
взять микрозайм онлайн срочно без отказа t_me_top_zaim24,взять микрозайм онлайн срочно без отказа t_me_top_zaim24,взять микрозайм онлайн срочно без отказа t_me_top_zaim24,631,315,LOW,LOW,microzaim,microzaim:Queries,noise,,,,exclude,"online;noRefusal;instant;microloan;loan","Технический/паразитный хвост: домен, Telegram, промокод или внешняя сущность."
взять микрозайм на карту без процентов t_me_top_zaim24,взять микрозайм на карту без процентов t_me_top_zaim24,взять микрозайм на карту без процентов t_me_top_zaim24,626,314,LOW,LOW,microzaim,microzaim:Queries,noise,,,,exclude,"onCard;noInterest;microloan;loan","Технический/паразитный хвост: домен, Telegram, промокод или внешняя сущность."
получить микрозайм без отказа на карту creditulka,получить микрозайм без отказа на карту creditulka,получить микрозайм без отказа на карту creditulka,617,282,AVERAGE,AVERAGE,microzaim,microzaim:Queries,noise,,,,exclude,"onCard;noRefusal;microloan;loan","Технический/паразитный хвост: домен, Telegram, промокод или внешняя сущность."
микрозайм онлайн на карту без отказа срочно t_me_top_zaim24,микрозайм онлайн на карту без отказа срочно t_me_top_zaim24,микрозайм онлайн на карту без отказа срочно t_me_top_zaim24,613,303,LOW,LOW,microzaim,microzaim:Queries,noise,,,,exclude,"online;onCard;noRefusal;instant;microloan;loan","Технический/паразитный хвост: домен, Telegram, промокод или внешняя сущность."
микрозайм через госуслуги без отказов t_me_top_zaim24,микрозайм через госуслуги без отказов t_me_top_zaim24,микрозайм через госуслуги без отказов t_me_top_zaim24,596,319,LOW,LOW,microzaim,microzaim:Queries,noise,,,,exclude,"noRefusal;gosuslugi;microloan;loan","Технический/паразитный хвост: домен, Telegram, промокод или внешняя сущность."
взять микрозайм с просрочками creditulka,взять микрозайм с просрочками creditulka,взять микрозайм с просрочками creditulka,579,260,AVERAGE,AVERAGE,microzaim,microzaim:Queries,noise,,,,exclude,"badCredit;instant;microloan;loan","Технический/паразитный хвост: домен, Telegram, промокод или внешняя сущность."
срочный микрозайм на карту t_me_top_zaim24,срочный микрозайм на карту t_me_top_zaim24,срочный микрозайм на карту t_me_top_zaim24,551,281,LOW,LOW,microzaim,microzaim:Queries,noise,,,,exclude,"onCard;instant;microloan;loan","Технический/паразитный хвост: домен, Telegram, промокод или внешняя сущность."
лучшие микрокредиты на карту choosingbestloan,лучшие микрокредиты на карту choosingbestloan,лучшие микрокредиты на карту choosingbestloan,534,543,AVERAGE,AVERAGE,microcredit,microcredit:Queries,noise,,,,exclude,"onCard;rating;microcredit","Технический/паразитный хвост: домен, Telegram, промокод или внешняя сущность."
микрозайм без процентов на карту онлайн choosingbestloan,микрозайм без процентов на карту онлайн choosingbestloan,микрозайм без процентов на карту онлайн choosingbestloan,523,1049,LOW,LOW,microzaim,microzaim:Queries,noise,,,,exclude,"online;onCard;noInterest;microloan;loan","Технический/паразитный хвост: домен, Telegram, промокод или внешняя сущность."
микрозайм со 100 процентным одобрением creditulka,микрозайм со 100 процентным одобрением creditulka,микрозайм со 100 процентным одобрением creditulka,522,219,LOW,LOW,microzaim,microzaim:Queries,noise,,,,exclude,"noRefusal;microloan;loan","Технический/паразитный хвост: домен, Telegram, промокод или внешняя сущность."
микрозайм онлайн на карту без проверок t_me_top_zaim24,микрозайм онлайн на карту без проверок t_me_top_zaim24,микрозайм онлайн на карту без проверок t_me_top_zaim24,500,255,LOW,LOW,microzaim,microzaim:Queries,noise,,,,exclude,"online;onCard;noChecks;microloan;loan","Технический/паразитный хвост: домен, Telegram, промокод или внешняя сущность."
взять микрозайм на карту t_me_top_zaim24,взять микрозайм на карту t_me_top_zaim24,взять микрозайм на карту t_me_top_zaim24,497,242,LOW,LOW,microzaim,microzaim:Queries,noise,,,,exclude,"onCard;microloan;loan","Технический/паразитный хвост: домен, Telegram, промокод или внешняя сущность."
микрозайм без отказа без проверки мгновенно онлайн t_me_top_zaim24,микрозайм без отказа без проверки мгновенно онлайн t_me_top_zaim24,микрозайм без отказа без проверки мгновенно онлайн t_me_top_zaim24,492,257,LOW,LOW,microzaim,microzaim:Queries,noise,,,,exclude,"online;noRefusal;instant;noChecks;microloan;loan","Технический/паразитный хвост: домен, Telegram, промокод или внешняя сущность."
микрозайм первый займ без процентов t_me_top_zaim24,микрозайм первый займ без процентов t_me_top_zaim24,микрозайм первый займ без процентов t_me_top_zaim24,490,270,LOW,LOW,microzaim,microzaim:Queries,noise,,,,exclude,"noInterest;firstFree;microloan;loan","Технический/паразитный хвост: домен, Telegram, промокод или внешняя сущность."
где взять микрозайм без отказа на карту t_me_top_zaim24,где взять микрозайм без отказа на карту t_me_top_zaim24,где взять микрозайм без отказа на карту t_me_top_zaim24,473,239,AVERAGE,AVERAGE,microzaim,microzaim:Queries,noise,,,,exclude,"onCard;noRefusal;microloan;loan","Технический/паразитный хвост: домен, Telegram, промокод или внешняя сущность."
микрокредит без проверок creditulka,микрокредит без проверок creditulka,микрокредит без проверок creditulka,473,217,AVERAGE,AVERAGE,microcredit,microcredit:Queries,noise,,,,exclude,"noChecks;microcredit","Технический/паразитный хвост: домен, Telegram, промокод или внешняя сущность."
оформить микрозайм по телефону creditulka,оформить микрозайм по телефону creditulka,оформить микрозайм по телефону creditulka,462,199,AVERAGE,AVERAGE,microzaim,microzaim:Queries,noise,,,,exclude,"microloan;loan","Технический/паразитный хвост: домен, Telegram, промокод или внешняя сущность."
микрозайм до 100000 creditulka,микрозайм до 100000 creditulka,микрозайм до 100000 creditulka,456,196,LOW,LOW,microzaim,microzaim:Queries,noise,,,,exclude,"microloan;loan;amount:1000","Технический/паразитный хвост: домен, Telegram, промокод или внешняя сущность."
микрозайм без прописки creditulka,микрозайм без прописки creditulka,микрозайм без прописки creditulka,441,233,AVERAGE,AVERAGE,microzaim,microzaim:Queries,noise,,,,exclude,"microloan;loan","Технический/паразитный хвост: домен, Telegram, промокод или внешняя сущность."
микрозайм без процентов на первый займ t_me_top_zaim24,микрозайм без процентов на первый займ t_me_top_zaim24,микрозайм без процентов на первый займ t_me_top_zaim24,438,264,LOW,LOW,microzaim,microzaim:Queries,noise,,,,exclude,"noInterest;microloan;loan","Технический/паразитный хвост: домен, Telegram, промокод или внешняя сущность."
топ микрозаймов на карту choosingbestloan,топ микрозаймов на карту choosingbestloan,топ микрозаймов на карту choosingbestloan,410,429,LOW,LOW,microzaim,microzaim:Queries,noise,,,,exclude,"onCard;rating;microloan;loan","Технический/паразитный хвост: домен, Telegram, промокод или внешняя сущность."
микрозайм your-loans,микрозайм your-loans,микрозайм your-loans,410,196,AVERAGE,AVERAGE,microzaim,microzaim:Queries,noise,,,,exclude,"microloan;loan","Технический/паразитный хвост: домен, Telegram, промокод или внешняя сущность."
микрозайм your loans,микрозайм your loans,микрозайм your loans,407,194,LOW,LOW,microzaim,microzaim:Queries,noise,,,,exclude,"microloan;loan","Технический/паразитный хвост: домен, Telegram, промокод или внешняя сущность."
топ микрозаймов онлайн на карту choosingbestloan,топ микрозаймов онлайн на карту choosingbestloan,топ микрозаймов онлайн на карту choosingbestloan,402,426,AVERAGE,AVERAGE,microzaim,microzaim:Queries,noise,,,,exclude,"online;onCard;rating;microloan;loan","Технический/паразитный хвост: домен, Telegram, промокод или внешняя сущность."
микрозайм без процентов creditulka.com/mfo/bez-procentov,микрозайм без процентов creditulka.com/mfo/bez-procentov,микрозайм без процентов creditulka.com/mfo/bez-procentov,398,434,LOW,LOW,microzaim,microzaim:Queries,noise,,,,exclude,"noInterest;microloan;loan","Технический/паразитный хвост: домен, Telegram, промокод или внешняя сущность."
микрозайм rsb24,микрозайм rsb24,микрозайм rsb24,394,380,LOW,LOW,microzaim,microzaim:Queries,noise,,,,exclude,"microloan;loan","Технический/паразитный хвост: домен, Telegram, промокод или внешняя сущность."
микрозайм 24рсб,микрозайм 24рсб,микрозайм 24рсб,390,364,LOW,LOW,microzaim,microzaim:Queries,noise,,,,exclude,"microloan;loan","Технический/паразитный хвост: домен, Telegram, промокод или внешняя сущность."
онлайн заявка на микрозайм без отказа creditulka,онлайн заявка на микрозайм без отказа creditulka,онлайн заявка на микрозайм без отказа creditulka,359,157,AVERAGE,AVERAGE,microzaim,microzaim:Queries,noise,,,,exclude,"online;noRefusal;microloan;loan","Технический/паразитный хвост: домен, Telegram, промокод или внешняя сущность."
микрозайм на карту онлайн срочно choosingbestloan,микрозайм на карту онлайн срочно choosingbestloan,микрозайм на карту онлайн срочно choosingbestloan,329,356,LOW,LOW,microzaim,microzaim:Queries,noise,,,,exclude,"online;onCard;instant;microloan;loan","Технический/паразитный хвост: домен, Telegram, промокод или внешняя сущность."
микрозайм первый bistrodengi.ru,микрозайм первый bistrodengi.ru,микрозайм первый bistrodengi.ru,324,338,HIGH,HIGH,microzaim,microzaim:Queries,noise,,,,exclude,"microloan;loan","Технический/паразитный хвост: домен, Telegram, промокод или внешняя сущность."
микрозайм sravni,микрозайм sravni,микрозайм sravni,323,941,AVERAGE,AVERAGE,microzaim,microzaim:Queries,noise,,,,exclude,"microloan;loan","Технический/паразитный хвост: домен, Telegram, промокод или внешняя сущность."
микрозайм 100 процентов одобрение creditulka,микрозайм 100 процентов одобрение creditulka,микрозайм 100 процентов одобрение creditulka,322,156,LOW,LOW,microzaim,microzaim:Queries,noise,,,,exclude,"noRefusal;microloan;loan","Технический/паразитный хвост: домен, Telegram, промокод или внешняя сущность."
топ микрозаймов choosingbestloan,топ микрозаймов choosingbestloan,топ микрозаймов choosingbestloan,315,324,LOW,LOW,microzaim,microzaim:Queries,noise,,,,exclude,"rating;microloan;loan","Технический/паразитный хвост: домен, Telegram, промокод или внешняя сущность."
микрозайм онлайн на карту без проверок choosingbestloan,микрозайм онлайн на карту без проверок choosingbestloan,микрозайм онлайн на карту без проверок choosingbestloan,313,325,LOW,LOW,microzaim,microzaim:Queries,noise,,,,exclude,"online;onCard;noChecks;microloan;loan","Технический/паразитный хвост: домен, Telegram, промокод или внешняя сущность."
взять микрозайм онлайн на карту choosingbestloan,взять микрозайм онлайн на карту choosingbestloan,взять микрозайм онлайн на карту choosingbestloan,311,336,LOW,LOW,microzaim,microzaim:Queries,noise,,,,exclude,"online;onCard;microloan;loan","Технический/паразитный хвост: домен, Telegram, промокод или внешняя сущность."
микрозайм на карту с просрочками creditulka,микрозайм на карту с просрочками creditulka,микрозайм на карту с просрочками creditulka,307,151,LOW,LOW,microzaim,microzaim:Queries,noise,,,,exclude,"onCard;badCredit;instant;microloan;loan","Технический/паразитный хвост: домен, Telegram, промокод или внешняя сущность."
взять микрозайм на карту без отказа срочно t_me_top_zaim24,взять микрозайм на карту без отказа срочно t_me_top_zaim24,взять микрозайм на карту без отказа срочно t_me_top_zaim24,295,156,LOW,LOW,microzaim,microzaim:Queries,noise,,,,exclude,"onCard;noRefusal;instant;microloan;loan","Технический/паразитный хвост: домен, Telegram, промокод или внешняя сущность."
микрозайм moneyman.ru,микрозайм moneyman.ru,микрозайм moneyman.ru,290,301,AVERAGE,AVERAGE,microzaim,microzaim:Queries,noise,,,,exclude,"microloan;loan","Технический/паразитный хвост: домен, Telegram, промокод или внешняя сущность."
самый лучший микрозайм на карту choosingbestloan,самый лучший микрозайм на карту choosingbestloan,самый лучший микрозайм на карту choosingbestloan,287,315,LOW,LOW,microzaim,microzaim:Queries,noise,,,,exclude,"onCard;rating;microloan;loan","Технический/паразитный хвост: домен, Telegram, промокод или внешняя сущность."
рейтинг микрозаймов на карту choosingbestloan,рейтинг микрозаймов на карту choosingbestloan,рейтинг микрозаймов на карту choosingbestloan,287,312,LOW,LOW,microzaim,microzaim:Queries,noise,,,,exclude,"onCard;rating;microloan;loan","Технический/паразитный хвост: домен, Telegram, промокод или внешняя сущность."
онлайн микрозайм на карту без истории choosingbestloan,онлайн микрозайм на карту без истории choosingbestloan,онлайн микрозайм на карту без истории choosingbestloan,277,301,LOW,LOW,microzaim,microzaim:Queries,noise,,,,exclude,"online;onCard;microloan;loan","Технический/паразитный хвост: домен, Telegram, промокод или внешняя сущность."
взять микрозайм microcreditor,взять микрозайм microcreditor,взять микрозайм microcreditor,268,271,LOW,LOW,microzaim,microzaim:Queries,noise,,,,exclude,"microloan;loan","Технический/паразитный хвост: домен, Telegram, промокод или внешняя сущность."
новый микрозайм на карту онлайн creditulka,новый микрозайм на карту онлайн creditulka,новый микрозайм на карту онлайн creditulka,250,106,AVERAGE,AVERAGE,microzaim,microzaim:Queries,noise,,,,exclude,"online;onCard;newLoans;microloan;loan","Технический/паразитный хвост: домен, Telegram, промокод или внешняя сущность."
топ 10 микрозаймов на карту онлайн choosingbestloan,топ 10 микрозаймов на карту онлайн choosingbestloan,топ 10 микрозаймов на карту онлайн choosingbestloan,249,256,AVERAGE,AVERAGE,microzaim,microzaim:Queries,noise,,,,exclude,"online;onCard;rating;microloan;loan","Технический/паразитный хвост: домен, Telegram, промокод или внешняя сущность."
топ микрозаймов онлайн на карту creditulka,топ микрозаймов онлайн на карту creditulka,топ микрозаймов онлайн на карту creditulka,249,120,LOW,LOW,microzaim,microzaim:Queries,noise,,,,exclude,"online;onCard;rating;microloan;loan","Технический/паразитный хвост: домен, Telegram, промокод или внешняя сущность."
микрозайм без процентов на карту онлайн мгновенно choosingbestloan,микрозайм без процентов на карту онлайн мгновенно choosingbestloan,микрозайм без процентов на карту онлайн мгновенно choosingbestloan,241,284,LOW,LOW,microzaim,microzaim:Queries,noise,,,,exclude,"online;onCard;noInterest;instant;microloan;loan","Технический/паразитный хвост: домен, Telegram, промокод или внешняя сущность."
микрозайм онлайн через госуслуги t_me_top_zaim24,микрозайм онлайн через госуслуги t_me_top_zaim24,микрозайм онлайн через госуслуги t_me_top_zaim24,239,122,LOW,LOW,microzaim,microzaim:Queries,noise,,,,exclude,"online;gosuslugi;microloan;loan","Технический/паразитный хвост: домен, Telegram, промокод или внешняя сущность."
микрозайм на карту без отказа t_me_top_zaim24,микрозайм на карту без отказа t_me_top_zaim24,микрозайм на карту без отказа t_me_top_zaim24,235,114,LOW,LOW,microzaim,microzaim:Queries,noise,,,,exclude,"onCard;noRefusal;microloan;loan","Технический/паразитный хвост: домен, Telegram, промокод или внешняя сущность."
список микрозаймов онлайн на карту choosingbestloan,список микрозаймов онлайн на карту choosingbestloan,список микрозаймов онлайн на карту choosingbestloan,232,253,LOW,LOW,microzaim,microzaim:Queries,noise,,,,exclude,"online;onCard;rating;microloan;loan","Технический/паразитный хвост: домен, Telegram, промокод или внешняя сущность."
рефинансирование микрозаймов онлайн на карту choosingbestloan,рефинансирование микрозаймов онлайн на карту choosingbestloan,рефинансирование микрозаймов онлайн на карту choosingbestloan,228,252,AVERAGE,AVERAGE,microzaim,microzaim:Queries,noise,,,,exclude,"online;onCard;refinance;microloan;loan","Технический/паразитный хвост: домен, Telegram, промокод или внешняя сущность."
рефинансирование микрозаймов онлайн без отказа на карту choosingbestloan,рефинансирование микрозаймов онлайн без отказа на карту choosingbestloan,рефинансирование микрозаймов онлайн без отказа на карту choosingbestloan,227,255,LOW,LOW,microzaim,microzaim:Queries,noise,,,,exclude,"online;onCard;noRefusal;refinance;microloan;loan","Технический/паразитный хвост: домен, Telegram, промокод или внешняя сущность."
микрозайм без отказа с просрочками creditulka,микрозайм без отказа с просрочками creditulka,микрозайм без отказа с просрочками creditulka,223,98,LOW,LOW,microzaim,microzaim:Queries,noise,,,,exclude,"noRefusal;badCredit;instant;microloan;loan","Технический/паразитный хвост: домен, Telegram, промокод или внешняя сущность."
срочный микрозайм онлайн на кредитную карту choosingbestloan,срочный микрозайм онлайн на кредитную карту choosingbestloan,срочный микрозайм онлайн на кредитную карту choosingbestloan,220,242,LOW,LOW,microzaim,microzaim:Queries,noise,,,,exclude,"online;onCard;instant;microloan;loan","Технический/паразитный хвост: домен, Telegram, промокод или внешняя сущность."
микрозайм на карту онлайн без процентов t_me_top_zaim24,микрозайм на карту онлайн без процентов t_me_top_zaim24,микрозайм на карту онлайн без процентов t_me_top_zaim24,219,106,LOW,LOW,microzaim,microzaim:Queries,noise,,,,exclude,"online;onCard;noInterest;microloan;loan","Технический/паразитный хвост: домен, Telegram, промокод или внешняя сущность."
микрозайм без отказа всем creditulka,микрозайм без отказа всем creditulka,микрозайм без отказа всем creditulka,217,114,LOW,LOW,microzaim,microzaim:Queries,noise,,,,exclude,"noRefusal;microloan;loan","Технический/паразитный хвост: домен, Telegram, промокод или внешняя сущность."
список всех микрозаймов на карту creditulka,список всех микрозаймов на карту creditulka,список всех микрозаймов на карту creditulka,213,99,LOW,LOW,microzaim,microzaim:Queries,noise,,,,exclude,"onCard;rating;microloan;loan","Технический/паразитный хвост: домен, Telegram, промокод или внешняя сущность."
микрозайм без отказа creditulka.com/mfo/bez-otkaza,микрозайм без отказа creditulka.com/mfo/bez-otkaza,микрозайм без отказа creditulka.com/mfo/bez-otkaza,201,211,LOW,LOW,microzaim,microzaim:Queries,noise,,,,exclude,"noRefusal;microloan;loan","Технический/паразитный хвост: домен, Telegram, промокод или внешняя сущность."
список микрозаймов онлайн на карту без отказа choosingbestloan,список микрозаймов онлайн на карту без отказа choosingbestloan,список микрозаймов онлайн на карту без отказа choosingbestloan,199,221,LOW,LOW,microzaim,microzaim:Queries,noise,,,,exclude,"online;onCard;noRefusal;rating;microloan;loan","Технический/паразитный хвост: домен, Telegram, промокод или внешняя сущность."
кредиты на карту онлайн микрозайм choosingbestloan,кредиты на карту онлайн микрозайм choosingbestloan,кредиты на карту онлайн микрозайм choosingbestloan,194,213,LOW,LOW,microzaim,microzaim:Queries,noise,,,,exclude,"online;onCard;microloan;loan","Технический/паразитный хвост: домен, Telegram, промокод или внешняя сущность."
микрозайм без процентов первый раз на карту t_me_top_zaim24,микрозайм без процентов первый раз на карту t_me_top_zaim24,микрозайм без процентов первый раз на карту t_me_top_zaim24,193,113,LOW,LOW,microzaim,microzaim:Queries,noise,,,,exclude,"onCard;noInterest;microloan;loan","Технический/паразитный хвост: домен, Telegram, промокод или внешняя сущность."
подбор микрозайма creditulka,подбор микрозайма creditulka,подбор микрозайма creditulka,191,101,AVERAGE,AVERAGE,microzaim,microzaim:Queries,noise,,,,exclude,"rating;microloan;loan","Технический/паразитный хвост: домен, Telegram, промокод или внешняя сущность."
топ микрозаймов онлайн на карту без отказа choosingbestloan,топ микрозаймов онлайн на карту без отказа choosingbestloan,топ микрозаймов онлайн на карту без отказа choosingbestloan,190,214,LOW,LOW,microzaim,microzaim:Queries,noise,,,,exclude,"online;onCard;noRefusal;rating;microloan;loan","Технический/паразитный хвост: домен, Telegram, промокод или внешняя сущность."
банки микрозаймов на карту онлайн choosingbestloan,банки микрозаймов на карту онлайн choosingbestloan,банки микрозаймов на карту онлайн choosingbestloan,189,208,LOW,LOW,microzaim,microzaim:Queries,noise,,,,exclude,"online;onCard;microloan;loan","Технический/паразитный хвост: домен, Telegram, промокод или внешняя сущность."
микрозайм bankiros,микрозайм bankiros,микрозайм bankiros,188,309,AVERAGE,AVERAGE,microzaim,microzaim:Queries,noise,,,,exclude,"microloan;loan","Технический/паразитный хвост: домен, Telegram, промокод или внешняя сущность."
рейтинг микрозаймов choosingbestloan,рейтинг микрозаймов choosingbestloan,рейтинг микрозаймов choosingbestloan,188,195,LOW,LOW,microzaim,microzaim:Queries,noise,,,,exclude,"rating;microloan;loan","Технический/паразитный хвост: домен, Telegram, промокод или внешняя сущность."
взять микрозайм через госуслуги t_me_top_zaim24,взять микрозайм через госуслуги t_me_top_zaim24,взять микрозайм через госуслуги t_me_top_zaim24,188,96,LOW,LOW,microzaim,microzaim:Queries,noise,,,,exclude,"gosuslugi;microloan;loan","Технический/паразитный хвост: домен, Telegram, промокод или внешняя сущность."
микрозайм на год онлайн на карту choosingbestloan,микрозайм на год онлайн на карту choosingbestloan,микрозайм на год онлайн на карту choosingbestloan,187,205,LOW,LOW,microzaim,microzaim:Queries,noise,,,,exclude,"online;onCard;longTerm;microloan;loan;term:1-year","Технический/паразитный хвост: домен, Telegram, промокод или внешняя сущность."
оформить микрозайм t_me_top_zaim24,оформить микрозайм t_me_top_zaim24,оформить микрозайм t_me_top_zaim24,184,90,LOW,LOW,microzaim,microzaim:Queries,noise,,,,exclude,"microloan;loan","Технический/паразитный хвост: домен, Telegram, промокод или внешняя сущность."
взять микрозайм онлайн на банковскую карту choosingbestloan,взять микрозайм онлайн на банковскую карту choosingbestloan,взять микрозайм онлайн на банковскую карту choosingbestloan,181,201,LOW,LOW,microzaim,microzaim:Queries,noise,,,,exclude,"online;onCard;microloan;loan","Технический/паразитный хвост: домен, Telegram, промокод или внешняя сущность."
микрозайм на карту онлайн ru.choosingbestloan.com,микрозайм на карту онлайн ru.choosingbestloan.com,микрозайм на карту онлайн ru.choosingbestloan.com,180,221,LOW,LOW,microzaim,microzaim:Queries,noise,,,,exclude,"online;onCard;microloan;loan","Технический/паразитный хвост: домен, Telegram, промокод или внешняя сущность."
микрозайм онлайн на карту без паспорта choosingbestloan,микрозайм онлайн на карту без паспорта choosingbestloan,микрозайм онлайн на карту без паспорта choosingbestloan,180,199,LOW,LOW,microzaim,microzaim:Queries,noise,,,,exclude,"online;onCard;noDocs;passport;noPassport;microloan;loan","Технический/паразитный хвост: домен, Telegram, промокод или внешняя сущность."
займы на карту онлайн микрозайм choosingbestloan,займы на карту онлайн микрозайм choosingbestloan,займы на карту онлайн микрозайм choosingbestloan,175,203,LOW,LOW,microzaim,microzaim:Queries,noise,,,,exclude,"online;onCard;microloan;loan","Технический/паразитный хвост: домен, Telegram, промокод или внешняя сущность."
лучший микрозайм на карту онлайн отзывы choosingbestloan,лучший микрозайм на карту онлайн отзывы choosingbestloan,лучший микрозайм на карту онлайн отзывы choosingbestloan,175,196,LOW,LOW,microzaim,microzaim:Queries,noise,,,,exclude,"online;onCard;rating;reviews;microloan;loan","Технический/паразитный хвост: домен, Telegram, промокод или внешняя сущность."
микрозайм онлайн на банковскую карту t_me_top_zaim24,микрозайм онлайн на банковскую карту t_me_top_zaim24,микрозайм онлайн на банковскую карту t_me_top_zaim24,175,83,LOW,LOW,microzaim,microzaim:Queries,noise,,,,exclude,"online;onCard;microloan;loan","Технический/паразитный хвост: домен, Telegram, промокод или внешняя сущность."
взять микрозайм онлайн без карты choosingbestloan,взять микрозайм онлайн без карты choosingbestloan,взять микрозайм онлайн без карты choosingbestloan,169,175,LOW,LOW,microzaim,microzaim:Queries,noise,,,,exclude,"online;onCard;noCard;microloan;loan","Технический/паразитный хвост: домен, Telegram, промокод или внешняя сущность."
быстроденьги микрозайм play.google.com,быстроденьги микрозайм play.google.com,быстроденьги микрозайм play.google.com,169,171,HIGH,HIGH,microzaim,microzaim:Queries,noise,,,,exclude,"instant;microloan;loan","Технический/паразитный хвост: домен, Telegram, промокод или внешняя сущность."
список микрозаймов онлайн на карту t_me_top_zaim24,список микрозаймов онлайн на карту t_me_top_zaim24,список микрозаймов онлайн на карту t_me_top_zaim24,169,79,LOW,LOW,microzaim,microzaim:Queries,noise,,,,exclude,"online;onCard;rating;microloan;loan","Технический/паразитный хвост: домен, Telegram, промокод или внешняя сущность."
микрозайм на карту по телефону creditulka,микрозайм на карту по телефону creditulka,микрозайм на карту по телефону creditulka,167,89,AVERAGE,AVERAGE,microzaim,microzaim:Queries,noise,,,,exclude,"onCard;microloan;loan","Технический/паразитный хвост: домен, Telegram, промокод или внешняя сущность."
микрозайм онлайн без карты ru.choosingbestloan.com,микрозайм онлайн без карты ru.choosingbestloan.com,микрозайм онлайн без карты ru.choosingbestloan.com,166,203,LOW,LOW,microzaim,microzaim:Queries,noise,,,,exclude,"online;onCard;noCard;microloan;loan","Технический/паразитный хвост: домен, Telegram, промокод или внешняя сущность."
взять микрозайм bistrodengi.ru,взять микрозайм bistrodengi.ru,взять микрозайм bistrodengi.ru,166,169,AVERAGE,AVERAGE,microzaim,microzaim:Queries,noise,,,,exclude,"microloan;loan","Технический/паразитный хвост: домен, Telegram, промокод или внешняя сущность."
микрозайм без процентов на карту онлайн первый choosingbestloan,микрозайм без процентов на карту онлайн первый choosingbestloan,микрозайм без процентов на карту онлайн первый choosingbestloan,160,187,LOW,LOW,microzaim,microzaim:Queries,noise,,,,exclude,"online;onCard;noInterest;microloan;loan","Технический/паразитный хвост: домен, Telegram, промокод или внешняя сущность."
микрозайм взять онлайн на карту без отказа choosingbestloan,микрозайм взять онлайн на карту без отказа choosingbestloan,микрозайм взять онлайн на карту без отказа choosingbestloan,159,186,LOW,LOW,microzaim,microzaim:Queries,noise,,,,exclude,"online;onCard;noRefusal;microloan;loan","Технический/паразитный хвост: домен, Telegram, промокод или внешняя сущность."
микрозайм онлайн карта альфа choosingbestloan,микрозайм онлайн карта альфа choosingbestloan,микрозайм онлайн карта альфа choosingbestloan,156,174,AVERAGE,AVERAGE,microzaim,microzaim:Queries,noise,,,,exclude,"online;microloan;loan","Технический/паразитный хвост: домен, Telegram, промокод или внешняя сущность."
микрозайм на карту онлайн срочно без choosingbestloan,микрозайм на карту онлайн срочно без choosingbestloan,микрозайм на карту онлайн срочно без choosingbestloan,153,203,LOW,LOW,microzaim,microzaim:Queries,noise,,,,exclude,"online;onCard;instant;microloan;loan","Технический/паразитный хвост: домен, Telegram, промокод или внешняя сущность."
микрозайм топ choosingbestloan,микрозайм топ choosingbestloan,микрозайм топ choosingbestloan,152,156,LOW,LOW,microzaim,microzaim:Queries,noise,,,,exclude,"rating;microloan;loan","Технический/паразитный хвост: домен, Telegram, промокод или внешняя сущность."
банк микрозайм онлайн на карту choosingbestloan,банк микрозайм онлайн на карту choosingbestloan,банк микрозайм онлайн на карту choosingbestloan,148,166,AVERAGE,AVERAGE,microzaim,microzaim:Queries,noise,,,,exclude,"online;onCard;microloan;loan","Технический/паразитный хвост: домен, Telegram, промокод или внешняя сущность."
микрозайм без процентов на карту bistrodengi.ru,микрозайм без процентов на карту bistrodengi.ru,микрозайм без процентов на карту bistrodengi.ru,148,154,AVERAGE,AVERAGE,microzaim,microzaim:Queries,noise,,,,exclude,"onCard;noInterest;microloan;loan","Технический/паразитный хвост: домен, Telegram, промокод или внешняя сущность."
как оформить микрозайм выберу ру,как оформить микрозайм выберу ру,как оформить микрозайм выберу ру,146,137,LOW,LOW,microzaim,microzaim:Queries,noise,,,,exclude,"microloan;loan","Технический/паразитный хвост: домен, Telegram, промокод или внешняя сущность."
альфа банк микрозайм на карту онлайн choosingbestloan,альфа банк микрозайм на карту онлайн choosingbestloan,альфа банк микрозайм на карту онлайн choosingbestloan,143,162,LOW,LOW,microzaim,microzaim:Queries,noise,,,,exclude,"online;onCard;microloan;loan","Технический/паразитный хвост: домен, Telegram, промокод или внешняя сущность."
взять микрозайм на карту онлайн быстро choosingbestloan,взять микрозайм на карту онлайн быстро choosingbestloan,взять микрозайм на карту онлайн быстро choosingbestloan,142,162,LOW,LOW,microzaim,microzaim:Queries,noise,,,,exclude,"online;onCard;instant;microloan;loan","Технический/паразитный хвост: домен, Telegram, промокод или внешняя сущность."
рейтинг онлайн микрозаймов choosingbestloan,рейтинг онлайн микрозаймов choosingbestloan,рейтинг онлайн микрозаймов choosingbestloan,142,146,LOW,LOW,microzaim,microzaim:Queries,noise,,,,exclude,"online;rating;microloan;loan","Технический/паразитный хвост: домен, Telegram, промокод или внешняя сущность."
взять микрозайм без проверок t_me_top_zaim24,взять микрозайм без проверок t_me_top_zaim24,взять микрозайм без проверок t_me_top_zaim24,142,70,LOW,LOW,microzaim,microzaim:Queries,noise,,,,exclude,"noChecks;microloan;loan","Технический/паразитный хвост: домен, Telegram, промокод или внешняя сущность."
микрозайм онлайн your-loans,микрозайм онлайн your-loans,микрозайм онлайн your-loans,142,66,LOW,LOW,microzaim,microzaim:Queries,noise,,,,exclude,"online;microloan;loan","Технический/паразитный хвост: домен, Telegram, промокод или внешняя сущность."
микрозайм в сбербанке онлайн на карту choosingbestloan,микрозайм в сбербанке онлайн на карту choosingbestloan,микрозайм в сбербанке онлайн на карту choosingbestloan,141,157,LOW,LOW,microzaim,microzaim:Queries,noise,,,,exclude,"online;onCard;microloan;loan","Технический/паразитный хвост: домен, Telegram, промокод или внешняя сущность."
telegram казахстан микрозайм на карту,telegram казахстан микрозайм на карту,telegram казахстан микрозайм на карту,139,148,LOW,LOW,microzaim,microzaim:Queries,noise,,,,exclude,"onCard;microloan;loan","Технический/паразитный хвост: домен, Telegram, промокод или внешняя сущность."
как оформить микрозайм выберу,как оформить микрозайм выберу,как оформить микрозайм выберу,139,135,AVERAGE,AVERAGE,microzaim,microzaim:Queries,noise,,,,exclude,"microloan;loan","Технический/паразитный хвост: домен, Telegram, промокод или внешняя сущность."
микрозайм be$t~cho!s,микрозайм be$t~cho!s,микрозайм be$t~cho!s,138,140,LOW,LOW,microzaim,microzaim:Queries,noise,,,,exclude,"microloan;loan","Технический/паразитный хвост: домен, Telegram, промокод или внешняя сущность."
взять микрозайм онлайн на карту t_me_top_zaim24,взять микрозайм онлайн на карту t_me_top_zaim24,взять микрозайм онлайн на карту t_me_top_zaim24,138,68,LOW,LOW,microzaim,microzaim:Queries,noise,,,,exclude,"online;onCard;microloan;loan","Технический/паразитный хвост: домен, Telegram, промокод или внешняя сущность."
микрозайм онлайн your loans,микрозайм онлайн your loans,микрозайм онлайн your loans,137,63,LOW,LOW,microzaim,microzaim:Queries,noise,,,,exclude,"online;microloan;loan","Технический/паразитный хвост: домен, Telegram, промокод или внешняя сущность."
микрозайм без процентов на карту онлайн ru.choosingbestloan.com,микрозайм без процентов на карту онлайн ru.choosingbestloan.com,микрозайм без процентов на карту онлайн ru.choosingbestloan.com,136,166,LOW,LOW,microzaim,microzaim:Queries,noise,,,,exclude,"online;onCard;noInterest;microloan;loan","Технический/паразитный хвост: домен, Telegram, промокод или внешняя сущность."
микрозайм без процентов на карту 24рсб,микрозайм без процентов на карту 24рсб,микрозайм без процентов на карту 24рсб,136,127,AVERAGE,AVERAGE,microzaim,microzaim:Queries,noise,,,,exclude,"onCard;noInterest;microloan;loan","Технический/паразитный хвост: домен, Telegram, промокод или внешняя сущность."
микрозайм eqzaim.ru,микрозайм eqzaim.ru,микрозайм eqzaim.ru,135,210,LOW,LOW,microzaim,microzaim:Queries,noise,,,,exclude,"microloan;loan","Технический/паразитный хвост: домен, Telegram, промокод или внешняя сущность."
микрозайм через госуслуги bistrodengi.ru,микрозайм через госуслуги bistrodengi.ru,микрозайм через госуслуги bistrodengi.ru,135,139,LOW,LOW,microzaim,microzaim:Queries,noise,,,,exclude,"gosuslugi;microloan;loan","Технический/паразитный хвост: домен, Telegram, промокод или внешняя сущность."
микрозайм без процентов на карту rsb24,микрозайм без процентов на карту rsb24,микрозайм без процентов на карту rsb24,135,126,LOW,LOW,microzaim,microzaim:Queries,noise,,,,exclude,"onCard;noInterest;microloan;loan","Технический/паразитный хвост: домен, Telegram, промокод или внешняя сущность."
микрокредит промокод,микрокредит промокод,микрокредит промокод,92,58,LOW,LOW,microcredit,microcredit:Queries,noise,,,,exclude,microcredit,"Технический/паразитный хвост: домен, Telegram, промокод или внешняя сущность."
как быстро взять микрокредит microcreditor,как быстро взять микрокредит microcreditor,как быстро взять микрокредит microcreditor,73,73,LOW,LOW,microcredit,microcredit:Queries,noise,,,,exclude,"instant;microcredit","Технический/паразитный хвост: домен, Telegram, промокод или внешняя сущность."
взять микрокредит на карту microcreditor,взять микрокредит на карту microcreditor,взять микрокредит на карту microcreditor,68,68,LOW,LOW,microcredit,microcredit:Queries,noise,,,,exclude,"onCard;microcredit","Технический/паразитный хвост: домен, Telegram, промокод или внешняя сущность."
микрокредит definance.kz,микрокредит definance.kz,микрокредит definance.kz,61,199,LOW,LOW,microcredit,microcredit:Queries,noise,,,,exclude,microcredit,"Технический/паразитный хвост: домен, Telegram, промокод или внешняя сущность."
микрокредит на карту без отказа без проверки bistrodengi.ru,микрокредит на карту без отказа без проверки bistrodengi.ru,микрокредит на карту без отказа без проверки bistrodengi.ru,58,62,HIGH,HIGH,microcredit,microcredit:Queries,noise,,,,exclude,"onCard;noRefusal;noChecks;microcredit","Технический/паразитный хвост: домен, Telegram, промокод или внешняя сущность."
получить микрокредит на карту microcreditor,получить микрокредит на карту microcreditor,получить микрокредит на карту microcreditor,57,59,LOW,LOW,microcredit,microcredit:Queries,noise,,,,exclude,"onCard;microcredit","Технический/паразитный хвост: домен, Telegram, промокод или внешняя сущность."
взять микрокредит онлайн на карту срочно microcreditor,взять микрокредит онлайн на карту срочно microcreditor,взять микрокредит онлайн на карту срочно microcreditor,54,56,LOW,LOW,microcredit,microcredit:Queries,noise,,,,exclude,"online;onCard;instant;microcredit","Технический/паразитный хвост: домен, Telegram, промокод или внешняя сущность."
получить микрокредит онлайн microcreditor,получить микрокредит онлайн microcreditor,получить микрокредит онлайн microcreditor,54,55,LOW,LOW,microcredit,microcredit:Queries,noise,,,,exclude,"online;microcredit","Технический/паразитный хвост: домен, Telegram, промокод или внешняя сущность."
взять микрокредит онлайн microcreditor,взять микрокредит онлайн microcreditor,взять микрокредит онлайн microcreditor,54,54,LOW,LOW,microcredit,microcredit:Queries,noise,,,,exclude,"online;microcredit","Технический/паразитный хвост: домен, Telegram, промокод или внешняя сущность."
лучшие микрокредиты на карту bistrodengi.ru,лучшие микрокредиты на карту bistrodengi.ru,лучшие микрокредиты на карту bistrodengi.ru,53,55,LOW,LOW,microcredit,microcredit:Queries,noise,,,,exclude,"onCard;rating;microcredit","Технический/паразитный хвост: домен, Telegram, промокод или внешняя сущность."
взять микрокредит microcreditor,взять микрокредит microcreditor,взять микрокредит microcreditor,53,54,LOW,LOW,microcredit,microcredit:Queries,noise,,,,exclude,microcredit,"Технический/паразитный хвост: домен, Telegram, промокод или внешняя сущность."
срочно взять микрокредит на карту microcreditor,срочно взять микрокредит на карту microcreditor,срочно взять микрокредит на карту microcreditor,53,54,LOW,LOW,microcredit,microcredit:Queries,noise,,,,exclude,"onCard;instant;microcredit","Технический/паразитный хвост: домен, Telegram, промокод или внешняя сущность."
взять микрокредит онлайн на карту microcreditor,взять микрокредит онлайн на карту microcreditor,взять микрокредит онлайн на карту microcreditor,52,53,LOW,LOW,microcredit,microcredit:Queries,noise,,,,exclude,"online;onCard;microcredit","Технический/паразитный хвост: домен, Telegram, промокод или внешняя сущность."
взять микрокредит на карту без отказа срочно microcreditor,взять микрокредит на карту без отказа срочно microcreditor,взять микрокредит на карту без отказа срочно microcreditor,52,52,LOW,LOW,microcredit,microcredit:Queries,noise,,,,exclude,"onCard;noRefusal;instant;microcredit","Технический/паразитный хвост: домен, Telegram, промокод или внешняя сущность."
получить микрокредит онлайн на карту microcreditor,получить микрокредит онлайн на карту microcreditor,получить микрокредит онлайн на карту microcreditor,51,52,LOW,LOW,microcredit,microcredit:Queries,noise,,,,exclude,"online;onCard;microcredit","Технический/паразитный хвост: домен, Telegram, промокод или внешняя сущность."
взять микрокредит онлайн в москве choosingbestloan,взять микрокредит онлайн в москве choosingbestloan,взять микрокредит онлайн в москве choosingbestloan,47,49,LOW,LOW,microcredit,microcredit:Queries,noise,,,,exclude,"online;microcredit;city:moskva","Технический/паразитный хвост: домен, Telegram, промокод или внешняя сущность."
оформить микрокредит microcreditor,оформить микрокредит microcreditor,оформить микрокредит microcreditor,43,43,LOW,LOW,microcredit,microcredit:Queries,noise,,,,exclude,microcredit,"Технический/паразитный хвост: домен, Telegram, промокод или внешняя сущность."
получить микрокредит microcreditor,получить микрокредит microcreditor,получить микрокредит microcreditor,43,43,LOW,LOW,microcredit,microcredit:Queries,noise,,,,exclude,microcredit,"Технический/паразитный хвост: домен, Telegram, промокод или внешняя сущность."
микрокредиты онлайн mickrozaim.ru,микрокредиты онлайн mickrozaim.ru,микрокредиты онлайн mickrozaim.ru,42,48,AVERAGE,AVERAGE,microcredit,microcredit:Queries,noise,,,,exclude,"online;microcredit","Технический/паразитный хвост: домен, Telegram, промокод или внешняя сущность."
взять микрокредит на карту онлайн microcreditor,взять микрокредит на карту онлайн microcreditor,взять микрокредит на карту онлайн microcreditor,42,44,LOW,LOW,microcredit,microcredit:Queries,noise,,,,exclude,"online;onCard;microcredit","Технический/паразитный хвост: домен, Telegram, промокод или внешняя сущность."
взять микрокредит на карту через интернет microcreditor,взять микрокредит на карту через интернет microcreditor,взять микрокредит на карту через интернет microcreditor,41,42,LOW,LOW,microcredit,microcredit:Queries,noise,,,,exclude,"onCard;microcredit","Технический/паразитный хвост: домен, Telegram, промокод или внешняя сущность."
микрокредиты онлайн на карту choosingbestloan,микрокредиты онлайн на карту choosingbestloan,микрокредиты онлайн на карту choosingbestloan,40,41,LOW,LOW,microcredit,microcredit:Queries,noise,,,,exclude,"online;onCard;microcredit","Технический/паразитный хвост: домен, Telegram, промокод или внешняя сущность."
tengo.kz микрокредит,tengo.kz микрокредит,tengo.kz микрокредит,39,59,LOW,LOW,microcredit,microcredit:Queries,noise,,,,exclude,microcredit,"Технический/паразитный хвост: домен, Telegram, промокод или внешняя сущность."
взять микрокредит на карту через интернет не выходя из дома microcreditor,взять микрокредит на карту через интернет не выходя из дома microcreditor,взять микрокредит на карту через интернет не выходя из дома microcreditor,38,39,LOW,LOW,microcredit,microcredit:Queries,noise,,,,exclude,"onCard;microcredit","Технический/паразитный хвост: домен, Telegram, промокод или внешняя сущность."
лучший микрокредит онлайн bistrodengi.ru,лучший микрокредит онлайн bistrodengi.ru,лучший микрокредит онлайн bistrodengi.ru,37,39,LOW,LOW,microcredit,microcredit:Queries,noise,,,,exclude,"online;rating;microcredit","Технический/паразитный хвост: домен, Telegram, промокод или внешняя сущность."
микрокредит без отказа с плохой кредитной историей bistrodengi.ru,микрокредит без отказа с плохой кредитной историей bistrodengi.ru,микрокредит без отказа с плохой кредитной историей bistrodengi.ru,35,35,LOW,LOW,microcredit,microcredit:Queries,noise,,,,exclude,"noRefusal;badCredit;microcredit","Технический/паразитный хвост: домен, Telegram, промокод или внешняя сущность."
микрокредит взять microcreditor,микрокредит взять microcreditor,микрокредит взять microcreditor,35,35,LOW,LOW,microcredit,microcredit:Queries,noise,,,,exclude,microcredit,"Технический/паразитный хвост: домен, Telegram, промокод или внешняя сущность."
взять микрокредит без отказа microcreditor,взять микрокредит без отказа microcreditor,взять микрокредит без отказа microcreditor,34,34,LOW,LOW,microcredit,microcredit:Queries,noise,,,,exclude,"noRefusal;microcredit","Технический/паразитный хвост: домен, Telegram, промокод или внешняя сущность."
микрокредит на карту microcreditor,микрокредит на карту microcreditor,микрокредит на карту microcreditor,34,34,LOW,LOW,microcredit,microcredit:Queries,noise,,,,exclude,"onCard;microcredit","Технический/паразитный хвост: домен, Telegram, промокод или внешняя сущность."
микрокредит онлайн definance.kz,микрокредит онлайн definance.kz,микрокредит онлайн definance.kz,32,64,LOW,LOW,microcredit,microcredit:Queries,noise,,,,exclude,"online;microcredit","Технический/паразитный хвост: домен, Telegram, промокод или внешняя сущность."
где можно взять срочно безотказный онлайн микрокредит когда есть микрозайм microcreditor,где можно взять срочно безотказный онлайн микрокредит когда есть микрозайм microcreditor,где можно взять срочно безотказный онлайн микрокредит когда есть микрозайм microcreditor,32,33,LOW,LOW,microcredit,microcredit:Queries,noise,,,,exclude,"online;noRefusal;instant;microcredit;microloan;loan","Технический/паразитный хвост: домен, Telegram, промокод или внешняя сущность."
микрокредит онлайн на карту без отказа t_me_top_zaim24 t_me_top_zaim24,микрокредит онлайн на карту без отказа t_me_top_zaim24 t_me_top_zaim24,микрокредит онлайн на карту без отказа t_me_top_zaim24 t_me_top_zaim24,32,15,LOW,LOW,microcredit,microcredit:Queries,noise,,,,exclude,"online;onCard;noRefusal;microcredit","Технический/паразитный хвост: домен, Telegram, промокод или внешняя сущность."
взять микрокредит без отказов microcreditor,взять микрокредит без отказов microcreditor,взять микрокредит без отказов microcreditor,31,32,LOW,LOW,microcredit,microcredit:Queries,noise,,,,exclude,"noRefusal;microcredit","Технический/паразитный хвост: домен, Telegram, промокод или внешняя сущность."
как взять микрокредит онлайн microcreditor,как взять микрокредит онлайн microcreditor,как взять микрокредит онлайн microcreditor,30,30,LOW,LOW,microcredit,microcredit:Queries,noise,,,,exclude,"online;microcredit","Технический/паразитный хвост: домен, Telegram, промокод или внешняя сущность."
микрокредит быстро rbzaym.ru,микрокредит быстро rbzaym.ru,микрокредит быстро rbzaym.ru,29,37,LOW,LOW,microcredit,microcredit:Queries,noise,,,,exclude,"instant;microcredit","Технический/паразитный хвост: домен, Telegram, промокод или внешняя сущность."
tomi.kz микрокредит,tomi.kz микрокредит,tomi.kz микрокредит,29,35,LOW,LOW,microcredit,microcredit:Queries,noise,,,,exclude,microcredit,"Технический/паразитный хвост: домен, Telegram, промокод или внешняя сущность."
микрокредит онлайн на карту mickrozaim.ru,микрокредит онлайн на карту mickrozaim.ru,микрокредит онлайн на карту mickrozaim.ru,28,28,AVERAGE,AVERAGE,microcredit,microcredit:Queries,noise,,,,exclude,"online;onCard;microcredit","Технический/паразитный хвост: домен, Telegram, промокод или внешняя сущность."
микрокредит оформить microcreditor,микрокредит оформить microcreditor,микрокредит оформить microcreditor,28,28,LOW,LOW,microcredit,microcredit:Queries,noise,,,,exclude,microcredit,"Технический/паразитный хвост: домен, Telegram, промокод или внешняя сущность."
микрокредит на карту definance.kz,микрокредит на карту definance.kz,микрокредит на карту definance.kz,27,29,LOW,LOW,microcredit,microcredit:Queries,noise,,,,exclude,"onCard;microcredit","Технический/паразитный хвост: домен, Telegram, промокод или внешняя сущность."
взять микрокредит без отказов без отказа microcreditor,взять микрокредит без отказов без отказа microcreditor,взять микрокредит без отказов без отказа microcreditor,27,28,LOW,LOW,microcredit,microcredit:Queries,noise,,,,exclude,"noRefusal;microcredit","Технический/паразитный хвост: домен, Telegram, промокод или внешняя сущность."
микрокредит взять кредит microcreditor,микрокредит взять кредит microcreditor,микрокредит взять кредит microcreditor,27,27,LOW,LOW,microcredit,microcredit:Queries,noise,,,,exclude,microcredit,"Технический/паразитный хвост: домен, Telegram, промокод или внешняя сущность."
микрокредит онлайн rbzaym.ru,микрокредит онлайн rbzaym.ru,микрокредит онлайн rbzaym.ru,26,33,LOW,LOW,microcredit,microcredit:Queries,noise,,,,exclude,"online;microcredit","Технический/паразитный хвост: домен, Telegram, промокод или внешняя сущность."
микрокредит без отказа definance.kz,микрокредит без отказа definance.kz,микрокредит без отказа definance.kz,26,29,LOW,LOW,microcredit,microcredit:Queries,noise,,,,exclude,"noRefusal;microcredit","Технический/паразитный хвост: домен, Telegram, промокод или внешняя сущность."
микрокредит алматы онлайн definance.kz,микрокредит алматы онлайн definance.kz,микрокредит алматы онлайн definance.kz,26,28,LOW,LOW,microcredit,microcredit:Queries,noise,,,,exclude,"online;microcredit;city:almaty","Технический/паразитный хвост: домен, Telegram, промокод или внешняя сущность."
получить микрокредит definance.kz,получить микрокредит definance.kz,получить микрокредит definance.kz,26,27,LOW,LOW,microcredit,microcredit:Queries,noise,,,,exclude,microcredit,"Технический/паразитный хвост: домен, Telegram, промокод или внешняя сущность."
микрокредит быстро definance.kz,микрокредит быстро definance.kz,микрокредит быстро definance.kz,26,26,LOW,LOW,microcredit,microcredit:Queries,noise,,,,exclude,"instant;microcredit","Технический/паразитный хвост: домен, Telegram, промокод или внешняя сущность."
микрокредит онлайн без отказа definance.kz,микрокредит онлайн без отказа definance.kz,микрокредит онлайн без отказа definance.kz,26,26,LOW,LOW,microcredit,microcredit:Queries,noise,,,,exclude,"online;noRefusal;microcredit","Технический/паразитный хвост: домен, Telegram, промокод или внешняя сущность."
микрокредит срочно definance.kz,микрокредит срочно definance.kz,микрокредит срочно definance.kz,26,26,LOW,LOW,microcredit,microcredit:Queries,noise,,,,exclude,"instant;microcredit","Технический/паразитный хвост: домен, Telegram, промокод или внешняя сущность."
микрокредит на карту срочно definance.kz,микрокредит на карту срочно definance.kz,микрокредит на карту срочно definance.kz,25,29,LOW,LOW,microcredit,microcredit:Queries,noise,,,,exclude,"onCard;instant;microcredit","Технический/паразитный хвост: домен, Telegram, промокод или внешняя сущность."
микрокредит онлайн на карту definance.kz,микрокредит онлайн на карту definance.kz,микрокредит онлайн на карту definance.kz,25,27,LOW,LOW,microcredit,microcredit:Queries,noise,,,,exclude,"online;onCard;microcredit","Технический/паразитный хвост: домен, Telegram, промокод или внешняя сущность."
взять микрокредит онлайн на карту definance.kz,взять микрокредит онлайн на карту definance.kz,взять микрокредит онлайн на карту definance.kz,25,26,LOW,LOW,microcredit,microcredit:Queries,noise,,,,exclude,"online;onCard;microcredit","Технический/паразитный хвост: домен, Telegram, промокод или внешняя сущность."
микрокредит онлайн на карту без отказа definance.kz,микрокредит онлайн на карту без отказа definance.kz,микрокредит онлайн на карту без отказа definance.kz,25,26,LOW,LOW,microcredit,microcredit:Queries,noise,,,,exclude,"online;onCard;noRefusal;microcredit","Технический/паразитный хвост: домен, Telegram, промокод или внешняя сущность."
микрокредит онлайн срочно definance.kz,микрокредит онлайн срочно definance.kz,микрокредит онлайн срочно definance.kz,25,26,LOW,LOW,microcredit,microcredit:Queries,noise,,,,exclude,"online;instant;microcredit","Технический/паразитный хвост: домен, Telegram, промокод или внешняя сущность."
микрокредит сразу definance.kz,микрокредит сразу definance.kz,микрокредит сразу definance.kz,25,26,LOW,LOW,microcredit,microcredit:Queries,noise,,,,exclude,microcredit,"Технический/паразитный хвост: домен, Telegram, промокод или внешняя сущность."
микрокредит срочно без отказа definance.kz,микрокредит срочно без отказа definance.kz,микрокредит срочно без отказа definance.kz,25,26,LOW,LOW,microcredit,microcredit:Queries,noise,,,,exclude,"noRefusal;instant;microcredit","Технический/паразитный хвост: домен, Telegram, промокод или внешняя сущность."
оформить микрокредит онлайн на карту microcreditor,оформить микрокредит онлайн на карту microcreditor,оформить микрокредит онлайн на карту microcreditor,25,26,AVERAGE,AVERAGE,microcredit,microcredit:Queries,noise,,,,exclude,"online;onCard;microcredit","Технический/паразитный хвост: домен, Telegram, промокод или внешняя сущность."
оформить микрокредит онлайн definance.kz,оформить микрокредит онлайн definance.kz,оформить микрокредит онлайн definance.kz,25,26,LOW,LOW,microcredit,microcredit:Queries,noise,,,,exclude,"online;microcredit","Технический/паразитный хвост: домен, Telegram, промокод или внешняя сущность."
оформить микрокредит definance.kz,оформить микрокредит definance.kz,оформить микрокредит definance.kz,25,26,LOW,LOW,microcredit,microcredit:Queries,noise,,,,exclude,microcredit,"Технический/паразитный хвост: домен, Telegram, промокод или внешняя сущность."
микрокредит онлайн быстро rbzaym.ru,микрокредит онлайн быстро rbzaym.ru,микрокредит онлайн быстро rbzaym.ru,24,31,LOW,LOW,microcredit,microcredit:Queries,noise,,,,exclude,"online;instant;microcredit","Технический/паразитный хвост: домен, Telegram, промокод или внешняя сущность."
взять микрокредит онлайн definance.kz,взять микрокредит онлайн definance.kz,взять микрокредит онлайн definance.kz,24,26,LOW,LOW,microcredit,microcredit:Queries,noise,,,,exclude,"online;microcredit","Технический/паразитный хвост: домен, Telegram, промокод или внешняя сущность."
взять микрокредит с плохой кредитной историей microcreditor,взять микрокредит с плохой кредитной историей microcreditor,взять микрокредит с плохой кредитной историей microcreditor,24,26,LOW,LOW,microcredit,microcredit:Queries,noise,,,,exclude,"badCredit;microcredit","Технический/паразитный хвост: домен, Telegram, промокод или внешняя сущность."
где взять денег если нигде не дают даже микрокредиты microcreditor,где взять денег если нигде не дают даже микрокредиты microcreditor,где взять денег если нигде не дают даже микрокредиты microcreditor,24,25,LOW,LOW,microcredit,microcredit:Queries,noise,,,,exclude,microcredit,"Технический/паразитный хвост: домен, Telegram, промокод или внешняя сущность."
микрокредит без отказа microcreditor,микрокредит без отказа microcreditor,микрокредит без отказа microcreditor,24,24,LOW,LOW,microcredit,microcredit:Queries,noise,,,,exclude,"noRefusal;microcredit","Технический/паразитный хвост: домен, Telegram, промокод или внешняя сущность."
микрокредит займ definance.kz,микрокредит займ definance.kz,микрокредит займ definance.kz,23,25,LOW,LOW,microcredit,microcredit:Queries,noise,,,,exclude,"microcredit;loan","Технический/паразитный хвост: домен, Telegram, промокод или внешняя сущность."
где можно взять микрокредит microcreditor,где можно взять микрокредит microcreditor,где можно взять микрокредит microcreditor,23,23,LOW,LOW,microcredit,microcredit:Queries,noise,,,,exclude,microcredit,"Технический/паразитный хвост: домен, Telegram, промокод или внешняя сущность."
микрокредит без процентов definance.kz,микрокредит без процентов definance.kz,микрокредит без процентов definance.kz,23,23,LOW,LOW,microcredit,microcredit:Queries,noise,,,,exclude,"noInterest;microcredit","Технический/паразитный хвост: домен, Telegram, промокод или внешняя сущность."
микрокредит на карту срочно microcreditor,микрокредит на карту срочно microcreditor,микрокредит на карту срочно microcreditor,23,23,LOW,LOW,microcredit,microcredit:Queries,noise,,,,exclude,"onCard;instant;microcredit","Технический/паразитный хвост: домен, Telegram, промокод или внешняя сущность."
микрокредит наличными microcreditor,микрокредит наличными microcreditor,микрокредит наличными microcreditor,23,23,LOW,LOW,microcredit,microcredit:Queries,noise,,,,exclude,"cash;microcredit","Технический/паразитный хвост: домен, Telegram, промокод или внешняя сущность."
микрокредит bistrodengi.ru,микрокредит bistrodengi.ru,микрокредит bistrodengi.ru,23,23,HIGH,HIGH,microcredit,microcredit:Queries,noise,,,,exclude,microcredit,"Технический/паразитный хвост: домен, Telegram, промокод или внешняя сущность."
лучшие микрокредиты на карту creditom ru,лучшие микрокредиты на карту creditom ru,лучшие микрокредиты на карту creditom ru,22,53,LOW,LOW,microcredit,microcredit:Queries,noise,,,,exclude,"onCard;rating;microcredit","Технический/паразитный хвост: домен, Telegram, промокод или внешняя сущность."
микрокредит казахстан definance.kz,микрокредит казахстан definance.kz,микрокредит казахстан definance.kz,22,31,LOW,LOW,microcredit,microcredit:Queries,noise,,,,exclude,microcredit,"Технический/паразитный хвост: домен, Telegram, промокод или внешняя сущность."
взять микрокредит без отказов с плохой кредитной историей microcreditor,взять микрокредит без отказов с плохой кредитной историей microcreditor,взять микрокредит без отказов с плохой кредитной историей microcreditor,22,24,LOW,LOW,microcredit,microcredit:Queries,noise,,,,exclude,"noRefusal;badCredit;microcredit","Технический/паразитный хвост: домен, Telegram, промокод или внешняя сущность."
микрокредит без переплат moneyman.ru/products/pervyj-zaym-bez-procentov/,микрокредит без переплат moneyman.ru/products/pervyj-zaym-bez-procentov/,микрокредит без переплат moneyman.ru/products/pervyj-zaym-bez-procentov/,22,22,HIGH,HIGH,microcredit,microcredit:Queries,noise,,,,exclude,microcredit,"Технический/паразитный хвост: домен, Telegram, промокод или внешняя сущность."
микрокредит взять срочно microcreditor,микрокредит взять срочно microcreditor,микрокредит взять срочно microcreditor,22,22,LOW,LOW,microcredit,microcredit:Queries,noise,,,,exclude,"instant;microcredit","Технический/паразитный хвост: домен, Telegram, промокод или внешняя сущность."
микрокредиты на карту онлайн microcreditor,микрокредиты на карту онлайн microcreditor,микрокредиты на карту онлайн microcreditor,22,22,LOW,LOW,microcredit,microcredit:Queries,noise,,,,exclude,"online;onCard;microcredit","Технический/паразитный хвост: домен, Telegram, промокод или внешняя сущность."
оформить микрокредит онлайн microcreditor,оформить микрокредит онлайн microcreditor,оформить микрокредит онлайн microcreditor,22,22,LOW,LOW,microcredit,microcredit:Queries,noise,,,,exclude,"online;microcredit","Технический/паразитный хвост: домен, Telegram, промокод или внешняя сущность."
микрокредиты 24рсб,микрокредиты 24рсб,микрокредиты 24рсб,22,18,AVERAGE,AVERAGE,microcredit,microcredit:Queries,noise,,,,exclude,microcredit,"Технический/паразитный хвост: домен, Telegram, промокод или внешняя сущность."
микрокредит алматы definance.kz,микрокредит алматы definance.kz,микрокредит алматы definance.kz,21,31,AVERAGE,AVERAGE,microcredit,microcredit:Queries,noise,,,,exclude,"microcredit;city:almaty","Технический/паразитный хвост: домен, Telegram, промокод или внешняя сущность."
взять микрокредит без отказов без отказов microcreditor,взять микрокредит без отказов без отказов microcreditor,взять микрокредит без отказов без отказов microcreditor,21,22,LOW,LOW,microcredit,microcredit:Queries,noise,,,,exclude,"noRefusal;microcredit","Технический/паразитный хвост: домен, Telegram, промокод или внешняя сущность."
микрокредит на 30 дней moneyman.ru/products/pervyj-zaym-bez-procentov/,микрокредит на 30 дней moneyman.ru/products/pervyj-zaym-bez-procentov/,микрокредит на 30 дней moneyman.ru/products/pervyj-zaym-bez-procentov/,21,22,HIGH,HIGH,microcredit,microcredit:Queries,noise,,,,exclude,"microcredit;term:30-days","Технический/паразитный хвост: домен, Telegram, промокод или внешняя сущность."
микрокредит рк definance.kz,микрокредит рк definance.kz,микрокредит рк definance.kz,21,22,LOW,LOW,microcredit,microcredit:Queries,noise,,,,exclude,microcredit,"Технический/паразитный хвост: домен, Telegram, промокод или внешняя сущность."
микрокредит быстро microcreditor,микрокредит быстро microcreditor,микрокредит быстро microcreditor,21,21,LOW,LOW,microcredit,microcredit:Queries,noise,,,,exclude,"instant;microcredit","Технический/паразитный хвост: домен, Telegram, промокод или внешняя сущность."
микрокредит на карту без отказа microcreditor,микрокредит на карту без отказа microcreditor,микрокредит на карту без отказа microcreditor,21,21,LOW,LOW,microcredit,microcredit:Queries,noise,,,,exclude,"onCard;noRefusal;microcredit","Технический/паразитный хвост: домен, Telegram, промокод или внешняя сущность."
микрокредиты онлайн на карту microcreditor,микрокредиты онлайн на карту microcreditor,микрокредиты онлайн на карту microcreditor,21,21,LOW,LOW,microcredit,microcredit:Queries,noise,,,,exclude,"online;onCard;microcredit","Технический/паразитный хвост: домен, Telegram, промокод или внешняя сущность."
микрокредиты rsb24,микрокредиты rsb24,микрокредиты rsb24,21,17,AVERAGE,AVERAGE,microcredit,microcredit:Queries,noise,,,,exclude,microcredit,"Технический/паразитный хвост: домен, Telegram, промокод или внешняя сущность."
микрокредит сразу rbzaym.ru,микрокредит сразу rbzaym.ru,микрокредит сразу rbzaym.ru,20,24,LOW,LOW,microcredit,microcredit:Queries,noise,,,,exclude,microcredit,"Технический/паразитный хвост: домен, Telegram, промокод или внешняя сущность."
взять микрокредит без процентов moneyman.ru/products/pervyj-zaym-bez-procentov/,взять микрокредит без процентов moneyman.ru/products/pervyj-zaym-bez-procentov/,взять микрокредит без процентов moneyman.ru/products/pervyj-zaym-bez-procentov/,20,21,HIGH,HIGH,microcredit,microcredit:Queries,noise,,,,exclude,"noInterest;microcredit","Технический/паразитный хвост: домен, Telegram, промокод или внешняя сущность."
микрокредит онлайн казахстан definance.kz,микрокредит онлайн казахстан definance.kz,микрокредит онлайн казахстан definance.kz,20,21,LOW,LOW,microcredit,microcredit:Queries,noise,,,,exclude,"online;microcredit","Технический/паразитный хвост: домен, Telegram, промокод или внешняя сущность."
взять займ микрокредит microcreditor,взять займ микрокредит microcreditor,взять займ микрокредит microcreditor,20,20,LOW,LOW,microcredit,microcredit:Queries,noise,,,,exclude,"microcredit;loan","Технический/паразитный хвост: домен, Telegram, промокод или внешняя сущность."
взять микрокредит в казахстане definance.kz,взять микрокредит в казахстане definance.kz,взять микрокредит в казахстане definance.kz,20,20,LOW,LOW,microcredit,microcredit:Queries,noise,,,,exclude,microcredit,"Технический/паразитный хвост: домен, Telegram, промокод или внешняя сущность."
взять микрокредит онлайн в москве microcreditor,взять микрокредит онлайн в москве microcreditor,взять микрокредит онлайн в москве microcreditor,20,20,LOW,LOW,microcredit,microcredit:Queries,noise,,,,exclude,"online;microcredit;city:moskva","Технический/паразитный хвост: домен, Telegram, промокод или внешняя сущность."
взять микрокредит рф microcreditor,взять микрокредит рф microcreditor,взять микрокредит рф microcreditor,20,20,LOW,LOW,microcredit,microcredit:Queries,noise,,,,exclude,microcredit,"Технический/паразитный хвост: домен, Telegram, промокод или внешняя сущность."
рефинансирование микрокредитов выберу,рефинансирование микрокредитов выберу,рефинансирование микрокредитов выберу,20,19,AVERAGE,AVERAGE,microcredit,microcredit:Queries,noise,,,,exclude,"refinance;microcredit","Технический/паразитный хвост: домен, Telegram, промокод или внешняя сущность."
рефинансирование микрокредитов выберу ру,рефинансирование микрокредитов выберу ру,рефинансирование микрокредитов выберу ру,20,19,AVERAGE,AVERAGE,microcredit,microcredit:Queries,noise,,,,exclude,"refinance;microcredit","Технический/паразитный хвост: домен, Telegram, промокод или внешняя сущность."
микрокредит 24рсб,микрокредит 24рсб,микрокредит 24рсб,20,17,LOW,LOW,microcredit,microcredit:Queries,noise,,,,exclude,microcredit,"Технический/паразитный хвост: домен, Telegram, промокод или внешняя сущность."
микрокредит на год без отказа definance.kz,микрокредит на год без отказа definance.kz,микрокредит на год без отказа definance.kz,19,20,LOW,LOW,microcredit,microcredit:Queries,noise,,,,exclude,"noRefusal;longTerm;microcredit;term:1-year","Технический/паразитный хвост: домен, Telegram, промокод или внешняя сущность."
взять микрокредит без отказа definance.kz,взять микрокредит без отказа definance.kz,взять микрокредит без отказа definance.kz,19,19,LOW,LOW,microcredit,microcredit:Queries,noise,,,,exclude,"noRefusal;microcredit","Технический/паразитный хвост: домен, Telegram, промокод или внешняя сущность."
взять микрокредит онлайн на карту срочно definance.kz,взять микрокредит онлайн на карту срочно definance.kz,взять микрокредит онлайн на карту срочно definance.kz,19,19,LOW,LOW,microcredit,microcredit:Queries,noise,,,,exclude,"online;onCard;instant;microcredit","Технический/паразитный хвост: домен, Telegram, промокод или внешняя сущность."
как взять микрокредит microcreditor,как взять микрокредит microcreditor,как взять микрокредит microcreditor,19,19,LOW,LOW,microcredit,microcredit:Queries,noise,,,,exclude,microcredit,"Технический/паразитный хвост: домен, Telegram, промокод или внешняя сущность."
лучшие микрокредиты definance.kz,лучшие микрокредиты definance.kz,лучшие микрокредиты definance.kz,19,19,LOW,LOW,microcredit,microcredit:Queries,noise,,,,exclude,"rating;microcredit","Технический/паразитный хвост: домен, Telegram, промокод или внешняя сущность."
микрокредит без выписки definance.kz,микрокредит без выписки definance.kz,микрокредит без выписки definance.kz,19,19,LOW,LOW,microcredit,microcredit:Queries,noise,,,,exclude,microcredit,"Технический/паразитный хвост: домен, Telegram, промокод или внешняя сущность."
микрокредит без кредитной истории definance.kz,микрокредит без кредитной истории definance.kz,микрокредит без кредитной истории definance.kz,19,19,LOW,LOW,microcredit,microcredit:Queries,noise,,,,exclude,"badCredit;microcredit","Технический/паразитный хвост: домен, Telegram, промокод или внешняя сущность."
микрокредит без отказа онлайн microcreditor,микрокредит без отказа онлайн microcreditor,микрокредит без отказа онлайн microcreditor,19,19,LOW,LOW,microcredit,microcredit:Queries,noise,,,,exclude,"online;noRefusal;microcredit","Технический/паразитный хвост: домен, Telegram, промокод или внешняя сущность."
микрокредит без проверок definance.kz,микрокредит без проверок definance.kz,микрокредит без проверок definance.kz,19,19,LOW,LOW,microcredit,microcredit:Queries,noise,,,,exclude,"noChecks;microcredit","Технический/паразитный хвост: домен, Telegram, промокод или внешняя сущность."
микрокредит караганда definance.kz,микрокредит караганда definance.kz,микрокредит караганда definance.kz,19,19,LOW,LOW,microcredit,microcredit:Queries,noise,,,,exclude,microcredit,"Технический/паразитный хвост: домен, Telegram, промокод или внешняя сущность."
микрокредит на год definance.kz,микрокредит на год definance.kz,микрокредит на год definance.kz,19,19,LOW,LOW,microcredit,microcredit:Queries,noise,,,,exclude,"longTerm;microcredit;term:1-year","Технический/паразитный хвост: домен, Telegram, промокод или внешняя сущность."
микрокредит на долгий срок definance.kz,микрокредит на долгий срок definance.kz,микрокредит на долгий срок definance.kz,19,19,LOW,LOW,microcredit,microcredit:Queries,noise,,,,exclude,microcredit,"Технический/паразитный хвост: домен, Telegram, промокод или внешняя сущность."
микрокредит официальный сайт definance.kz,микрокредит официальный сайт definance.kz,микрокредит официальный сайт definance.kz,19,19,LOW,LOW,microcredit,microcredit:Queries,noise,,,,exclude,microcredit,"Технический/паразитный хвост: домен, Telegram, промокод или внешняя сущность."
микрокредит с плохой кредитной microcreditor,микрокредит с плохой кредитной microcreditor,микрокредит с плохой кредитной microcreditor,19,19,LOW,LOW,microcredit,microcredit:Queries,noise,,,,exclude,"badCredit;microcredit","Технический/паразитный хвост: домен, Telegram, промокод или внешняя сущность."
микрокредиты онлайн на карту срочно definance.kz,микрокредиты онлайн на карту срочно definance.kz,микрокредиты онлайн на карту срочно definance.kz,19,19,LOW,LOW,microcredit,microcredit:Queries,noise,,,,exclude,"online;onCard;instant;microcredit","Технический/паразитный хвост: домен, Telegram, промокод или внешняя сущность."
срочно получить микрокредит microcreditor,срочно получить микрокредит microcreditor,срочно получить микрокредит microcreditor,19,19,LOW,LOW,microcredit,microcredit:Queries,noise,,,,exclude,"instant;microcredit","Технический/паразитный хвост: домен, Telegram, промокод или внешняя сущность."
микрокредит без отказа с плохой кредитной историей definance.kz,микрокредит без отказа с плохой кредитной историей definance.kz,микрокредит без отказа с плохой кредитной историей definance.kz,18,20,LOW,LOW,microcredit,microcredit:Queries,noise,,,,exclude,"noRefusal;badCredit;microcredit","Технический/паразитный хвост: домен, Telegram, промокод или внешняя сущность."
до зп микрокредит definance.kz,до зп микрокредит definance.kz,до зп микрокредит definance.kz,18,19,LOW,LOW,microcredit,microcredit:Queries,noise,,,,exclude,"payday;microcredit","Технический/паразитный хвост: домен, Telegram, промокод или внешняя сущность."
микрокредит без отказа казахстан definance.kz,микрокредит без отказа казахстан definance.kz,микрокредит без отказа казахстан definance.kz,18,19,LOW,LOW,microcredit,microcredit:Queries,noise,,,,exclude,"noRefusal;microcredit","Технический/паразитный хвост: домен, Telegram, промокод или внешняя сущность."
микрокредит на большую сумму definance.kz,микрокредит на большую сумму definance.kz,микрокредит на большую сумму definance.kz,18,19,LOW,LOW,microcredit,microcredit:Queries,noise,,,,exclude,microcredit,"Технический/паразитный хвост: домен, Telegram, промокод или внешняя сущность."
микрокредит на несколько месяцев definance.kz,микрокредит на несколько месяцев definance.kz,микрокредит на несколько месяцев definance.kz,18,19,LOW,LOW,microcredit,microcredit:Queries,noise,,,,exclude,microcredit,"Технический/паразитный хвост: домен, Telegram, промокод или внешняя сущность."
кредитная карта микрокредит microcreditor,кредитная карта микрокредит microcreditor,кредитная карта микрокредит microcreditor,18,18,LOW,LOW,microcredit,microcredit:Queries,noise,,,,exclude,microcredit,"Технический/паразитный хвост: домен, Telegram, промокод или внешняя сущность."
микрокредит круглосуточно definance.kz,микрокредит круглосуточно definance.kz,микрокредит круглосуточно definance.kz,18,18,LOW,LOW,microcredit,microcredit:Queries,noise,,,,exclude,"roundClock;microcredit","Технический/паразитный хвост: домен, Telegram, промокод или внешняя сущность."
микрокредит на долгий срок казахстан definance.kz,микрокредит на долгий срок казахстан definance.kz,микрокредит на долгий срок казахстан definance.kz,18,18,LOW,LOW,microcredit,microcredit:Queries,noise,,,,exclude,microcredit,"Технический/паразитный хвост: домен, Telegram, промокод или внешняя сущность."
микрокредит на полгода definance.kz,микрокредит на полгода definance.kz,микрокредит на полгода definance.kz,18,18,LOW,LOW,microcredit,microcredit:Queries,noise,,,,exclude,"longTerm;microcredit","Технический/паразитный хвост: домен, Telegram, промокод или внешняя сущность."
микрокредит под залог авто definance.kz,микрокредит под залог авто definance.kz,микрокредит под залог авто definance.kz,18,18,LOW,LOW,microcredit,microcredit:Queries,noise,,,,exclude,"collateralAuto;microcredit","Технический/паразитный хвост: домен, Telegram, промокод или внешняя сущность."
микрокредит с просрочками definance.kz,микрокредит с просрочками definance.kz,микрокредит с просрочками definance.kz,18,18,LOW,LOW,microcredit,microcredit:Queries,noise,,,,exclude,"badCredit;instant;microcredit","Технический/паразитный хвост: домен, Telegram, промокод или внешняя сущность."
новый микрокредит definance.kz,новый микрокредит definance.kz,новый микрокредит definance.kz,18,18,LOW,LOW,microcredit,microcredit:Queries,noise,,,,exclude,"newLoans;microcredit","Технический/паразитный хвост: домен, Telegram, промокод или внешняя сущность."
микрокредит на карту срочно без отказа mickrozaim.ru,микрокредит на карту срочно без отказа mickrozaim.ru,микрокредит на карту срочно без отказа mickrozaim.ru,17,23,LOW,LOW,microcredit,microcredit:Queries,noise,,,,exclude,"onCard;noRefusal;instant;microcredit","Технический/паразитный хвост: домен, Telegram, промокод или внешняя сущность."
микрокредит онлайн mickrozaim.ru,микрокредит онлайн mickrozaim.ru,микрокредит онлайн mickrozaim.ru,17,23,LOW,LOW,microcredit,microcredit:Queries,noise,,,,exclude,"online;microcredit","Технический/паразитный хвост: домен, Telegram, промокод или внешняя сущность."
как взять микрокредит спб microcreditor,как взять микрокредит спб microcreditor,как взять микрокредит спб microcreditor,17,18,LOW,LOW,microcredit,microcredit:Queries,noise,,,,exclude,"microcredit;city:sankt-peterburg","Технический/паразитный хвост: домен, Telegram, промокод или внешняя сущность."
микрокредит список definance.kz,микрокредит список definance.kz,микрокредит список definance.kz,17,18,LOW,LOW,microcredit,microcredit:Queries,noise,,,,exclude,"rating;microcredit","Технический/паразитный хвост: домен, Telegram, промокод или внешняя сущность."
взять микрокредит срочно microcreditor,взять микрокредит срочно microcreditor,взять микрокредит срочно microcreditor,17,17,LOW,LOW,microcredit,microcredit:Queries,noise,,,,exclude,"instant;microcredit","Технический/паразитный хвост: домен, Telegram, промокод или внешняя сущность."
микрокредит для ип выберу ру,микрокредит для ип выберу ру,микрокредит для ип выберу ру,17,17,LOW,LOW,microcredit,microcredit:Queries,noise,,,,exclude,microcredit,"Технический/паразитный хвост: домен, Telegram, промокод или внешняя сущность."
микрокредит онлайн на карту microcreditor,микрокредит онлайн на карту microcreditor,микрокредит онлайн на карту microcreditor,17,17,LOW,LOW,microcredit,microcredit:Queries,noise,,,,exclude,"online;onCard;microcredit","Технический/паразитный хвост: домен, Telegram, промокод или внешняя сущность."
микрокредит без процентов выберу ру,микрокредит без процентов выберу ру,микрокредит без процентов выберу ру,17,15,LOW,LOW,microcredit,microcredit:Queries,noise,,,,exclude,"noInterest;microcredit","Технический/паразитный хвост: домен, Telegram, промокод или внешняя сущность."
микрокредиты без отказа mickrozaim.ru,микрокредиты без отказа mickrozaim.ru,микрокредиты без отказа mickrozaim.ru,16,21,LOW,LOW,microcredit,microcredit:Queries,noise,,,,exclude,"noRefusal;microcredit","Технический/паразитный хвост: домен, Telegram, промокод или внешняя сущность."
микрокредиты на карту без отказа без проверки bistrodengi.ru,микрокредиты на карту без отказа без проверки bistrodengi.ru,микрокредиты на карту без отказа без проверки bistrodengi.ru,16,18,AVERAGE,AVERAGE,microcredit,microcredit:Queries,noise,,,,exclude,"onCard;noRefusal;noChecks;microcredit","Технический/паразитный хвост: домен, Telegram, промокод или внешняя сущность."
взять микрокредит turbozaim.ru/,взять микрокредит turbozaim.ru/,взять микрокредит turbozaim.ru/,16,17,HIGH,HIGH,microcredit,microcredit:Queries,noise,,,,exclude,microcredit,"Технический/паразитный хвост: домен, Telegram, промокод или внешняя сущность."
микрокредит взять turbozaim.ru/,микрокредит взять turbozaim.ru/,микрокредит взять turbozaim.ru/,16,17,HIGH,HIGH,microcredit,microcredit:Queries,noise,,,,exclude,microcredit,"Технический/паразитный хвост: домен, Telegram, промокод или внешняя сущность."
микрокредиты онлайн microcreditor,микрокредиты онлайн microcreditor,микрокредиты онлайн microcreditor,16,17,LOW,LOW,microcredit,microcredit:Queries,noise,,,,exclude,"online;microcredit","Технический/паразитный хвост: домен, Telegram, промокод или внешняя сущность."
микрокредиты рейтинг choosingbestloan,микрокредиты рейтинг choosingbestloan,микрокредиты рейтинг choosingbestloan,16,17,LOW,LOW,microcredit,microcredit:Queries,noise,,,,exclude,"rating;microcredit","Технический/паразитный хвост: домен, Telegram, промокод или внешняя сущность."
взять микрокредит без отказов на карту microcreditor,взять микрокредит без отказов на карту microcreditor,взять микрокредит без отказов на карту microcreditor,16,16,LOW,LOW,microcredit,microcredit:Queries,noise,,,,exclude,"onCard;noRefusal;microcredit","Технический/паразитный хвост: домен, Telegram, промокод или внешняя сущность."
взять микрокредит без отказов онлайн microcreditor,взять микрокредит без отказов онлайн microcreditor,взять микрокредит без отказов онлайн microcreditor,16,16,LOW,LOW,microcredit,microcredit:Queries,noise,,,,exclude,"online;noRefusal;microcredit","Технический/паразитный хвост: домен, Telegram, промокод или внешняя сущность."
взять микрокредит на карту без подбора microcreditor,взять микрокредит на карту без подбора microcreditor,взять микрокредит на карту без подбора microcreditor,16,16,LOW,LOW,microcredit,microcredit:Queries,noise,,,,exclude,"onCard;rating;microcredit","Технический/паразитный хвост: домен, Telegram, промокод или внешняя сущность."
взять микрокредит choosingbestloan,взять микрокредит choosingbestloan,взять микрокредит choosingbestloan,16,16,LOW,LOW,microcredit,microcredit:Queries,noise,,,,exclude,microcredit,"Технический/паразитный хвост: домен, Telegram, промокод или внешняя сущность."
микрокредит онлайн на карту выберу ру,микрокредит онлайн на карту выберу ру,микрокредит онлайн на карту выберу ру,16,16,AVERAGE,AVERAGE,microcredit,microcredit:Queries,noise,,,,exclude,"online;onCard;microcredit","Технический/паразитный хвост: домен, Telegram, промокод или внешняя сущность."
микрокредит turbozaim.ru/,микрокредит turbozaim.ru/,микрокредит turbozaim.ru/,16,16,HIGH,HIGH,microcredit,microcredit:Queries,noise,,,,exclude,microcredit,"Технический/паразитный хвост: домен, Telegram, промокод или внешняя сущность."
онлайн микрокредит mickrozaim.ru,онлайн микрокредит mickrozaim.ru,онлайн микрокредит mickrozaim.ru,16,16,AVERAGE,AVERAGE,microcredit,microcredit:Queries,noise,,,,exclude,"online;microcredit","Технический/паразитный хвост: домен, Telegram, промокод или внешняя сущность."
микрокредит на карту онлайн выберу ру,микрокредит на карту онлайн выберу ру,микрокредит на карту онлайн выберу ру,16,14,AVERAGE,AVERAGE,microcredit,microcredit:Queries,noise,,,,exclude,"online;onCard;microcredit","Технический/паразитный хвост: домен, Telegram, промокод или внешняя сущность."
микрокредит rsb24,микрокредит rsb24,микрокредит rsb24,16,14,AVERAGE,AVERAGE,microcredit,microcredit:Queries,noise,,,,exclude,microcredit,"Технический/паразитный хвост: домен, Telegram, промокод или внешняя сущность."
микрокредит на карту без отказа без проверки mickrozaim.ru,микрокредит на карту без отказа без проверки mickrozaim.ru,микрокредит на карту без отказа без проверки mickrozaim.ru,15,18,LOW,LOW,microcredit,microcredit:Queries,noise,,,,exclude,"onCard;noRefusal;noChecks;microcredit","Технический/паразитный хвост: домен, Telegram, промокод или внешняя сущность."
микрокредит на карту срочно выберу ру,микрокредит на карту срочно выберу ру,микрокредит на карту срочно выберу ру,15,17,LOW,LOW,microcredit,microcredit:Queries,noise,,,,exclude,"onCard;instant;microcredit","Технический/паразитный хвост: домен, Telegram, промокод или внешняя сущность."
взять микрокредит без отказов мгновенно microcreditor,взять микрокредит без отказов мгновенно microcreditor,взять микрокредит без отказов мгновенно microcreditor,15,16,LOW,LOW,microcredit,microcredit:Queries,noise,,,,exclude,"noRefusal;instant;microcredit","Технический/паразитный хвост: домен, Telegram, промокод или внешняя сущность."
взять микрокредит без отказов срочно microcreditor,взять микрокредит без отказов срочно microcreditor,взять микрокредит без отказов срочно microcreditor,15,15,LOW,LOW,microcredit,microcredit:Queries,noise,,,,exclude,"noRefusal;instant;microcredit","Технический/паразитный хвост: домен, Telegram, промокод или внешняя сущность."
где взять микрокредит microcreditor,где взять микрокредит microcreditor,где взять микрокредит microcreditor,15,15,LOW,LOW,microcredit,microcredit:Queries,noise,,,,exclude,microcredit,"Технический/паразитный хвост: домен, Telegram, промокод или внешняя сущность."
кредит микрокредит turbozaim.ru/,кредит микрокредит turbozaim.ru/,кредит микрокредит turbozaim.ru/,15,15,HIGH,HIGH,microcredit,microcredit:Queries,noise,,,,exclude,microcredit,"Технический/паразитный хвост: домен, Telegram, промокод или внешняя сущность."
микрокредит онлайн на карту выберу,микрокредит онлайн на карту выберу,микрокредит онлайн на карту выберу,15,15,LOW,LOW,microcredit,microcredit:Queries,noise,,,,exclude,"online;onCard;microcredit","Технический/паразитный хвост: домен, Telegram, промокод или внешняя сущность."
микрокредит оформить онлайн microcreditor,микрокредит оформить онлайн microcreditor,микрокредит оформить онлайн microcreditor,15,15,LOW,LOW,microcredit,microcredit:Queries,noise,,,,exclude,"online;microcredit","Технический/паразитный хвост: домен, Telegram, промокод или внешняя сущность."
оформить заявку на микрокредит microcreditor,оформить заявку на микрокредит microcreditor,оформить заявку на микрокредит microcreditor,15,15,LOW,LOW,microcredit,microcredit:Queries,noise,,,,exclude,microcredit,"Технический/паразитный хвост: домен, Telegram, промокод или внешняя сущность."
микрокредит для ип выберу,микрокредит для ип выберу,микрокредит для ип выберу,15,13,AVERAGE,AVERAGE,microcredit,microcredit:Queries,noise,,,,exclude,microcredit,"Технический/паразитный хвост: домен, Telegram, промокод или внешняя сущность."
взять микрокредит на карту через интернет не выходя из дома mickrozaim.ru,взять микрокредит на карту через интернет не выходя из дома mickrozaim.ru,взять микрокредит на карту через интернет не выходя из дома mickrozaim.ru,14,17,LOW,LOW,microcredit,microcredit:Queries,noise,,,,exclude,"onCard;microcredit","Технический/паразитный хвост: домен, Telegram, промокод или внешняя сущность."
деньги да микрокредит mickrozaim.ru,деньги да микрокредит mickrozaim.ru,деньги да микрокредит mickrozaim.ru,14,17,AVERAGE,AVERAGE,microcredit,microcredit:Queries,noise,,,,exclude,microcredit,"Технический/паразитный хвост: домен, Telegram, промокод или внешняя сущность."
микрокредит на карту срочно выберу,микрокредит на карту срочно выберу,микрокредит на карту срочно выберу,14,16,AVERAGE,AVERAGE,microcredit,microcredit:Queries,noise,,,,exclude,"onCard;instant;microcredit","Технический/паразитный хвост: домен, Telegram, промокод или внешняя сущность."
взять срочно безотказный онлайн микрокредит без проверки кредитной истории microcreditor,взять срочно безотказный онлайн микрокредит без проверки кредитной истории microcreditor,взять срочно безотказный онлайн микрокредит без проверки кредитной истории microcreditor,14,15,LOW,LOW,microcredit,microcredit:Queries,noise,,,,exclude,"online;noRefusal;badCredit;instant;noChecks;microcredit","Технический/паразитный хвост: домен, Telegram, промокод или внешняя сущность."
взять микрокредит без отказов без процентов microcreditor,взять микрокредит без отказов без процентов microcreditor,взять микрокредит без отказов без процентов microcreditor,14,14,LOW,LOW,microcredit,microcredit:Queries,noise,,,,exclude,"noRefusal;noInterest;microcredit","Технический/паразитный хвост: домен, Telegram, промокод или внешняя сущность."
взять микрокредит без отказов круглосуточно microcreditor,взять микрокредит без отказов круглосуточно microcreditor,взять микрокредит без отказов круглосуточно microcreditor,14,14,LOW,LOW,microcredit,microcredit:Queries,noise,,,,exclude,"noRefusal;roundClock;microcredit","Технический/паразитный хвост: домен, Telegram, промокод или внешняя сущность."
взять микрокредит на карту через интернет не выходя из дома в ташкенте uz choosingbestloan,взять микрокредит на карту через интернет не выходя из дома в ташкенте uz choosingbestloan,взять микрокредит на карту через интернет не выходя из дома в ташкенте uz choosingbestloan,14,14,LOW,LOW,microcredit,microcredit:Queries,noise,,,,exclude,"onCard;microcredit","Технический/паразитный хвост: домен, Telegram, промокод или внешняя сущность."
взять микрокредит онлайн быстро microcreditor,взять микрокредит онлайн быстро microcreditor,взять микрокредит онлайн быстро microcreditor,14,14,LOW,LOW,microcredit,microcredit:Queries,noise,,,,exclude,"online;instant;microcredit","Технический/паразитный хвост: домен, Telegram, промокод или внешняя сущность."
взять микрокредит онлайн на карту выберу ру,взять микрокредит онлайн на карту выберу ру,взять микрокредит онлайн на карту выберу ру,14,14,AVERAGE,AVERAGE,microcredit,microcredit:Queries,noise,,,,exclude,"online;onCard;microcredit","Технический/паразитный хвост: домен, Telegram, промокод или внешняя сущность."
микрокредит на карту онлайн выберу,микрокредит на карту онлайн выберу,микрокредит на карту онлайн выберу,14,14,LOW,LOW,microcredit,microcredit:Queries,noise,,,,exclude,"online;onCard;microcredit","Технический/паразитный хвост: домен, Telegram, промокод или внешняя сущность."
микрокредит через госуслуги t_me_top_zaim24 t_me_top_zaim24,микрокредит через госуслуги t_me_top_zaim24 t_me_top_zaim24,микрокредит через госуслуги t_me_top_zaim24 t_me_top_zaim24,14,6,LOW,LOW,microcredit,microcredit:Queries,noise,,,,exclude,"gosuslugi;microcredit","Технический/паразитный хвост: домен, Telegram, промокод или внешняя сущность."
микрокредит без отказа rsb24,микрокредит без отказа rsb24,микрокредит без отказа rsb24,14,5,AVERAGE,AVERAGE,microcredit,microcredit:Queries,noise,,,,exclude,"noRefusal;microcredit","Технический/паразитный хвост: домен, Telegram, промокод или внешняя сущность."
микрокредит на карту mickrozaim.ru,микрокредит на карту mickrozaim.ru,микрокредит на карту mickrozaim.ru,13,18,AVERAGE,AVERAGE,microcredit,microcredit:Queries,noise,,,,exclude,"onCard;microcredit","Технический/паразитный хвост: домен, Telegram, промокод или внешняя сущность."
микрокредит онлайн с плохой кредитной историей mickrozaim.ru,микрокредит онлайн с плохой кредитной историей mickrozaim.ru,микрокредит онлайн с плохой кредитной историей mickrozaim.ru,13,17,LOW,LOW,microcredit,microcredit:Queries,noise,,,,exclude,"online;badCredit;microcredit","Технический/паразитный хвост: домен, Telegram, промокод или внешняя сущность."
взять микрокредит срочно mickrozaim.ru,взять микрокредит срочно mickrozaim.ru,взять микрокредит срочно mickrozaim.ru,13,16,AVERAGE,AVERAGE,microcredit,microcredit:Queries,noise,,,,exclude,"instant;microcredit","Технический/паразитный хвост: домен, Telegram, промокод или внешняя сущность."
микрокредит онлайн на карту срочно без отказа bistrodengi.ru,микрокредит онлайн на карту срочно без отказа bistrodengi.ru,микрокредит онлайн на карту срочно без отказа bistrodengi.ru,13,15,AVERAGE,AVERAGE,microcredit,microcredit:Queries,noise,,,,exclude,"online;onCard;noRefusal;instant;microcredit","Технический/паразитный хвост: домен, Telegram, промокод или внешняя сущность."
микрокредиты eqzaim.ru,микрокредиты eqzaim.ru,микрокредиты eqzaim.ru,13,15,LOW,LOW,microcredit,microcredit:Queries,noise,,,,exclude,microcredit,"Технический/паразитный хвост: домен, Telegram, промокод или внешняя сущность."
микрокредит оформить онлайн turbozaim.ru/,микрокредит оформить онлайн turbozaim.ru/,микрокредит оформить онлайн turbozaim.ru/,13,14,AVERAGE,AVERAGE,microcredit,microcredit:Queries,noise,,,,exclude,"online;microcredit","Технический/паразитный хвост: домен, Telegram, промокод или внешняя сущность."
в каких мфо и мкк можно взять срочно безотказный онлайн микрокредит без проверки кредитной истории microcreditor,в каких мфо и мкк можно взять срочно безотказный онлайн микрокредит без проверки кредитной истории microcreditor,в каких мфо и мкк можно взять срочно безотказный онлайн микрокредит без проверки кредитной истории microcreditor,13,13,LOW,LOW,microcredit,microcredit:Queries,noise,,,,exclude,"online;noRefusal;badCredit;instant;noChecks;mfo;microcredit","Технический/паразитный хвост: домен, Telegram, промокод или внешняя сущность."
взять микрокредит без фото с паспортом microcreditor,взять микрокредит без фото с паспортом microcreditor,взять микрокредит без фото с паспортом microcreditor,13,13,LOW,LOW,microcredit,microcredit:Queries,noise,,,,exclude,"noDocs;passport;noPhoto;microcredit","Технический/паразитный хвост: домен, Telegram, промокод или внешняя сущность."
взять микрокредит быстро microcreditor,взять микрокредит быстро microcreditor,взять микрокредит быстро microcreditor,13,13,LOW,LOW,microcredit,microcredit:Queries,noise,,,,exclude,"instant;microcredit","Технический/паразитный хвост: домен, Telegram, промокод или внешняя сущность."
взять микрокредит онлайн на карту выберу,взять микрокредит онлайн на карту выберу,взять микрокредит онлайн на карту выберу,13,13,LOW,LOW,microcredit,microcredit:Queries,noise,,,,exclude,"online;onCard;microcredit","Технический/паразитный хвост: домен, Telegram, промокод или внешняя сущность."
взять микрокредит онлайн спб microcreditor,взять микрокредит онлайн спб microcreditor,взять микрокредит онлайн спб microcreditor,13,13,LOW,LOW,microcredit,microcredit:Queries,noise,,,,exclude,"online;microcredit;city:sankt-peterburg","Технический/паразитный хвост: домен, Telegram, промокод или внешняя сущность."
микрокредит на полгода knopkadengi.ru,микрокредит на полгода knopkadengi.ru,микрокредит на полгода knopkadengi.ru,13,13,AVERAGE,AVERAGE,microcredit,microcredit:Queries,noise,,,,exclude,"longTerm;microcredit","Технический/паразитный хвост: домен, Telegram, промокод или внешняя сущность."
микрокредит получить turbozaim.ru/,микрокредит получить turbozaim.ru/,микрокредит получить turbozaim.ru/,13,13,HIGH,HIGH,microcredit,microcredit:Queries,noise,,,,exclude,microcredit,"Технический/паразитный хвост: домен, Telegram, промокод или внешняя сущность."
микрокредит без отказа mickrozaim.ru,микрокредит без отказа mickrozaim.ru,микрокредит без отказа mickrozaim.ru,12,18,AVERAGE,AVERAGE,microcredit,microcredit:Queries,noise,,,,exclude,"noRefusal;microcredit","Технический/паразитный хвост: домен, Telegram, промокод или внешняя сущность."
микрокредит на карту creditom ru,микрокредит на карту creditom ru,микрокредит на карту creditom ru,12,18,LOW,LOW,microcredit,microcredit:Queries,noise,,,,exclude,"onCard;microcredit","Технический/паразитный хвост: домен, Telegram, промокод или внешняя сущность."
взять микрокредит eqzaim.ru,взять микрокредит eqzaim.ru,взять микрокредит eqzaim.ru,12,14,LOW,LOW,microcredit,microcredit:Queries,noise,,,,exclude,microcredit,"Технический/паразитный хвост: домен, Telegram, промокод или внешняя сущность."
микрокредит без отказа bistrodengi.ru,микрокредит без отказа bistrodengi.ru,микрокредит без отказа bistrodengi.ru,12,14,AVERAGE,AVERAGE,microcredit,microcredit:Queries,noise,,,,exclude,"noRefusal;microcredit","Технический/паразитный хвост: домен, Telegram, промокод или внешняя сущность."
микрокредит на карту eqzaim.ru,микрокредит на карту eqzaim.ru,микрокредит на карту eqzaim.ru,12,14,LOW,LOW,microcredit,microcredit:Queries,noise,,,,exclude,"onCard;microcredit","Технический/паразитный хвост: домен, Telegram, промокод или внешняя сущность."
микрокредит онлайн eqzaim.ru,микрокредит онлайн eqzaim.ru,микрокредит онлайн eqzaim.ru,12,14,LOW,LOW,microcredit,microcredit:Queries,noise,,,,exclude,"online;microcredit","Технический/паразитный хвост: домен, Telegram, промокод или внешняя сущность."
микрокредит без процентов выберу,микрокредит без процентов выберу,микрокредит без процентов выберу,12,13,AVERAGE,AVERAGE,microcredit,microcredit:Queries,noise,,,,exclude,"noInterest;microcredit","Технический/паразитный хвост: домен, Telegram, промокод или внешняя сущность."
онлайн микрокредит bistrodengi.ru,онлайн микрокредит bistrodengi.ru,онлайн микрокредит bistrodengi.ru,12,13,AVERAGE,AVERAGE,microcredit,microcredit:Queries,noise,,,,exclude,"online;microcredit","Технический/паразитный хвост: домен, Telegram, промокод или внешняя сущность."
оформить микрокредит онлайн eqzaim.ru,оформить микрокредит онлайн eqzaim.ru,оформить микрокредит онлайн eqzaim.ru,12,13,LOW,LOW,microcredit,microcredit:Queries,noise,,,,exclude,"online;microcredit","Технический/паразитный хвост: домен, Telegram, промокод или внешняя сущность."
получить микрокредит turbozaim.ru/,получить микрокредит turbozaim.ru/,получить микрокредит turbozaim.ru/,12,13,HIGH,HIGH,microcredit,microcredit:Queries,noise,,,,exclude,microcredit,"Технический/паразитный хвост: домен, Telegram, промокод или внешняя сущность."
чтобы взять микрокредит какие нужны данные microcreditor,чтобы взять микрокредит какие нужны данные microcreditor,чтобы взять микрокредит какие нужны данные microcreditor,12,13,LOW,LOW,microcredit,microcredit:Queries,noise,,,,exclude,microcredit,"Технический/паразитный хвост: домен, Telegram, промокод или внешняя сущность."
взять микрокредит 35 тысяч рублей онлайн без смс и регистрации microcreditor,взять микрокредит 35 тысяч рублей онлайн без смс и регистрации microcreditor,взять микрокредит 35 тысяч рублей онлайн без смс и регистрации microcreditor,12,12,AVERAGE,AVERAGE,microcredit,microcredit:Queries,noise,,,,exclude,"online;microcredit","Технический/паразитный хвост: домен, Telegram, промокод или внешняя сущность."
взять микрокредит без отказов без проверок microcreditor,взять микрокредит без отказов без проверок microcreditor,взять микрокредит без отказов без проверок microcreditor,12,12,LOW,LOW,microcredit,microcredit:Queries,noise,,,,exclude,"noRefusal;noChecks;microcredit","Технический/паразитный хвост: домен, Telegram, промокод или внешняя сущность."
взять микрокредит в новомосковске microcreditor,взять микрокредит в новомосковске microcreditor,взять микрокредит в новомосковске microcreditor,12,12,LOW,LOW,microcredit,microcredit:Queries,noise,,,,exclude,microcredit,"Технический/паразитный хвост: домен, Telegram, промокод или внешняя сущность."
взять микрокредит волгоград microcreditor,взять микрокредит волгоград microcreditor,взять микрокредит волгоград microcreditor,12,12,LOW,LOW,microcredit,microcredit:Queries,noise,,,,exclude,"microcredit;city:volgograd","Технический/паразитный хвост: домен, Telegram, промокод или внешняя сущность."
как получить микрокредит на карту через интернет не выходя microcreditor,как получить микрокредит на карту через интернет не выходя microcreditor,как получить микрокредит на карту через интернет не выходя microcreditor,12,12,LOW,LOW,microcredit,microcredit:Queries,noise,,,,exclude,"onCard;microcredit","Технический/паразитный хвост: домен, Telegram, промокод или внешняя сущность."
микрокредит без проверок microcreditor,микрокредит без проверок microcreditor,микрокредит без проверок microcreditor,12,12,LOW,LOW,microcredit,microcredit:Queries,noise,,,,exclude,"noChecks;microcredit","Технический/паразитный хвост: домен, Telegram, промокод или внешняя сущность."
микрокредит на карту без отказа без проверки microcreditor,микрокредит на карту без отказа без проверки microcreditor,микрокредит на карту без отказа без проверки microcreditor,12,12,LOW,LOW,microcredit,microcredit:Queries,noise,,,,exclude,"onCard;noRefusal;noChecks;microcredit","Технический/паразитный хвост: домен, Telegram, промокод или внешняя сущность."
микрокредиты mickrozaim.ru,микрокредиты mickrozaim.ru,микрокредиты mickrozaim.ru,11,17,AVERAGE,AVERAGE,microcredit,microcredit:Queries,noise,,,,exclude,microcredit,"Технический/паразитный хвост: домен, Telegram, промокод или внешняя сущность."
взять микрокредит на карту без отказа срочно mickrozaim.ru,взять микрокредит на карту без отказа срочно mickrozaim.ru,взять микрокредит на карту без отказа срочно mickrozaim.ru,11,15,LOW,LOW,microcredit,microcredit:Queries,noise,,,,exclude,"onCard;noRefusal;instant;microcredit","Технический/паразитный хвост: домен, Telegram, промокод или внешняя сущность."
микрокредит онлайн на карту срочно без отказа mickrozaim.ru,микрокредит онлайн на карту срочно без отказа mickrozaim.ru,микрокредит онлайн на карту срочно без отказа mickrozaim.ru,11,15,LOW,LOW,microcredit,microcredit:Queries,noise,,,,exclude,"online;onCard;noRefusal;instant;microcredit","Технический/паразитный хвост: домен, Telegram, промокод или внешняя сущность."
получить микрокредит eqzaim.ru,получить микрокредит eqzaim.ru,получить микрокредит eqzaim.ru,11,13,LOW,LOW,microcredit,microcredit:Queries,noise,,,,exclude,microcredit,"Технический/паразитный хвост: домен, Telegram, промокод или внешняя сущность."
микрокредит до зарплаты moneyman.ru/products/do-zarplaty/,микрокредит до зарплаты moneyman.ru/products/do-zarplaty/,микрокредит до зарплаты moneyman.ru/products/do-zarplaty/,11,12,HIGH,HIGH,microcredit,microcredit:Queries,noise,,,,exclude,"payday;microcredit","Технический/паразитный хвост: домен, Telegram, промокод или внешняя сущность."
микрокредит на карту онлайн eurocredit еврокредит ру eurocredit ru eurocredit.ru/zaimy/novye/,микрокредит на карту онлайн eurocredit еврокредит ру eurocredit ru eurocredit.ru/zaimy/novye/,микрокредит на карту онлайн eurocredit еврокредит ру eurocredit ru eurocredit.ru/zaimy/novye/,11,12,AVERAGE,AVERAGE,microcredit,microcredit:Queries,noise,,,,exclude,"online;onCard;microcredit","Технический/паразитный хвост: домен, Telegram, промокод или внешняя сущность."
микрокредиты bistrodengi.ru,микрокредиты bistrodengi.ru,микрокредиты bistrodengi.ru,11,12,HIGH,HIGH,microcredit,microcredit:Queries,noise,,,,exclude,microcredit,"Технический/паразитный хвост: домен, Telegram, промокод или внешняя сущность."
взять микрокредит без отказов срочные microcreditor,взять микрокредит без отказов срочные microcreditor,взять микрокредит без отказов срочные microcreditor,11,11,LOW,LOW,microcredit,microcredit:Queries,noise,,,,exclude,"noRefusal;instant;microcredit","Технический/паразитный хвост: домен, Telegram, промокод или внешняя сущность."
микрозаймы микрокредиты microcreditor,микрозаймы микрокредиты microcreditor,микрозаймы микрокредиты microcreditor,11,11,LOW,LOW,microcredit,microcredit:Queries,noise,,,,exclude,"microcredit;microloan;loan","Технический/паразитный хвост: домен, Telegram, промокод или внешняя сущность."
микрокредит онлайн на карту без отказа knopkadengi.ru,микрокредит онлайн на карту без отказа knopkadengi.ru,микрокредит онлайн на карту без отказа knopkadengi.ru,11,11,AVERAGE,AVERAGE,microcredit,microcredit:Queries,noise,,,,exclude,"online;onCard;noRefusal;microcredit","Технический/паразитный хвост: домен, Telegram, промокод или внешняя сущность."
промокоды микрозаймы действующие,промокоды микрозаймы действующие,промокоды микрозаймы действующие,10,19,LOW,LOW,microcredit,microcredit:AdditionalQueries,noise,,,,exclude,"microloan;loan","Технический/паразитный хвост: домен, Telegram, промокод или внешняя сущность."
взять микрокредит на карту eqzaim.ru,взять микрокредит на карту eqzaim.ru,взять микрокредит на карту eqzaim.ru,10,12,LOW,LOW,microcredit,microcredit:Queries,noise,,,,exclude,"onCard;microcredit","Технический/паразитный хвост: домен, Telegram, промокод или внешняя сущность."
микрокредит онлайн bistrodengi.ru,микрокредит онлайн bistrodengi.ru,микрокредит онлайн bistrodengi.ru,10,12,AVERAGE,AVERAGE,microcredit,microcredit:Queries,noise,,,,exclude,"online;microcredit","Технический/паразитный хвост: домен, Telegram, промокод или внешняя сущность."
микрокредит оформить eqzaim.ru,микрокредит оформить eqzaim.ru,микрокредит оформить eqzaim.ru,10,12,LOW,LOW,microcredit,microcredit:Queries,noise,,,,exclude,microcredit,"Технический/паразитный хвост: домен, Telegram, промокод или внешняя сущность."
оформить микрокредит eqzaim.ru,оформить микрокредит eqzaim.ru,оформить микрокредит eqzaim.ru,10,12,LOW,LOW,microcredit,microcredit:Queries,noise,,,,exclude,microcredit,"Технический/паразитный хвост: домен, Telegram, промокод или внешняя сущность."
микрокредиты онлайн turbozaim.ru/,микрокредиты онлайн turbozaim.ru/,микрокредиты онлайн turbozaim.ru/,10,11,HIGH,HIGH,microcredit,microcredit:Queries,noise,,,,exclude,"online;microcredit","Технический/паразитный хвост: домен, Telegram, промокод или внешняя сущность."
онлайн микрокредиты turbozaim.ru/,онлайн микрокредиты turbozaim.ru/,онлайн микрокредиты turbozaim.ru/,10,11,HIGH,HIGH,microcredit,microcredit:Queries,noise,,,,exclude,"online;microcredit","Технический/паразитный хвост: домен, Telegram, промокод или внешняя сущность."
микрокредит на карту онлайн eurocredit ru еврокредит ру eurocredit eurocredit.ru/zaimy/novye/,микрокредит на карту онлайн eurocredit ru еврокредит ру eurocredit eurocredit.ru/zaimy/novye/,микрокредит на карту онлайн eurocredit ru еврокредит ру eurocredit eurocredit.ru/zaimy/novye/,10,10,AVERAGE,AVERAGE,microcredit,microcredit:Queries,noise,,,,exclude,"online;onCard;microcredit","Технический/паразитный хвост: домен, Telegram, промокод или внешняя сущность."
микрокредиты на карту онлайн займ 5 microcreditor,микрокредиты на карту онлайн займ 5 microcreditor,микрокредиты на карту онлайн займ 5 microcreditor,10,10,LOW,LOW,microcredit,microcredit:Queries,noise,,,,exclude,"online;onCard;microcredit;loan","Технический/паразитный хвост: домен, Telegram, промокод или внешняя сущность."
взять микрокредит на карту без отказа срочно выберу ру,взять микрокредит на карту без отказа срочно выберу ру,взять микрокредит на карту без отказа срочно выберу ру,10,8,LOW,LOW,microcredit,microcredit:Queries,noise,,,,exclude,"onCard;noRefusal;instant;microcredit","Технический/паразитный хвост: домен, Telegram, промокод или внешняя сущность."
микрокредит онлайн с плохой кредитной историей rsb24 ru,микрокредит онлайн с плохой кредитной историей rsb24 ru,микрокредит онлайн с плохой кредитной историей rsb24 ru,10,2,LOW,LOW,microcredit,microcredit:Queries,noise,,,,exclude,"online;badCredit;microcredit","Технический/паразитный хвост: домен, Telegram, промокод или внешняя сущность."
промокод микрозайм,промокод микрозайм,промокод микрозайм,3,2,LOW,LOW,microcredit,microcredit:AdditionalQueries,noise,,,,exclude,"microloan;loan","Технический/паразитный хвост: домен, Telegram, промокод или внешняя сущность."
займ денег онлайн на карту your loans,займ денег онлайн на карту your loans,займ денег онлайн на карту your loans,1,0,NO_DATA,NO_DATA,microcredit,microcredit:AdditionalQueries,noise,,,,exclude,"online;onCard;loan","Технический/паразитный хвост: домен, Telegram, промокод или внешняя сущность."
