query,normalized_query,variants,clicks,demand,competitiveness,competitiveness_set,sources,source_sheets,bucket,page_slug,page_name,page_type,priority,signals,notes
квику,квику,квику,16470,24698,AVERAGE,AVERAGE,zaim,zaim:AdditionalQueries,review-needed,,,,low,,Неочевидная релевантность к займам.
капуста,капуста,капуста,10237,28146,AVERAGE,AVERAGE,zaim,zaim:AdditionalQueries,review-needed,,,,low,,Неочевидная релевантность к займам.
квики,квики,квики,6276,8408,HIGH,HIGH,zaim,zaim:AdditionalQueries,review-needed,,,,low,,Неочевидная релевантность к займам.
lime zaim,lime zaim,lime zaim,2794,7268,AVERAGE,AVERAGE,zaim,zaim:AdditionalQueries,review-needed,,,,low,,Неочевидная релевантность к займам.
белка кредит личный кабинет,белка кредит личный кабинет,белка кредит личный кабинет,2784,5909,HIGH,HIGH,zaim,zaim:AdditionalQueries,review-needed,,,,low,,Неочевидная релевантность к займам.
аденьги личный кабинет личный кабинет,аденьги личный кабинет личный кабинет,аденьги личный кабинет личный кабинет,2533,3008,AVERAGE,AVERAGE,zaim,zaim:AdditionalQueries,review-needed,,,,low,,Неочевидная релевантность к займам.
экспресс деньги личный кабинет,экспресс деньги личный кабинет,экспресс деньги личный кабинет,2533,2364,AVERAGE,AVERAGE,zaim,zaim:AdditionalQueries,review-needed,,,,low,instant,Неочевидная релевантность к займам.
кредит онлайн на карту без отказа,кредит онлайн на карту без отказа,кредит онлайн на карту без отказа,2188,3752,HIGH,HIGH,zaim,zaim:AdditionalQueries,review-needed,,,,low,"online;onCard;noRefusal",Неочевидная релевантность к займам.
деньги на карту мгновенно без отказа,деньги на карту мгновенно без отказа,деньги на карту мгновенно без отказа,1709,1794,AVERAGE,AVERAGE,zaim,zaim:AdditionalQueries,review-needed,,,,low,"onCard;noRefusal;instant",Неочевидная релевантность к займам.
аденьги личный кабинет войти,аденьги личный кабинет войти,аденьги личный кабинет войти,1653,1819,AVERAGE,AVERAGE,zaim,zaim:AdditionalQueries,review-needed,,,,low,,Неочевидная релевантность к займам.
а деньги вход,а деньги вход,а деньги вход,1550,1844,AVERAGE,AVERAGE,zaim,zaim:AdditionalQueries,review-needed,,,,low,,Неочевидная релевантность к займам.
a dengi,a dengi,a dengi,1479,3102,AVERAGE,AVERAGE,"microzaim;zaim","microzaim:AdditionalQueries;zaim:AdditionalQueries",review-needed,,,,low,,Неочевидная релевантность к займам.
бостра,бостра,бостра,1271,3112,AVERAGE,AVERAGE,zaim,zaim:AdditionalQueries,review-needed,,,,low,,Неочевидная релевантность к займам.
кредит с плохой кредитной историей без отказа на карту,кредит с плохой кредитной историей без отказа на карту,кредит с плохой кредитной историей без отказа на карту,1241,1142,AVERAGE,AVERAGE,zaim,zaim:AdditionalQueries,review-needed,,,,low,"onCard;noRefusal;badCredit",Неочевидная релевантность к займам.
пко рсв,пко рсв,пко рсв,1172,1727,HIGH,HIGH,microcredit,microcredit:AdditionalQueries,review-needed,,,,low,,Неочевидная релевантность к займам.
коке кз,коке кз,коке кз,1132,1512,AVERAGE,AVERAGE,microcredit,microcredit:AdditionalQueries,review-needed,,,,low,,Неочевидная релевантность к займам.
кредит под залог стс,кредит под залог стс,кредит под залог стс,986,1018,HIGH,HIGH,zaim,zaim:AdditionalQueries,review-needed,,,,low,,Неочевидная релевантность к займам.
495 кредит личный кабинет,495 кредит личный кабинет,495 кредит личный кабинет,921,1077,AVERAGE,AVERAGE,zaim,zaim:AdditionalQueries,review-needed,,,,low,,Неочевидная релевантность к займам.
занять деньги онлайн на карту,занять деньги онлайн на карту,занять деньги онлайн на карту,903,1150,AVERAGE,AVERAGE,zaim,zaim:AdditionalQueries,review-needed,,,,low,"online;onCard",Неочевидная релевантность к займам.
деньги на карту срочно без отказа,деньги на карту срочно без отказа,деньги на карту срочно без отказа,892,991,AVERAGE,AVERAGE,zaim,zaim:AdditionalQueries,review-needed,,,,low,"onCard;noRefusal;instant",Неочевидная релевантность к займам.
канат кз,канат кз,канат кз,823,1466,LOW,LOW,microcredit,microcredit:AdditionalQueries,review-needed,,,,low,,Неочевидная релевантность к займам.
cash to you личный кабинет,cash to you личный кабинет,cash to you личный кабинет,821,1356,AVERAGE,AVERAGE,zaim,zaim:AdditionalQueries,review-needed,,,,low,,Неочевидная релевантность к займам.
занять деньги на карту,занять деньги на карту,занять деньги на карту,779,991,HIGH,HIGH,zaim,zaim:AdditionalQueries,review-needed,,,,low,onCard,Неочевидная релевантность к займам.
быстро деньги на карту без отказа,быстро деньги на карту без отказа,быстро деньги на карту без отказа,759,711,AVERAGE,AVERAGE,zaim,zaim:AdditionalQueries,review-needed,,,,low,"onCard;noRefusal;instant",Неочевидная релевантность к займам.
кредит онлайн на карту до 15000,кредит онлайн на карту до 15000,кредит онлайн на карту до 15000,738,485,HIGH,HIGH,microzaim,microzaim:AdditionalQueries,review-needed,,,,low,"online;onCard;amount:5000",Неочевидная релевантность к займам.
вивус личный кабинет войти,вивус личный кабинет войти,вивус личный кабинет войти,711,790,HIGH,HIGH,zaim,zaim:AdditionalQueries,review-needed,,,,low,,Неочевидная релевантность к займам.
кредит на карту большая сумма,кредит на карту большая сумма,кредит на карту большая сумма,701,494,AVERAGE,AVERAGE,microcredit,microcredit:AdditionalQueries,review-needed,,,,low,onCard,Неочевидная релевантность к займам.
zaim express,zaim express,zaim express,681,728,HIGH,HIGH,zaim,zaim:AdditionalQueries,review-needed,,,,low,,Неочевидная релевантность к займам.
capitalina,capitalina,capitalina,664,1280,LOW,LOW,zaim,zaim:AdditionalQueries,review-needed,,,,low,,Неочевидная релевантность к займам.
маниман,маниман,маниман,632,1346,AVERAGE,AVERAGE,zaim,zaim:AdditionalQueries,review-needed,,,,low,,Неочевидная релевантность к займам.
вивус личный кабинет войти в личный,вивус личный кабинет войти в личный,вивус личный кабинет войти в личный,615,719,HIGH,HIGH,zaim,zaim:AdditionalQueries,review-needed,,,,low,,Неочевидная релевантность к займам.
dozarplati,dozarplati,dozarplati,611,1392,AVERAGE,AVERAGE,zaim,zaim:AdditionalQueries,review-needed,,,,low,,Неочевидная релевантность к займам.
кредит онлайн без проверки,кредит онлайн без проверки,кредит онлайн без проверки,603,642,AVERAGE,AVERAGE,microzaim,microzaim:AdditionalQueries,review-needed,,,,low,"online;noChecks",Неочевидная релевантность к займам.
екапуста личный кабинет войти по номеру телефона,екапуста личный кабинет войти по номеру телефона,екапуста личный кабинет войти по номеру телефона,576,504,AVERAGE,AVERAGE,zaim,zaim:AdditionalQueries,review-needed,,,,low,,Неочевидная релевантность к займам.
деньги срочно на карту без отказа,деньги срочно на карту без отказа,деньги срочно на карту без отказа,521,601,AVERAGE,AVERAGE,zaim,zaim:AdditionalQueries,review-needed,,,,low,"onCard;noRefusal;instant",Неочевидная релевантность к займам.
кредитплюс в личный,кредитплюс в личный,кредитплюс в личный,488,537,HIGH,HIGH,zaim,zaim:AdditionalQueries,review-needed,,,,low,,Неочевидная релевантность к займам.
мани ман,мани ман,мани ман,479,1132,AVERAGE,AVERAGE,zaim,zaim:AdditionalQueries,review-needed,,,,low,,Неочевидная релевантность к займам.
быстро получить деньги на карту,быстро получить деньги на карту,быстро получить деньги на карту,443,817,AVERAGE,AVERAGE,zaim,zaim:AdditionalQueries,review-needed,,,,low,"onCard;instant",Неочевидная релевантность к займам.
кредит онлайн под 0 процентов,кредит онлайн под 0 процентов,кредит онлайн под 0 процентов,383,410,AVERAGE,AVERAGE,microzaim,microzaim:AdditionalQueries,review-needed,,,,low,"online;noInterest",Неочевидная релевантность к займам.
kviki,kviki,kviki,376,573,HIGH,HIGH,zaim,zaim:AdditionalQueries,review-needed,,,,low,,Неочевидная релевантность к займам.
дозарплаты ру личный кабинет,дозарплаты ру личный кабинет,дозарплаты ру личный кабинет,360,449,AVERAGE,AVERAGE,zaim,zaim:AdditionalQueries,review-needed,,,,low,,Неочевидная релевантность к займам.
быстро деньги личный,быстро деньги личный,быстро деньги личный,347,558,AVERAGE,AVERAGE,zaim,zaim:AdditionalQueries,review-needed,,,,low,instant,Неочевидная релевантность к займам.
микро резерв,микро резерв,микро резерв,341,368,HIGH,HIGH,zaim,zaim:AdditionalQueries,review-needed,,,,low,,Неочевидная релевантность к займам.
lime zaim личный кабинет,lime zaim личный кабинет,lime zaim личный кабинет,332,811,AVERAGE,AVERAGE,zaim,zaim:AdditionalQueries,review-needed,,,,low,,Неочевидная релевантность к займам.
аленьги личный кабинет,аленьги личный кабинет,аленьги личный кабинет,331,420,AVERAGE,AVERAGE,zaim,zaim:AdditionalQueries,review-needed,,,,low,,Неочевидная релевантность к займам.
целфин,целфин,целфин,319,448,AVERAGE,AVERAGE,zaim,zaim:AdditionalQueries,review-needed,,,,low,,Неочевидная релевантность к займам.
получить кредит на ооо,получить кредит на ооо,получить кредит на ооо,313,366,HIGH,HIGH,zaim,zaim:AdditionalQueries,review-needed,,,,low,,Неочевидная релевантность к займам.
bunny money личный кабинет,bunny money личный кабинет,bunny money личный кабинет,310,417,AVERAGE,AVERAGE,zaim,zaim:AdditionalQueries,review-needed,,,,low,,Неочевидная релевантность к займам.
кредит онлайн без карты,кредит онлайн без карты,кредит онлайн без карты,309,451,HIGH,HIGH,zaim,zaim:AdditionalQueries,review-needed,,,,low,"online;onCard;noCard",Неочевидная релевантность к займам.
надо денег личный,надо денег личный,надо денег личный,307,548,AVERAGE,AVERAGE,zaim,zaim:AdditionalQueries,review-needed,,,,low,,Неочевидная релевантность к займам.
деньги на карту без процентов,деньги на карту без процентов,деньги на карту без процентов,305,437,HIGH,HIGH,zaim,zaim:AdditionalQueries,review-needed,,,,low,"onCard;noInterest",Неочевидная релевантность к займам.
eqvazaim,eqvazaim,eqvazaim,303,1254,AVERAGE,AVERAGE,zaim,zaim:AdditionalQueries,review-needed,,,,low,,Неочевидная релевантность к займам.
юкки вход в личный кабинет,юкки вход в личный кабинет,юкки вход в личный кабинет,289,341,AVERAGE,AVERAGE,zaim,zaim:AdditionalQueries,review-needed,,,,low,,Неочевидная релевантность к займам.
bistrodengi,bistrodengi,bistrodengi,281,808,HIGH,HIGH,microcredit,microcredit:AdditionalQueries,review-needed,,,,low,,Неочевидная релевантность к займам.
экспресс деньги личный,экспресс деньги личный,экспресс деньги личный,274,263,AVERAGE,AVERAGE,zaim,zaim:AdditionalQueries,review-needed,,,,low,instant,Неочевидная релевантность к займам.
монеуман,монеуман,монеуман,272,550,AVERAGE,AVERAGE,zaim,zaim:AdditionalQueries,review-needed,,,,low,,Неочевидная релевантность к займам.
монемен,монемен,монемен,266,722,HIGH,HIGH,zaim,zaim:AdditionalQueries,review-needed,,,,low,,Неочевидная релевантность к займам.
юкки личный кабинет вход,юкки личный кабинет вход,юкки личный кабинет вход,263,352,AVERAGE,AVERAGE,zaim,zaim:AdditionalQueries,review-needed,,,,low,,Неочевидная релевантность к займам.
солва кз,солва кз,солва кз,259,349,AVERAGE,AVERAGE,microcredit,microcredit:AdditionalQueries,review-needed,,,,low,,Неочевидная релевантность к займам.
ezaem личный кабинет,ezaem личный кабинет,ezaem личный кабинет,254,773,AVERAGE,AVERAGE,zaim,zaim:AdditionalQueries,review-needed,,,,low,,Неочевидная релевантность к займам.
creditplus личный,creditplus личный,creditplus личный,248,276,HIGH,HIGH,zaim,zaim:AdditionalQueries,review-needed,,,,low,,Неочевидная релевантность к займам.
быстрый кредит на карту без отказа,быстрый кредит на карту без отказа,быстрый кредит на карту без отказа,243,269,HIGH,HIGH,zaim,zaim:AdditionalQueries,review-needed,,,,low,"onCard;noRefusal;instant",Неочевидная релевантность к займам.
взять кредит через госуслуги на карту,взять кредит через госуслуги на карту,взять кредит через госуслуги на карту,240,225,AVERAGE,AVERAGE,"microzaim;zaim","microzaim:AdditionalQueries;zaim:AdditionalQueries",review-needed,,,,low,"onCard;gosuslugi",Неочевидная релевантность к займам.
zaimexpress,zaimexpress,zaimexpress,232,240,AVERAGE,AVERAGE,zaim,zaim:AdditionalQueries,review-needed,,,,low,,Неочевидная релевантность к займам.
екапуств,екапуств,екапуств,217,720,AVERAGE,AVERAGE,zaim,zaim:AdditionalQueries,review-needed,,,,low,,Неочевидная релевантность к займам.
сайт быстроденьги официальный,сайт быстроденьги официальный,сайт быстроденьги официальный,211,258,AVERAGE,AVERAGE,zaim,zaim:AdditionalQueries,review-needed,,,,low,instant,Неочевидная релевантность к займам.
кредит без процентов на карту,кредит без процентов на карту,кредит без процентов на карту,209,267,HIGH,HIGH,zaim,zaim:AdditionalQueries,review-needed,,,,low,"onCard;noInterest",Неочевидная релевантность к займам.
юкки вход,юкки вход,юкки вход,199,293,AVERAGE,AVERAGE,zaim,zaim:AdditionalQueries,review-needed,,,,low,,Неочевидная релевантность к займам.
буустра,буустра,буустра,197,414,AVERAGE,AVERAGE,zaim,zaim:AdditionalQueries,review-needed,,,,low,,Неочевидная релевантность к займам.
бумтра,бумтра,бумтра,192,449,AVERAGE,AVERAGE,zaim,zaim:AdditionalQueries,review-needed,,,,low,,Неочевидная релевантность к займам.
екапустп,екапустп,екапустп,192,418,AVERAGE,AVERAGE,zaim,zaim:AdditionalQueries,review-needed,,,,low,,Неочевидная релевантность к займам.
деньги на карту без паспорта,деньги на карту без паспорта,деньги на карту без паспорта,192,161,AVERAGE,AVERAGE,microzaim,microzaim:AdditionalQueries,review-needed,,,,low,"onCard;noDocs;passport;noPassport",Неочевидная релевантность к займам.
аденбги личный кабинет,аденбги личный кабинет,аденбги личный кабинет,189,263,AVERAGE,AVERAGE,"microzaim;zaim","microzaim:AdditionalQueries;zaim:AdditionalQueries",review-needed,,,,low,,Неочевидная релевантность к займам.
рсв коллекторское агентство,рсв коллекторское агентство,рсв коллекторское агентство,189,222,AVERAGE,AVERAGE,microcredit,microcredit:AdditionalQueries,review-needed,,,,low,,Неочевидная релевантность к займам.
деньги быстро быстро,деньги быстро быстро,деньги быстро быстро,182,216,HIGH,HIGH,microcredit,microcredit:AdditionalQueries,review-needed,,,,low,instant,Неочевидная релевантность к займам.
bistrodengi личный,bistrodengi личный,bistrodengi личный,177,384,HIGH,HIGH,zaim,zaim:AdditionalQueries,review-needed,,,,low,,Неочевидная релевантность к займам.
квику ру,квику ру,квику ру,177,310,HIGH,HIGH,zaim,zaim:AdditionalQueries,review-needed,,,,low,,Неочевидная релевантность к займам.
кредит с плохой кредитной историей без отказа на карту срочно,кредит с плохой кредитной историей без отказа на карту срочно,кредит с плохой кредитной историей без отказа на карту срочно,163,90,AVERAGE,AVERAGE,zaim,zaim:AdditionalQueries,review-needed,,,,low,"onCard;noRefusal;badCredit;instant",Неочевидная релевантность к займам.
аденьги ру,аденьги ру,аденьги ру,159,329,AVERAGE,AVERAGE,zaim,zaim:AdditionalQueries,review-needed,,,,low,,Неочевидная релевантность к займам.
рокетмэн личный кабинет,рокетмэн личный кабинет,рокетмэн личный кабинет,155,239,AVERAGE,AVERAGE,zaim,zaim:AdditionalQueries,review-needed,,,,low,,Неочевидная релевантность к займам.
как занять деньги онлайн на карту сбербанка,как занять деньги онлайн на карту сбербанка,как занять деньги онлайн на карту сбербанка,155,116,HIGH,HIGH,microzaim,microzaim:AdditionalQueries,review-needed,,,,low,"online;onCard",Неочевидная релевантность к займам.
деньги студентам в долг на карту,деньги студентам в долг на карту,деньги студентам в долг на карту,155,115,AVERAGE,AVERAGE,microzaim,microzaim:AdditionalQueries,review-needed,,,,low,"onCard;audience:students",Неочевидная релевантность к займам.
быстрые деньги онлайн на карту сбербанка,быстрые деньги онлайн на карту сбербанка,быстрые деньги онлайн на карту сбербанка,154,115,HIGH,HIGH,microzaim,microzaim:AdditionalQueries,review-needed,,,,low,"online;onCard;instant",Неочевидная релевантность к займам.
а деньги вход в личный,а деньги вход в личный,а деньги вход в личный,153,168,AVERAGE,AVERAGE,zaim,zaim:AdditionalQueries,review-needed,,,,low,,Неочевидная релевантность к займам.
авто под залог онлайн,авто под залог онлайн,авто под залог онлайн,151,228,HIGH,HIGH,zaim,zaim:AdditionalQueries,review-needed,,,,low,online,Неочевидная релевантность к займам.
личный кабинет а деньги войти,личный кабинет а деньги войти,личный кабинет а деньги войти,151,143,AVERAGE,AVERAGE,zaim,zaim:AdditionalQueries,review-needed,,,,low,,Неочевидная релевантность к займам.
акшамат кз,акшамат кз,акшамат кз,150,163,LOW,LOW,microcredit,microcredit:AdditionalQueries,review-needed,,,,low,,Неочевидная релевантность к займам.
деньга ру,деньга ру,деньга ру,147,238,AVERAGE,AVERAGE,zaim,zaim:AdditionalQueries,review-needed,,,,low,,Неочевидная релевантность к займам.
кредит 7 личный кабинет войти в личный кабинет,кредит 7 личный кабинет войти в личный кабинет,кредит 7 личный кабинет войти в личный кабинет,146,330,HIGH,HIGH,zaim,zaim:AdditionalQueries,review-needed,,,,low,,Неочевидная релевантность к займам.
деньги сразу официальный сайт,деньги сразу официальный сайт,деньги сразу официальный сайт,145,216,AVERAGE,AVERAGE,zaim,zaim:AdditionalQueries,review-needed,,,,low,,Неочевидная релевантность к займам.
где занять денег срочно на карту без отказа,где занять денег срочно на карту без отказа,где занять денег срочно на карту без отказа,143,163,AVERAGE,AVERAGE,zaim,zaim:AdditionalQueries,review-needed,,,,low,"onCard;noRefusal;instant",Неочевидная релевантность к займам.
деньги на карту быстро,деньги на карту быстро,деньги на карту быстро,142,190,HIGH,HIGH,zaim,zaim:AdditionalQueries,review-needed,,,,low,"onCard;instant",Неочевидная релевантность к займам.
кредит онлайн без процентов,кредит онлайн без процентов,кредит онлайн без процентов,140,189,HIGH,HIGH,zaim,zaim:AdditionalQueries,review-needed,,,,low,"online;noInterest",Неочевидная релевантность к займам.
онлайн кредит на полгода,онлайн кредит на полгода,онлайн кредит на полгода,140,126,HIGH,HIGH,microcredit,microcredit:AdditionalQueries,review-needed,,,,low,"online;longTerm",Неочевидная релевантность к займам.
denginadom,denginadom,denginadom,138,247,AVERAGE,AVERAGE,zaim,zaim:AdditionalQueries,review-needed,,,,low,,Неочевидная релевантность к займам.
берубери личный кабинет,берубери личный кабинет,берубери личный кабинет,136,181,AVERAGE,AVERAGE,zaim,zaim:AdditionalQueries,review-needed,,,,low,,Неочевидная релевантность к займам.
быстрые деньги на карту онлайн без отказа,быстрые деньги на карту онлайн без отказа,быстрые деньги на карту онлайн без отказа,133,116,HIGH,HIGH,zaim,zaim:AdditionalQueries,review-needed,,,,low,"online;onCard;noRefusal;instant",Неочевидная релевантность к займам.
деньги быстро на карту,деньги быстро на карту,деньги быстро на карту,130,205,HIGH,HIGH,zaim,zaim:AdditionalQueries,review-needed,,,,low,"onCard;instant",Неочевидная релевантность к займам.
тезфинанс кредит,тезфинанс кредит,тезфинанс кредит,128,163,HIGH,HIGH,microcredit,microcredit:AdditionalQueries,review-needed,,,,low,,Неочевидная релевантность к займам.
до зр,до зр,до зр,126,126,LOW,LOW,microcredit,microcredit:AdditionalQueries,review-needed,,,,low,,Неочевидная релевантность к займам.
взять 2000 рублей срочно,взять 2000 рублей срочно,взять 2000 рублей срочно,124,171,HIGH,HIGH,microzaim,microzaim:AdditionalQueries,review-needed,,,,low,"instant;amount:2000",Неочевидная релевантность к займам.
умные наличные вход,умные наличные вход,умные наличные вход,117,138,AVERAGE,AVERAGE,zaim,zaim:AdditionalQueries,review-needed,,,,low,cash,Неочевидная релевантность к займам.
ақшамат,ақшамат,ақшамат,114,154,AVERAGE,AVERAGE,microcredit,microcredit:AdditionalQueries,review-needed,,,,low,,Неочевидная релевантность к займам.
ëкапуста,ëкапуста,ëкапуста,111,220,AVERAGE,AVERAGE,zaim,zaim:AdditionalQueries,review-needed,,,,low,,Неочевидная релевантность к займам.
менимен личный кабинет,менимен личный кабинет,менимен личный кабинет,106,158,HIGH,HIGH,zaim,zaim:AdditionalQueries,review-needed,,,,low,,Неочевидная релевантность к займам.
dm lombard,dm lombard,dm lombard,106,141,AVERAGE,AVERAGE,microcredit,microcredit:AdditionalQueries,review-needed,,,,low,,Неочевидная релевантность к займам.
кредит семь личный кабинет,кредит семь личный кабинет,кредит семь личный кабинет,104,138,HIGH,HIGH,zaim,zaim:AdditionalQueries,review-needed,,,,low,,Неочевидная релевантность к займам.
целевые финансы вход в личный кабинет,целевые финансы вход в личный кабинет,целевые финансы вход в личный кабинет,104,121,AVERAGE,AVERAGE,zaim,zaim:AdditionalQueries,review-needed,,,,low,,Неочевидная релевантность к займам.
получение кредита для ооо,получение кредита для ооо,получение кредита для ооо,104,114,HIGH,HIGH,zaim,zaim:AdditionalQueries,review-needed,,,,low,,Неочевидная релевантность к займам.
корона кредит,корона кредит,корона кредит,97,119,HIGH,HIGH,zaim,zaim:AdditionalQueries,review-needed,,,,low,,Неочевидная релевантность к займам.
вивас,вивас,вивас,95,241,HIGH,HIGH,zaim,zaim:AdditionalQueries,review-needed,,,,low,,Неочевидная релевантность к займам.
пко рсв личный кабинет,пко рсв личный кабинет,пко рсв личный кабинет,91,67,LOW,LOW,microcredit,microcredit:AdditionalQueries,review-needed,,,,low,,Неочевидная релевантность к займам.
деньги под кредитный автомобиль,деньги под кредитный автомобиль,деньги под кредитный автомобиль,89,117,HIGH,HIGH,zaim,zaim:AdditionalQueries,review-needed,,,,low,,Неочевидная релевантность к займам.
papa zaim личный кабинет,papa zaim личный кабинет,papa zaim личный кабинет,87,83,AVERAGE,AVERAGE,zaim,zaim:AdditionalQueries,review-needed,,,,low,,Неочевидная релевантность к займам.
простой вопрос лк,простой вопрос лк,простой вопрос лк,86,107,AVERAGE,AVERAGE,zaim,zaim:AdditionalQueries,review-needed,,,,low,,Неочевидная релевантность к займам.
bastai,bastai,bastai,86,81,LOW,LOW,microcredit,microcredit:AdditionalQueries,review-needed,,,,low,,Неочевидная релевантность к займам.
nebus личный кабинет,nebus личный кабинет,nebus личный кабинет,85,159,AVERAGE,AVERAGE,zaim,zaim:AdditionalQueries,review-needed,,,,low,,Неочевидная релевантность к займам.
бинни моней,бинни моней,бинни моней,84,122,LOW,LOW,zaim,zaim:AdditionalQueries,review-needed,,,,low,,Неочевидная релевантность к займам.
деньги на карту по паспорту,деньги на карту по паспорту,деньги на карту по паспорту,83,100,AVERAGE,AVERAGE,zaim,zaim:AdditionalQueries,review-needed,,,,low,"onCard;noDocs;passport",Неочевидная релевантность к займам.
под 0,под 0,под 0,83,91,AVERAGE,AVERAGE,zaim,zaim:AdditionalQueries,review-needed,,,,low,noInterest,Неочевидная релевантность к займам.
adengi ru,adengi ru,adengi ru,82,160,AVERAGE,AVERAGE,microzaim,microzaim:AdditionalQueries,review-needed,,,,low,,Неочевидная релевантность к займам.
взять деньги по паспорту,взять деньги по паспорту,взять деньги по паспорту,82,105,AVERAGE,AVERAGE,microzaim,microzaim:AdditionalQueries,review-needed,,,,low,"noDocs;passport",Неочевидная релевантность к займам.
neo credit kz личный кабинет,neo credit kz личный кабинет,neo credit kz личный кабинет,82,93,LOW,LOW,microcredit,microcredit:AdditionalQueries,review-needed,,,,low,,Неочевидная релевантность к займам.
papa zaim,papa zaim,papa zaim,82,91,AVERAGE,AVERAGE,zaim,zaim:AdditionalQueries,review-needed,,,,low,,Неочевидная релевантность к займам.
бусьра личный кабинет,бусьра личный кабинет,бусьра личный кабинет,79,128,AVERAGE,AVERAGE,zaim,zaim:AdditionalQueries,review-needed,,,,low,,Неочевидная релевантность к займам.
взять кредит без фото паспорта,взять кредит без фото паспорта,взять кредит без фото паспорта,78,76,HIGH,HIGH,microzaim,microzaim:AdditionalQueries,review-needed,,,,low,"noDocs;passport;noPhoto",Неочевидная релевантность к займам.
квикт,квикт,квикт,76,94,AVERAGE,AVERAGE,zaim,zaim:AdditionalQueries,review-needed,,,,low,,Неочевидная релевантность к займам.
взять кредит онлайн на карту без процентов,взять кредит онлайн на карту без процентов,взять кредит онлайн на карту без процентов,73,100,AVERAGE,AVERAGE,microzaim,microzaim:AdditionalQueries,review-needed,,,,low,"online;onCard;noInterest",Неочевидная релевантность к займам.
аденьши личный кабинет,аденьши личный кабинет,аденьши личный кабинет,69,85,AVERAGE,AVERAGE,zaim,zaim:AdditionalQueries,review-needed,,,,low,,Неочевидная релевантность к займам.
грин мани личный кабинет войти в личный кабинет по номеру телефона,грин мани личный кабинет войти в личный кабинет по номеру телефона,грин мани личный кабинет войти в личный кабинет по номеру телефона,69,70,HIGH,HIGH,zaim,zaim:AdditionalQueries,review-needed,,,,low,,Неочевидная релевантность к займам.
деньги в долг с плохой ки,деньги в долг с плохой ки,деньги в долг с плохой ки,69,70,HIGH,HIGH,zaim,zaim:AdditionalQueries,review-needed,,,,low,badCredit,Неочевидная релевантность к займам.
кредит на карту мгновенно,кредит на карту мгновенно,кредит на карту мгновенно,69,66,AVERAGE,AVERAGE,zaim,zaim:AdditionalQueries,review-needed,,,,low,"onCard;instant",Неочевидная релевантность к займам.
кредит через госуслуги онлайн кредит экспресс,кредит через госуслуги онлайн кредит экспресс,кредит через госуслуги онлайн кредит экспресс,68,72,AVERAGE,AVERAGE,zaim,zaim:AdditionalQueries,review-needed,,,,low,"online;instant;gosuslugi",Неочевидная релевантность к займам.
яндекс деньги в долг,яндекс деньги в долг,яндекс деньги в долг,68,64,AVERAGE,AVERAGE,zaim,zaim:AdditionalQueries,review-needed,,,,low,,Неочевидная релевантность к займам.
статья 807 гк рф,статья 807 гк рф,статья 807 гк рф,67,77,HIGH,HIGH,zaim,zaim:AdditionalQueries,review-needed,,,,low,,Неочевидная релевантность к займам.
кредит онлайн на карту через госуслуги,кредит онлайн на карту через госуслуги,кредит онлайн на карту через госуслуги,64,70,AVERAGE,AVERAGE,zaim,zaim:AdditionalQueries,review-needed,,,,low,"online;onCard;gosuslugi",Неочевидная релевантность к займам.
бустоа,бустоа,бустоа,63,125,AVERAGE,AVERAGE,zaim,zaim:AdditionalQueries,review-needed,,,,low,,Неочевидная релевантность к займам.
срочно нужны деньги без отказа,срочно нужны деньги без отказа,срочно нужны деньги без отказа,60,74,AVERAGE,AVERAGE,microcredit,microcredit:AdditionalQueries,review-needed,,,,low,"noRefusal;instant",Неочевидная релевантность к займам.
аденьни личный кабинет,аденьни личный кабинет,аденьни личный кабинет,60,73,AVERAGE,AVERAGE,microzaim,microzaim:AdditionalQueries,review-needed,,,,low,,Неочевидная релевантность к займам.
eqzaim личный,eqzaim личный,eqzaim личный,59,215,LOW,LOW,zaim,zaim:AdditionalQueries,review-needed,,,,low,,Неочевидная релевантность к займам.
деньги онлайн без отказа,деньги онлайн без отказа,деньги онлайн без отказа,58,84,AVERAGE,AVERAGE,zaim,zaim:AdditionalQueries,review-needed,,,,low,"online;noRefusal",Неочевидная релевантность к займам.
кредит на бизнес ооо,кредит на бизнес ооо,кредит на бизнес ооо,58,67,HIGH,HIGH,zaim,zaim:AdditionalQueries,review-needed,,,,low,,Неочевидная релевантность к займам.
деньги по паспорту на карту,деньги по паспорту на карту,деньги по паспорту на карту,57,111,AVERAGE,AVERAGE,zaim,zaim:AdditionalQueries,review-needed,,,,low,"onCard;noDocs;passport",Неочевидная релевантность к займам.
где взять денег онлайн на карту,где взять денег онлайн на карту,где взять денег онлайн на карту,56,75,AVERAGE,AVERAGE,microcredit,microcredit:AdditionalQueries,review-needed,,,,low,"online;onCard",Неочевидная релевантность к займам.
турбомания кредит,турбомания кредит,турбомания кредит,55,78,LOW,LOW,microcredit,microcredit:AdditionalQueries,review-needed,,,,low,,Неочевидная релевантность к займам.
monega,monega,monega,55,64,LOW,LOW,zaim,zaim:AdditionalQueries,review-needed,,,,low,,Неочевидная релевантность к займам.
smartcash ru личный кабинет войти,smartcash ru личный кабинет войти,smartcash ru личный кабинет войти,55,46,AVERAGE,AVERAGE,zaim,zaim:AdditionalQueries,review-needed,,,,low,,Неочевидная релевантность к займам.
zaim express ru личный кабинет,zaim express ru личный кабинет,zaim express ru личный кабинет,54,44,LOW,LOW,zaim,zaim:AdditionalQueries,review-needed,,,,low,,Неочевидная релевантность к займам.
до за,до за,до за,53,124,AVERAGE,AVERAGE,zaim,zaim:AdditionalQueries,review-needed,,,,low,,Неочевидная релевантность к займам.
кредитсевен ру личный кабинет,кредитсевен ру личный кабинет,кредитсевен ру личный кабинет,53,74,HIGH,HIGH,zaim,zaim:AdditionalQueries,review-needed,,,,low,,Неочевидная релевантность к займам.
ааа деньги личный кабинет,ааа деньги личный кабинет,ааа деньги личный кабинет,53,58,AVERAGE,AVERAGE,zaim,zaim:AdditionalQueries,review-needed,,,,low,,Неочевидная релевантность к займам.
otlnal ru личный кабинет вход,otlnal ru личный кабинет вход,otlnal ru личный кабинет вход,53,44,AVERAGE,AVERAGE,zaim,zaim:AdditionalQueries,review-needed,,,,low,,Неочевидная релевантность к займам.
адкньги,адкньги,адкньги,51,92,LOW,LOW,zaim,zaim:AdditionalQueries,review-needed,,,,low,,Неочевидная релевантность к займам.
где можно взять кредит через госуслуги,где можно взять кредит через госуслуги,где можно взять кредит через госуслуги,51,79,HIGH,HIGH,microcredit,microcredit:AdditionalQueries,review-needed,,,,low,gosuslugi,Неочевидная релевантность к займам.
менимен личный кабинет войти,менимен личный кабинет войти,менимен личный кабинет войти,51,69,HIGH,HIGH,zaim,zaim:AdditionalQueries,review-needed,,,,low,,Неочевидная релевантность к займам.
касширо,касширо,касширо,50,53,LOW,LOW,zaim,zaim:AdditionalQueries,review-needed,,,,low,,Неочевидная релевантность к займам.
фредом кредит,фредом кредит,фредом кредит,49,78,LOW,LOW,microcredit,microcredit:AdditionalQueries,review-needed,,,,low,,Неочевидная релевантность к займам.
svoiludi,svoiludi,svoiludi,48,60,AVERAGE,AVERAGE,zaim,zaim:AdditionalQueries,review-needed,,,,low,,Неочевидная релевантность к займам.
где можно взять деньги под материнский капитал,где можно взять деньги под материнский капитал,где можно взять деньги под материнский капитал,47,51,HIGH,HIGH,zaim,zaim:AdditionalQueries,review-needed,,,,low,,Неочевидная релевантность к займам.
деньги клик кз,деньги клик кз,деньги клик кз,46,61,LOW,LOW,microcredit,microcredit:AdditionalQueries,review-needed,,,,low,,Неочевидная релевантность к займам.
денгиклик,денгиклик,денгиклик,45,67,LOW,LOW,microcredit,microcredit:AdditionalQueries,review-needed,,,,low,,Неочевидная релевантность к займам.
да зарплаты,да зарплаты,да зарплаты,45,60,AVERAGE,AVERAGE,zaim,zaim:AdditionalQueries,review-needed,,,,low,,Неочевидная релевантность к займам.
dengi srazy,dengi srazy,dengi srazy,45,58,AVERAGE,AVERAGE,zaim,zaim:AdditionalQueries,review-needed,,,,low,,Неочевидная релевантность к займам.
взять деньги без процентов на карту онлайн,взять деньги без процентов на карту онлайн,взять деньги без процентов на карту онлайн,45,52,AVERAGE,AVERAGE,zaim,zaim:AdditionalQueries,review-needed,,,,low,"online;onCard;noInterest",Неочевидная релевантность к займам.
где можно взять деньги в долг срочно на карту с плохой кредитной историей,где можно взять деньги в долг срочно на карту с плохой кредитной историей,где можно взять деньги в долг срочно на карту с плохой кредитной историей,44,47,HIGH,HIGH,microcredit,microcredit:AdditionalQueries,review-needed,,,,low,"onCard;badCredit;instant",Неочевидная релевантность к займам.
каширо личный кабинет войти,каширо личный кабинет войти,каширо личный кабинет войти,43,56,AVERAGE,AVERAGE,zaim,zaim:AdditionalQueries,review-needed,,,,low,,Неочевидная релевантность к займам.
скб финансы,скб финансы,скб финансы,43,44,HIGH,HIGH,zaim,zaim:AdditionalQueries,review-needed,,,,low,,Неочевидная релевантность к займам.
до зарпла,до зарпла,до зарпла,43,38,AVERAGE,AVERAGE,zaim,zaim:AdditionalQueries,review-needed,,,,low,,Неочевидная релевантность к займам.
занять деньги на карту срочно без отказа с плохой кредитной историей и просрочками,занять деньги на карту срочно без отказа с плохой кредитной историей и просрочками,занять деньги на карту срочно без отказа с плохой кредитной историей и просрочками,42,28,HIGH,HIGH,zaim,zaim:AdditionalQueries,review-needed,,,,low,"onCard;noRefusal;badCredit;instant",Неочевидная релевантность к займам.
екаркста,екаркста,екаркста,40,70,HIGH,HIGH,zaim,zaim:AdditionalQueries,review-needed,,,,low,,Неочевидная релевантность к займам.
do zarplata личный,do zarplata личный,do zarplata личный,39,88,AVERAGE,AVERAGE,zaim,zaim:AdditionalQueries,review-needed,,,,low,,Неочевидная релевантность к займам.
юмани кредит,юмани кредит,юмани кредит,39,55,HIGH,HIGH,zaim,zaim:AdditionalQueries,review-needed,,,,low,wallet,Неочевидная релевантность к займам.
кредит на долгий срок на карту,кредит на долгий срок на карту,кредит на долгий срок на карту,39,36,HIGH,HIGH,microcredit,microcredit:AdditionalQueries,review-needed,,,,low,onCard,Неочевидная релевантность к займам.
деньги на дос,деньги на дос,деньги на дос,38,52,HIGH,HIGH,zaim,zaim:AdditionalQueries,review-needed,,,,low,,Неочевидная релевантность к займам.
boostrs,boostrs,boostrs,38,47,LOW,LOW,zaim,zaim:AdditionalQueries,review-needed,,,,low,,Неочевидная релевантность к займам.
доброщайм,доброщайм,доброщайм,36,153,AVERAGE,AVERAGE,microzaim,microzaim:AdditionalQueries,review-needed,,,,low,,Неочевидная релевантность к займам.
cashiro личный кабинет,cashiro личный кабинет,cashiro личный кабинет,36,57,AVERAGE,AVERAGE,zaim,zaim:AdditionalQueries,review-needed,,,,low,,Неочевидная релевантность к займам.
грани мани,грани мани,грани мани,36,55,AVERAGE,AVERAGE,zaim,zaim:AdditionalQueries,review-needed,,,,low,,Неочевидная релевантность к займам.
ооо небус личный кабинет,ооо небус личный кабинет,ооо небус личный кабинет,36,38,AVERAGE,AVERAGE,zaim,zaim:AdditionalQueries,review-needed,,,,low,,Неочевидная релевантность к займам.
drugzaim,drugzaim,drugzaim,35,42,LOW,LOW,zaim,zaim:AdditionalQueries,review-needed,,,,low,,Неочевидная релевантность к займам.
кэш ту б личный кабинет,кэш ту б личный кабинет,кэш ту б личный кабинет,34,48,AVERAGE,AVERAGE,zaim,zaim:AdditionalQueries,review-needed,,,,low,,Неочевидная релевантность к займам.
быстроденьги вход в личный,быстроденьги вход в личный,быстроденьги вход в личный,34,41,HIGH,HIGH,zaim,zaim:AdditionalQueries,review-needed,,,,low,instant,Неочевидная релевантность к займам.
личный кабинет финтерс,личный кабинет финтерс,личный кабинет финтерс,34,35,AVERAGE,AVERAGE,zaim,zaim:AdditionalQueries,review-needed,,,,low,,Неочевидная релевантность к займам.
altyn koin,altyn koin,altyn koin,33,40,LOW,LOW,microcredit,microcredit:AdditionalQueries,review-needed,,,,low,,Неочевидная релевантность к займам.
аденьга личный кабинет,аденьга личный кабинет,аденьга личный кабинет,33,34,AVERAGE,AVERAGE,microzaim,microzaim:AdditionalQueries,review-needed,,,,low,,Неочевидная релевантность к займам.
boom zaim,boom zaim,boom zaim,33,33,LOW,LOW,zaim,zaim:AdditionalQueries,review-needed,,,,low,,Неочевидная релевантность к займам.
быстро деньги на карту без отказа онлайн,быстро деньги на карту без отказа онлайн,быстро деньги на карту без отказа онлайн,32,60,HIGH,HIGH,zaim,zaim:AdditionalQueries,review-needed,,,,low,"online;onCard;noRefusal;instant",Неочевидная релевантность к займам.
можно ли взять кредит на госуслугах,можно ли взять кредит на госуслугах,можно ли взять кредит на госуслугах,32,55,HIGH,HIGH,microcredit,microcredit:AdditionalQueries,review-needed,,,,low,gosuslugi,Неочевидная релевантность к займам.
zaymexpress,zaymexpress,zaymexpress,32,36,AVERAGE,AVERAGE,zaim,zaim:AdditionalQueries,review-needed,,,,low,,Неочевидная релевантность к займам.
finters личный кабинет войти,finters личный кабинет войти,finters личный кабинет войти,32,32,AVERAGE,AVERAGE,zaim,zaim:AdditionalQueries,review-needed,,,,low,,Неочевидная релевантность к займам.
boostro,boostro,boostro,31,52,AVERAGE,AVERAGE,zaim,zaim:AdditionalQueries,review-needed,,,,low,,Неочевидная релевантность к займам.
григ мани,григ мани,григ мани,31,38,AVERAGE,AVERAGE,zaim,zaim:AdditionalQueries,review-needed,,,,low,,Неочевидная релевантность к займам.
хурма кредит номер,хурма кредит номер,хурма кредит номер,30,53,AVERAGE,AVERAGE,zaim,zaim:AdditionalQueries,review-needed,,,,low,,Неочевидная релевантность к займам.
ecozaim личный кабинет,ecozaim личный кабинет,ecozaim личный кабинет,30,32,LOW,LOW,zaim,zaim:AdditionalQueries,review-needed,,,,low,,Неочевидная релевантность к займам.
денежная крепость личный,денежная крепость личный,денежная крепость личный,30,29,LOW,LOW,zaim,zaim:AdditionalQueries,review-needed,,,,low,,Неочевидная релевантность к займам.
эд рф личный кабинет,эд рф личный кабинет,эд рф личный кабинет,30,26,AVERAGE,AVERAGE,zaim,zaim:AdditionalQueries,review-needed,,,,low,,Неочевидная релевантность к займам.
yfljltytu,yfljltytu,yfljltytu,29,32,HIGH,HIGH,zaim,zaim:AdditionalQueries,review-needed,,,,low,,Неочевидная релевантность к займам.
бастай,бастай,бастай,28,52,HIGH,HIGH,microcredit,microcredit:AdditionalQueries,review-needed,,,,low,,Неочевидная релевантность к займам.
финтресс,финтресс,финтресс,28,35,AVERAGE,AVERAGE,zaim,zaim:AdditionalQueries,review-needed,,,,low,,Неочевидная релевантность к займам.
солва кз кредит онлайн,солва кз кредит онлайн,солва кз кредит онлайн,28,33,LOW,LOW,microcredit,microcredit:AdditionalQueries,review-needed,,,,low,online,Неочевидная релевантность к займам.
zaim экспресс,zaim экспресс,zaim экспресс,28,23,HIGH,HIGH,zaim,zaim:AdditionalQueries,review-needed,,,,low,instant,Неочевидная релевантность к займам.
денбга,денбга,денбга,27,47,HIGH,HIGH,zaim,zaim:AdditionalQueries,review-needed,,,,low,,Неочевидная релевантность к займам.
zaimzaim,zaimzaim,zaimzaim,27,41,LOW,LOW,zaim,zaim:AdditionalQueries,review-needed,,,,low,,Неочевидная релевантность к займам.
быстрые кредиты онлайн,быстрые кредиты онлайн,быстрые кредиты онлайн,27,40,HIGH,HIGH,zaim,zaim:AdditionalQueries,review-needed,,,,low,"online;instant",Неочевидная релевантность к займам.
экофинанс личный,экофинанс личный,экофинанс личный,27,34,AVERAGE,AVERAGE,microzaim,microzaim:AdditionalQueries,review-needed,,,,low,,Неочевидная релевантность к займам.
доброзацм,доброзацм,доброзацм,26,101,AVERAGE,AVERAGE,zaim,zaim:AdditionalQueries,review-needed,,,,low,,Неочевидная релевантность к займам.
мани мее,мани мее,мани мее,26,53,AVERAGE,AVERAGE,microcredit,microcredit:AdditionalQueries,review-needed,,,,low,,Неочевидная релевантность к займам.
sms finans,sms finans,sms finans,26,51,HIGH,HIGH,zaim,zaim:AdditionalQueries,review-needed,,,,low,,Неочевидная релевантность к займам.
джойсани,джойсани,джойсани,25,55,HIGH,HIGH,zaim,zaim:AdditionalQueries,review-needed,,,,low,,Неочевидная релевантность к займам.
hava kz личный кабинет,hava kz личный кабинет,hava kz личный кабинет,25,29,LOW,LOW,microcredit,microcredit:AdditionalQueries,review-needed,,,,low,,Неочевидная релевантность к займам.
экспресденьги,экспресденьги,экспресденьги,25,28,AVERAGE,AVERAGE,zaim,zaim:AdditionalQueries,review-needed,,,,low,,Неочевидная релевантность к займам.
altynkoin,altynkoin,altynkoin,25,28,LOW,LOW,microcredit,microcredit:AdditionalQueries,review-needed,,,,low,,Неочевидная релевантность к займам.
mikrokreditbank kredit olish,mikrokreditbank kredit olish,mikrokreditbank kredit olish,25,26,AVERAGE,AVERAGE,microcredit,microcredit:AdditionalQueries,review-needed,,,,low,,Неочевидная релевантность к займам.
sky zaim личный кабинет,sky zaim личный кабинет,sky zaim личный кабинет,25,25,LOW,LOW,zaim,zaim:AdditionalQueries,review-needed,,,,low,,Неочевидная релевантность к займам.
кредит онлайн через госуслуги на карту,кредит онлайн через госуслуги на карту,кредит онлайн через госуслуги на карту,25,22,AVERAGE,AVERAGE,zaim,zaim:AdditionalQueries,review-needed,,,,low,"online;onCard;gosuslugi",Неочевидная релевантность к займам.
robo zaimer,robo zaimer,robo zaimer,24,253,AVERAGE,AVERAGE,microcredit,microcredit:AdditionalQueries,review-needed,,,,low,,Неочевидная релевантность к займам.
доброзвйм,доброзвйм,доброзвйм,24,65,AVERAGE,AVERAGE,zaim,zaim:AdditionalQueries,review-needed,,,,low,,Неочевидная релевантность к займам.
получить на карту деньги,получить на карту деньги,получить на карту деньги,24,39,HIGH,HIGH,microzaim,microzaim:AdditionalQueries,review-needed,,,,low,onCard,Неочевидная релевантность к займам.
turbomoney kz,turbomoney kz,turbomoney kz,24,34,LOW,LOW,microcredit,microcredit:AdditionalQueries,review-needed,,,,low,,Неочевидная релевантность к займам.
vse zaim,vse zaim,vse zaim,24,26,LOW,LOW,microcredit,microcredit:AdditionalQueries,review-needed,,,,low,,Неочевидная релевантность к займам.
честное слова,честное слова,честное слова,24,25,LOW,LOW,microzaim,microzaim:AdditionalQueries,review-needed,,,,low,,Неочевидная релевантность к займам.
bistro dengi,bistro dengi,bistro dengi,23,43,HIGH,HIGH,zaim,zaim:AdditionalQueries,review-needed,,,,low,,Неочевидная релевантность к займам.
моне ма,моне ма,моне ма,23,39,AVERAGE,AVERAGE,zaim,zaim:AdditionalQueries,review-needed,,,,low,,Неочевидная релевантность к займам.
деньги ок почта,деньги ок почта,деньги ок почта,23,27,AVERAGE,AVERAGE,zaim,zaim:AdditionalQueries,review-needed,,,,low,,Неочевидная релевантность к займам.
допулучкино,допулучкино,допулучкино,23,26,AVERAGE,AVERAGE,zaim,zaim:AdditionalQueries,review-needed,,,,low,,Неочевидная релевантность к займам.
деньги с плохой кредитной историей и просрочками срочно на карту без отказа,деньги с плохой кредитной историей и просрочками срочно на карту без отказа,деньги с плохой кредитной историей и просрочками срочно на карту без отказа,23,23,AVERAGE,AVERAGE,zaim,zaim:AdditionalQueries,review-needed,,,,low,"onCard;noRefusal;badCredit;instant",Неочевидная релевантность к займам.
гк целевые финансы личный кабинет,гк целевые финансы личный кабинет,гк целевые финансы личный кабинет,23,20,AVERAGE,AVERAGE,zaim,zaim:AdditionalQueries,review-needed,,,,low,,Неочевидная релевантность к займам.
кредит фридом,кредит фридом,кредит фридом,22,26,AVERAGE,AVERAGE,microcredit,microcredit:AdditionalQueries,review-needed,,,,low,,Неочевидная релевантность к займам.
мега деньги соль минор,мега деньги соль минор,мега деньги соль минор,22,23,LOW,LOW,zaim,zaim:AdditionalQueries,review-needed,,,,low,,Неочевидная релевантность к займам.
срочно денег,срочно денег,срочно денег,21,77,HIGH,HIGH,zaim,zaim:AdditionalQueries,review-needed,,,,low,instant,Неочевидная релевантность к займам.
деньги без отказа с плохой кредитной историей и просрочками,деньги без отказа с плохой кредитной историей и просрочками,деньги без отказа с плохой кредитной историей и просрочками,21,29,HIGH,HIGH,zaim,zaim:AdditionalQueries,review-needed,,,,low,"noRefusal;badCredit;instant",Неочевидная релевантность к займам.
втвус,втвус,втвус,21,28,HIGH,HIGH,zaim,zaim:AdditionalQueries,review-needed,,,,low,,Неочевидная релевантность к займам.
турбомани кз,турбомани кз,турбомани кз,21,28,AVERAGE,AVERAGE,microcredit,microcredit:AdditionalQueries,review-needed,,,,low,,Неочевидная релевантность к займам.
вход в личный кабинет небус,вход в личный кабинет небус,вход в личный кабинет небус,21,27,AVERAGE,AVERAGE,zaim,zaim:AdditionalQueries,review-needed,,,,low,,Неочевидная релевантность к займам.
лайк 67,лайк 67,лайк 67,21,21,LOW,LOW,zaim,zaim:AdditionalQueries,review-needed,,,,low,,Неочевидная релевантность к займам.
zaim ru,zaim ru,zaim ru,20,49,AVERAGE,AVERAGE,zaim,zaim:AdditionalQueries,review-needed,,,,low,,Неочевидная релевантность к займам.
е капуста сайт,е капуста сайт,е капуста сайт,20,38,AVERAGE,AVERAGE,zaim,zaim:AdditionalQueries,review-needed,,,,low,,Неочевидная релевантность к займам.
кредит на кошелек киви,кредит на кошелек киви,кредит на кошелек киви,20,34,AVERAGE,AVERAGE,zaim,zaim:AdditionalQueries,review-needed,,,,low,wallet,Неочевидная релевантность к займам.
moneza лк,moneza лк,moneza лк,20,25,AVERAGE,AVERAGE,zaim,zaim:AdditionalQueries,review-needed,,,,low,,Неочевидная релевантность к займам.
экспрессденьги рф,экспрессденьги рф,экспрессденьги рф,20,22,AVERAGE,AVERAGE,zaim,zaim:AdditionalQueries,review-needed,,,,low,instant,Неочевидная релевантность к займам.
кредит мобайл,кредит мобайл,кредит мобайл,20,20,AVERAGE,AVERAGE,zaim,zaim:AdditionalQueries,review-needed,,,,low,,Неочевидная релевантность к займам.
ооо пко рсв официальный сайт,ооо пко рсв официальный сайт,ооо пко рсв официальный сайт,20,17,AVERAGE,AVERAGE,microcredit,microcredit:AdditionalQueries,review-needed,,,,low,,Неочевидная релевантность к займам.
zaim онлайн на карту,zaim онлайн на карту,zaim онлайн на карту,19,42,LOW,LOW,microcredit,microcredit:AdditionalQueries,review-needed,,,,low,"online;onCard",Неочевидная релевантность к займам.
фридум кредит,фридум кредит,фридум кредит,19,31,AVERAGE,AVERAGE,microcredit,microcredit:AdditionalQueries,review-needed,,,,low,,Неочевидная релевантность к займам.
быстро деньги личный кабинет вход по номеру,быстро деньги личный кабинет вход по номеру,быстро деньги личный кабинет вход по номеру,19,28,HIGH,HIGH,zaim,zaim:AdditionalQueries,review-needed,,,,low,instant,Неочевидная релевантность к займам.
взять кредит без паспорта на карту онлайн,взять кредит без паспорта на карту онлайн,взять кредит без паспорта на карту онлайн,19,26,AVERAGE,AVERAGE,microzaim,microzaim:AdditionalQueries,review-needed,,,,low,"online;onCard;noDocs;passport;noPassport",Неочевидная релевантность к займам.
мани мейн,мани мейн,мани мейн,19,25,AVERAGE,AVERAGE,microcredit,microcredit:AdditionalQueries,review-needed,,,,low,,Неочевидная релевантность к займам.
мега деньги официальный сайт,мега деньги официальный сайт,мега деньги официальный сайт,19,21,AVERAGE,AVERAGE,zaim,zaim:AdditionalQueries,review-needed,,,,low,,Неочевидная релевантность к займам.
солва кредит онлайн заявка,солва кредит онлайн заявка,солва кредит онлайн заявка,19,18,LOW,LOW,microcredit,microcredit:AdditionalQueries,review-needed,,,,low,online,Неочевидная релевантность к займам.
ljpfhgkfns,ljpfhgkfns,ljpfhgkfns,18,29,AVERAGE,AVERAGE,microzaim,microzaim:AdditionalQueries,review-needed,,,,low,,Неочевидная релевантность к займам.
кредит ер,кредит ер,кредит ер,18,21,AVERAGE,AVERAGE,zaim,zaim:AdditionalQueries,review-needed,,,,low,,Неочевидная релевантность к займам.
моментальный кредит онлайн на карту без отказа,моментальный кредит онлайн на карту без отказа,моментальный кредит онлайн на карту без отказа,18,21,HIGH,HIGH,zaim,zaim:AdditionalQueries,review-needed,,,,low,"online;onCard;noRefusal;instant",Неочевидная релевантность к займам.
сб финансы,сб финансы,сб финансы,18,19,AVERAGE,AVERAGE,zaim,zaim:AdditionalQueries,review-needed,,,,low,,Неочевидная релевантность к займам.
взять кредит яндекс,взять кредит яндекс,взять кредит яндекс,17,27,HIGH,HIGH,zaim,zaim:AdditionalQueries,review-needed,,,,low,,Неочевидная релевантность к займам.
финтерз личный кабинет,финтерз личный кабинет,финтерз личный кабинет,17,22,AVERAGE,AVERAGE,zaim,zaim:AdditionalQueries,review-needed,,,,low,,Неочевидная релевантность к займам.
как взять кредит быстрые деньги,как взять кредит быстрые деньги,как взять кредит быстрые деньги,17,19,HIGH,HIGH,microcredit,microcredit:AdditionalQueries,review-needed,,,,low,instant,Неочевидная релевантность к займам.
zaem express,zaem express,zaem express,17,18,AVERAGE,AVERAGE,zaim,zaim:AdditionalQueries,review-needed,,,,low,,Неочевидная релевантность к займам.
кашира личный кабинет,кашира личный кабинет,кашира личный кабинет,17,16,AVERAGE,AVERAGE,zaim,zaim:AdditionalQueries,review-needed,,,,low,,Неочевидная релевантность к займам.
freedom finance credit,freedom finance credit,freedom finance credit,17,16,LOW,LOW,microcredit,microcredit:AdditionalQueries,review-needed,,,,low,,Неочевидная релевантность к займам.
тенгода,тенгода,тенгода,16,19,LOW,LOW,microcredit,microcredit:AdditionalQueries,review-needed,,,,low,,Неочевидная релевантность к займам.
гк 807,гк 807,гк 807,16,18,HIGH,HIGH,zaim,zaim:AdditionalQueries,review-needed,,,,low,,Неочевидная релевантность к займам.
дополучкина,дополучкина,дополучкина,16,18,AVERAGE,AVERAGE,microzaim,microzaim:AdditionalQueries,review-needed,,,,low,,Неочевидная релевантность к займам.
вход в аденьги,вход в аденьги,вход в аденьги,16,17,AVERAGE,AVERAGE,zaim,zaim:AdditionalQueries,review-needed,,,,low,,Неочевидная релевантность к займам.
деньги на карту быстро без отказа,деньги на карту быстро без отказа,деньги на карту быстро без отказа,16,17,HIGH,HIGH,zaim,zaim:AdditionalQueries,review-needed,,,,low,"onCard;noRefusal;instant",Неочевидная релевантность к займам.
а деньги сразу личный кабинет,а деньги сразу личный кабинет,а деньги сразу личный кабинет,16,16,AVERAGE,AVERAGE,zaim,zaim:AdditionalQueries,review-needed,,,,low,,Неочевидная релевантность к займам.
кредит под материнский капитал наличными,кредит под материнский капитал наличными,кредит под материнский капитал наличными,16,8,HIGH,HIGH,zaim,zaim:AdditionalQueries,review-needed,,,,low,cash,Неочевидная релевантность к займам.
kviku ru,kviku ru,kviku ru,15,54,AVERAGE,AVERAGE,zaim,zaim:AdditionalQueries,review-needed,,,,low,,Неочевидная релевантность к займам.
кредит 366,кредит 366,кредит 366,15,31,AVERAGE,AVERAGE,microcredit,microcredit:AdditionalQueries,review-needed,,,,low,,Неочевидная релевантность к займам.
кредитнр,кредитнр,кредитнр,15,20,HIGH,HIGH,zaim,zaim:AdditionalQueries,review-needed,,,,low,,Неочевидная релевантность к займам.
деньги ok,деньги ok,деньги ok,15,17,AVERAGE,AVERAGE,zaim,zaim:AdditionalQueries,review-needed,,,,low,,Неочевидная релевантность к займам.
кредит онлайн с плохой историей без отказа,кредит онлайн с плохой историей без отказа,кредит онлайн с плохой историей без отказа,15,16,AVERAGE,AVERAGE,zaim,zaim:AdditionalQueries,review-needed,,,,low,"online;noRefusal;badCredit",Неочевидная релевантность к займам.
кредит на карту онлайн без отказа срочно,кредит на карту онлайн без отказа срочно,кредит на карту онлайн без отказа срочно,15,13,AVERAGE,AVERAGE,zaim,zaim:AdditionalQueries,review-needed,,,,low,"online;onCard;noRefusal;instant",Неочевидная релевантность к займам.
кредит экофинанс,кредит экофинанс,кредит экофинанс,15,12,AVERAGE,AVERAGE,microzaim,microzaim:AdditionalQueries,review-needed,,,,low,,Неочевидная релевантность к займам.
быстро дкньги,быстро дкньги,быстро дкньги,14,33,HIGH,HIGH,microzaim,microzaim:AdditionalQueries,review-needed,,,,low,instant,Неочевидная релевантность к займам.
denga ru,denga ru,denga ru,14,23,AVERAGE,AVERAGE,zaim,zaim:AdditionalQueries,review-needed,,,,low,,Неочевидная релевантность к займам.
дозаплати,дозаплати,дозаплати,14,19,AVERAGE,AVERAGE,zaim,zaim:AdditionalQueries,review-needed,,,,low,,Неочевидная релевантность к займам.
fintets,fintets,fintets,14,19,AVERAGE,AVERAGE,zaim,zaim:AdditionalQueries,review-needed,,,,low,,Неочевидная релевантность к займам.
кредит фридом банк,кредит фридом банк,кредит фридом банк,14,17,AVERAGE,AVERAGE,microcredit,microcredit:AdditionalQueries,review-needed,,,,low,,Неочевидная релевантность к займам.
а деньги взять кредит,а деньги взять кредит,а деньги взять кредит,14,15,LOW,LOW,zaim,zaim:AdditionalQueries,review-needed,,,,low,,Неочевидная релевантность к займам.
э капуста личный кабинет,э капуста личный кабинет,э капуста личный кабинет,14,14,AVERAGE,AVERAGE,zaim,zaim:AdditionalQueries,review-needed,,,,low,,Неочевидная релевантность к займам.
вход в личный кабинет быстро деньги войти по номеру,вход в личный кабинет быстро деньги войти по номеру,вход в личный кабинет быстро деньги войти по номеру,14,11,AVERAGE,AVERAGE,zaim,zaim:AdditionalQueries,review-needed,,,,low,instant,Неочевидная релевантность к займам.
е капцста,е капцста,е капцста,13,22,AVERAGE,AVERAGE,zaim,zaim:AdditionalQueries,review-needed,,,,low,,Неочевидная релевантность к займам.
бостра вход,бостра вход,бостра вход,13,21,AVERAGE,AVERAGE,zaim,zaim:AdditionalQueries,review-needed,,,,low,,Неочевидная релевантность к займам.
да давака,да давака,да давака,13,19,AVERAGE,AVERAGE,zaim,zaim:AdditionalQueries,review-needed,,,,low,,Неочевидная релевантность к займам.
кешь тую,кешь тую,кешь тую,13,18,AVERAGE,AVERAGE,zaim,zaim:AdditionalQueries,review-needed,,,,low,,Неочевидная релевантность к займам.
сросноденьги,сросноденьги,сросноденьги,13,18,HIGH,HIGH,zaim,zaim:AdditionalQueries,review-needed,,,,low,,Неочевидная релевантность к займам.
hava finance,hava finance,hava finance,13,16,AVERAGE,AVERAGE,microcredit,microcredit:AdditionalQueries,review-needed,,,,low,,Неочевидная релевантность к займам.
хава кредит,хава кредит,хава кредит,13,15,LOW,LOW,microcredit,microcredit:AdditionalQueries,review-needed,,,,low,,Неочевидная релевантность к займам.
капталина,капталина,капталина,12,13,LOW,LOW,zaim,zaim:AdditionalQueries,review-needed,,,,low,,Неочевидная релевантность к займам.
срочно деньги без отказа на карту,срочно деньги без отказа на карту,срочно деньги без отказа на карту,12,12,AVERAGE,AVERAGE,microcredit,microcredit:AdditionalQueries,review-needed,,,,low,"onCard;noRefusal;instant",Неочевидная релевантность к займам.
timezaim kz,timezaim kz,timezaim kz,12,12,AVERAGE,AVERAGE,zaim,zaim:AdditionalQueries,review-needed,,,,low,,Неочевидная релевантность к займам.
солво кредит отправить заявку на кредит,солво кредит отправить заявку на кредит,солво кредит отправить заявку на кредит,12,7,HIGH,HIGH,microcredit,microcredit:AdditionalQueries,review-needed,,,,low,,Неочевидная релевантность к займам.
тенгеда личный кабинет,тенгеда личный кабинет,тенгеда личный кабинет,11,27,LOW,LOW,microcredit,microcredit:AdditionalQueries,review-needed,,,,low,,Неочевидная релевантность к займам.
коедитплюс,коедитплюс,коедитплюс,11,25,HIGH,HIGH,microcredit,microcredit:AdditionalQueries,review-needed,,,,low,,Неочевидная релевантность к займам.
взять кредит на левый паспорт,взять кредит на левый паспорт,взять кредит на левый паспорт,11,20,HIGH,HIGH,microcredit,microcredit:AdditionalQueries,review-needed,,,,low,"noDocs;passport",Неочевидная релевантность к займам.
freedom zaim,freedom zaim,freedom zaim,11,16,LOW,LOW,microcredit,microcredit:AdditionalQueries,review-needed,,,,low,,Неочевидная релевантность к займам.
гк рф 807,гк рф 807,гк рф 807,11,12,HIGH,HIGH,zaim,zaim:AdditionalQueries,review-needed,,,,low,,Неочевидная релевантность к займам.
целфинанс,целфинанс,целфинанс,11,12,LOW,LOW,zaim,zaim:AdditionalQueries,review-needed,,,,low,,Неочевидная релевантность к займам.
konga zaim,konga zaim,konga zaim,11,12,AVERAGE,AVERAGE,zaim,zaim:AdditionalQueries,review-needed,,,,low,,Неочевидная релевантность к займам.
вувис личный кабинет,вувис личный кабинет,вувис личный кабинет,11,10,HIGH,HIGH,zaim,zaim:AdditionalQueries,review-needed,,,,low,,Неочевидная релевантность к займам.
скачать скб финанс приложение,скачать скб финанс приложение,скачать скб финанс приложение,11,6,AVERAGE,AVERAGE,zaim,zaim:AdditionalQueries,review-needed,,,,low,,Неочевидная релевантность к займам.
взять кредит на озон банке онлайн заявка,взять кредит на озон банке онлайн заявка,взять кредит на озон банке онлайн заявка,10,44,HIGH,HIGH,zaim,zaim:AdditionalQueries,review-needed,,,,low,online,Неочевидная релевантность к займам.
быстроден,быстроден,быстроден,10,19,HIGH,HIGH,zaim,zaim:AdditionalQueries,review-needed,,,,low,instant,Неочевидная релевантность к займам.
ванкликиани,ванкликиани,ванкликиани,10,15,LOW,LOW,zaim,zaim:AdditionalQueries,review-needed,,,,low,,Неочевидная релевантность к займам.
корона кредит взять на карту,корона кредит взять на карту,корона кредит взять на карту,10,13,AVERAGE,AVERAGE,zaim,zaim:AdditionalQueries,review-needed,,,,low,onCard,Неочевидная релевантность к займам.
one credit личный кабинет войти,one credit личный кабинет войти,one credit личный кабинет войти,10,13,LOW,LOW,microcredit,microcredit:AdditionalQueries,review-needed,,,,low,,Неочевидная релевантность к займам.
озон банк оформить кредит,озон банк оформить кредит,озон банк оформить кредит,10,12,HIGH,HIGH,zaim,zaim:AdditionalQueries,review-needed,,,,low,,Неочевидная релевантность к займам.
хава кз личный кабинет,хава кз личный кабинет,хава кз личный кабинет,10,12,LOW,LOW,microcredit,microcredit:AdditionalQueries,review-needed,,,,low,,Неочевидная релевантность к займам.
tezbol личный кабинет,tezbol личный кабинет,tezbol личный кабинет,10,11,AVERAGE,AVERAGE,microcredit,microcredit:AdditionalQueries,review-needed,,,,low,,Неочевидная релевантность к займам.
где срочно взять деньги без отказа без проверки мгновенно рсб,где срочно взять деньги без отказа без проверки мгновенно рсб,где срочно взять деньги без отказа без проверки мгновенно рсб,10,10,LOW,LOW,zaim,zaim:AdditionalQueries,review-needed,,,,low,"noRefusal;instant;noChecks",Неочевидная релевантность к займам.
буни мани личный кабинет,буни мани личный кабинет,буни мани личный кабинет,10,9,AVERAGE,AVERAGE,zaim,zaim:AdditionalQueries,review-needed,,,,low,,Неочевидная релевантность к займам.
креди 7 личный кабинет,креди 7 личный кабинет,креди 7 личный кабинет,10,9,AVERAGE,AVERAGE,zaim,zaim:AdditionalQueries,review-needed,,,,low,,Неочевидная релевантность к займам.
где можно взять деньги с просрочками,где можно взять деньги с просрочками,где можно взять деньги с просрочками,10,8,HIGH,HIGH,microzaim,microzaim:AdditionalQueries,review-needed,,,,low,"badCredit;instant",Неочевидная релевантность к займам.
взять кредит с плохой кредитной историей и просрочками на карту срочно онлайн без отказа и проверок,взять кредит с плохой кредитной историей и просрочками на карту срочно онлайн без отказа и проверок,взять кредит с плохой кредитной историей и просрочками на карту срочно онлайн без отказа и проверок,10,7,HIGH,HIGH,zaim,zaim:AdditionalQueries,review-needed,,,,low,"online;onCard;noRefusal;badCredit;instant",Неочевидная релевантность к займам.
солва онлайн кредит,солва онлайн кредит,солва онлайн кредит,10,7,AVERAGE,AVERAGE,microcredit,microcredit:AdditionalQueries,review-needed,,,,low,online,Неочевидная релевантность к займам.
деньги на карту с плохой кредитной историей и просрочками без отказа,деньги на карту с плохой кредитной историей и просрочками без отказа,деньги на карту с плохой кредитной историей и просрочками без отказа,10,6,HIGH,HIGH,zaim,zaim:AdditionalQueries,review-needed,,,,low,"onCard;noRefusal;badCredit;instant",Неочевидная релевантность к займам.
срочноденьги ру,срочноденьги ру,срочноденьги ру,9,35,HIGH,HIGH,zaim,zaim:AdditionalQueries,review-needed,,,,low,instant,Неочевидная релевантность к займам.
zaymer ru вход,zaymer ru вход,zaymer ru вход,9,34,HIGH,HIGH,zaim,zaim:AdditionalQueries,review-needed,,,,low,,Неочевидная релевантность к займам.
smszaem,smszaem,smszaem,9,22,AVERAGE,AVERAGE,zaim,zaim:AdditionalQueries,review-needed,,,,low,,Неочевидная релевантность к займам.
онлайн кредит узбекистан на карту,онлайн кредит узбекистан на карту,онлайн кредит узбекистан на карту,9,19,LOW,LOW,microzaim,microzaim:AdditionalQueries,review-needed,,,,low,"online;onCard",Неочевидная релевантность к займам.
быстро дееьги,быстро дееьги,быстро дееьги,9,17,HIGH,HIGH,zaim,zaim:AdditionalQueries,review-needed,,,,low,instant,Неочевидная релевантность к займам.
кредит на карту без паспорта и номера телефона,кредит на карту без паспорта и номера телефона,кредит на карту без паспорта и номера телефона,9,16,HIGH,HIGH,microzaim,microzaim:AdditionalQueries,review-needed,,,,low,"onCard;noDocs;passport;noPassport",Неочевидная релевантность к займам.
турбозпцм,турбозпцм,турбозпцм,9,16,HIGH,HIGH,zaim,zaim:AdditionalQueries,review-needed,,,,low,,Неочевидная релевантность к займам.
целевой финанс,целевой финанс,целевой финанс,9,13,AVERAGE,AVERAGE,zaim,zaim:AdditionalQueries,review-needed,,,,low,,Неочевидная релевантность к займам.
привет сосед щайм,привет сосед щайм,привет сосед щайм,9,12,AVERAGE,AVERAGE,zaim,zaim:AdditionalQueries,review-needed,,,,low,,Неочевидная релевантность к займам.
небус сайт,небус сайт,небус сайт,9,11,AVERAGE,AVERAGE,zaim,zaim:AdditionalQueries,review-needed,,,,low,,Неочевидная релевантность к займам.
боостоа,боостоа,боостоа,9,10,LOW,LOW,zaim,zaim:AdditionalQueries,review-needed,,,,low,,Неочевидная релевантность к займам.
деньги без процентов на карту взять,деньги без процентов на карту взять,деньги без процентов на карту взять,9,9,HIGH,HIGH,microzaim,microzaim:AdditionalQueries,review-needed,,,,low,"onCard;noInterest",Неочевидная релевантность к займам.
кредит на карту без отказа без проверки мгновенно с плохой кредитной историей,кредит на карту без отказа без проверки мгновенно с плохой кредитной историей,кредит на карту без отказа без проверки мгновенно с плохой кредитной историей,9,7,HIGH,HIGH,zaim,zaim:AdditionalQueries,review-needed,,,,low,"onCard;noRefusal;badCredit;instant;noChecks",Неочевидная релевантность к займам.
оформить кредит по номеру,оформить кредит по номеру,оформить кредит по номеру,9,7,HIGH,HIGH,microzaim,microzaim:AdditionalQueries,review-needed,,,,low,,Неочевидная релевантность к займам.
доброзай,доброзай,доброзай,8,26,AVERAGE,AVERAGE,"microzaim;zaim","microzaim:AdditionalQueries;zaim:AdditionalQueries",review-needed,,,,low,,Неочевидная релевантность к займам.
bella credit,bella credit,bella credit,8,18,LOW,LOW,zaim,zaim:AdditionalQueries,review-needed,,,,low,,Неочевидная релевантность к займам.
турбо зайи,турбо зайи,турбо зайи,8,17,HIGH,HIGH,zaim,zaim:AdditionalQueries,review-needed,,,,low,,Неочевидная релевантность к займам.
якопуста,якопуста,якопуста,8,12,AVERAGE,AVERAGE,zaim,zaim:AdditionalQueries,review-needed,,,,low,,Неочевидная релевантность к займам.
mega деньги,mega деньги,mega деньги,8,12,AVERAGE,AVERAGE,zaim,zaim:AdditionalQueries,review-needed,,,,low,,Неочевидная релевантность к займам.
грин мани мани личный кабинет,грин мани мани личный кабинет,грин мани мани личный кабинет,8,11,AVERAGE,AVERAGE,zaim,zaim:AdditionalQueries,review-needed,,,,low,,Неочевидная релевантность к займам.
официальный сайт хурма кредит,официальный сайт хурма кредит,официальный сайт хурма кредит,8,10,AVERAGE,AVERAGE,zaim,zaim:AdditionalQueries,review-needed,,,,low,,Неочевидная релевантность к займам.
altin coin,altin coin,altin coin,8,10,LOW,LOW,microcredit,microcredit:AdditionalQueries,review-needed,,,,low,,Неочевидная релевантность к займам.
бостра официальный сайт,бостра официальный сайт,бостра официальный сайт,8,9,AVERAGE,AVERAGE,zaim,zaim:AdditionalQueries,review-needed,,,,low,,Неочевидная релевантность к займам.
сислоун,сислоун,сислоун,8,9,AVERAGE,AVERAGE,microcredit,microcredit:AdditionalQueries,review-needed,,,,low,,Неочевидная релевантность к займам.
moneuman,moneuman,moneuman,8,9,AVERAGE,AVERAGE,microcredit,microcredit:AdditionalQueries,review-needed,,,,low,,Неочевидная релевантность к займам.
prived sosed,prived sosed,prived sosed,8,9,AVERAGE,AVERAGE,zaim,zaim:AdditionalQueries,review-needed,,,,low,,Неочевидная релевантность к займам.
webban,webban,webban,8,9,HIGH,HIGH,zaim,zaim:AdditionalQueries,review-needed,,,,low,,Неочевидная релевантность к займам.
495 credit ru,495 credit ru,495 credit ru,8,8,AVERAGE,AVERAGE,zaim,zaim:AdditionalQueries,review-needed,,,,low,,Неочевидная релевантность к займам.
дополучкино партнеры,дополучкино партнеры,дополучкино партнеры,8,8,AVERAGE,AVERAGE,microzaim,microzaim:AdditionalQueries,review-needed,,,,low,,Неочевидная релевантность к займам.
кркдитер,кркдитер,кркдитер,8,8,AVERAGE,AVERAGE,zaim,zaim:AdditionalQueries,review-needed,,,,low,,Неочевидная релевантность к займам.
онлайн калькулятор процентов по кредитному договору,онлайн калькулятор процентов по кредитному договору,онлайн калькулятор процентов по кредитному договору,8,8,AVERAGE,AVERAGE,zaim,zaim:AdditionalQueries,review-needed,,,,low,"online;calculator",Неочевидная релевантность к займам.
умный наличные личный,умный наличные личный,умный наличные личный,8,8,AVERAGE,AVERAGE,zaim,zaim:AdditionalQueries,review-needed,,,,low,cash,Неочевидная релевантность к займам.
деньги в долг на карту быстро,деньги в долг на карту быстро,деньги в долг на карту быстро,8,7,HIGH,HIGH,microzaim,microzaim:AdditionalQueries,review-needed,,,,low,"onCard;instant",Неочевидная релевантность к займам.
быстрые деньги на карту сбербанка,быстрые деньги на карту сбербанка,быстрые деньги на карту сбербанка,8,6,AVERAGE,AVERAGE,microzaim,microzaim:AdditionalQueries,review-needed,,,,low,"onCard;instant",Неочевидная релевантность к займам.
деньги онлайн на карту без отказа без проверки мгновенно с плохой кредитной историей,деньги онлайн на карту без отказа без проверки мгновенно с плохой кредитной историей,деньги онлайн на карту без отказа без проверки мгновенно с плохой кредитной историей,8,6,AVERAGE,AVERAGE,microzaim,microzaim:AdditionalQueries,review-needed,,,,low,"online;onCard;noRefusal;badCredit;instant;noChecks",Неочевидная релевантность к займам.
екапуста личный кабинет вход по номеру,екапуста личный кабинет вход по номеру,екапуста личный кабинет вход по номеру,8,6,AVERAGE,AVERAGE,zaim,zaim:AdditionalQueries,review-needed,,,,low,,Неочевидная релевантность к займам.
freedom finance кредит,freedom finance кредит,freedom finance кредит,8,5,AVERAGE,AVERAGE,microcredit,microcredit:AdditionalQueries,review-needed,,,,low,,Неочевидная релевантность к займам.
skb finance личный кабинет вход по номеру,skb finance личный кабинет вход по номеру,skb finance личный кабинет вход по номеру,8,4,AVERAGE,AVERAGE,zaim,zaim:AdditionalQueries,review-needed,,,,low,,Неочевидная релевантность к займам.
фридом онлайн кредит,фридом онлайн кредит,фридом онлайн кредит,7,21,AVERAGE,AVERAGE,microcredit,microcredit:AdditionalQueries,review-needed,,,,low,online,Неочевидная релевантность к займам.
limezaym,limezaym,limezaym,7,18,AVERAGE,AVERAGE,zaim,zaim:AdditionalQueries,review-needed,,,,low,,Неочевидная релевантность к займам.
берибеоу,берибеоу,берибеоу,7,17,HIGH,HIGH,zaim,zaim:AdditionalQueries,review-needed,,,,low,,Неочевидная релевантность к займам.
кредисска,кредисска,кредисска,7,16,LOW,LOW,zaim,zaim:AdditionalQueries,review-needed,,,,low,,Неочевидная релевантность к займам.
кредит без карты банка,кредит без карты банка,кредит без карты банка,7,16,HIGH,HIGH,zaim,zaim:AdditionalQueries,review-needed,,,,low,"onCard;noCard",Неочевидная релевантность к займам.
турьощайм,турьощайм,турьощайм,7,15,AVERAGE,AVERAGE,zaim,zaim:AdditionalQueries,review-needed,,,,low,,Неочевидная релевантность к займам.
credit bar kz личный кабинет,credit bar kz личный кабинет,credit bar kz личный кабинет,7,14,LOW,LOW,microcredit,microcredit:AdditionalQueries,review-needed,,,,low,,Неочевидная релевантность к займам.
моментальные деньги на карту,моментальные деньги на карту,моментальные деньги на карту,7,13,AVERAGE,AVERAGE,zaim,zaim:AdditionalQueries,review-needed,,,,low,"onCard;instant",Неочевидная релевантность к займам.
zaimer 365,zaimer 365,zaimer 365,7,12,LOW,LOW,microcredit,microcredit:AdditionalQueries,review-needed,,,,low,,Неочевидная релевантность к займам.
быстпо деньги,быстпо деньги,быстпо деньги,7,11,HIGH,HIGH,zaim,zaim:AdditionalQueries,review-needed,,,,low,,Неочевидная релевантность к займам.
срочноденьши,срочноденьши,срочноденьши,7,11,AVERAGE,AVERAGE,zaim,zaim:AdditionalQueries,review-needed,,,,low,instant,Неочевидная релевантность к займам.
взять деньги на карту без отказа и без проверок,взять деньги на карту без отказа и без проверок,взять деньги на карту без отказа и без проверок,7,10,HIGH,HIGH,zaim,zaim:AdditionalQueries,review-needed,,,,low,"onCard;noRefusal;noChecks",Неочевидная релевантность к займам.
webbankir личный кабинет войти в личный кабинет по номеру,webbankir личный кабинет войти в личный кабинет по номеру,webbankir личный кабинет войти в личный кабинет по номеру,7,10,HIGH,HIGH,zaim,zaim:AdditionalQueries,review-needed,,,,low,,Неочевидная релевантность к займам.
бкриберу личный,бкриберу личный,бкриберу личный,7,9,AVERAGE,AVERAGE,zaim,zaim:AdditionalQueries,review-needed,,,,low,,Неочевидная релевантность к займам.
срочно день,срочно день,срочно день,7,9,HIGH,HIGH,zaim,zaim:AdditionalQueries,review-needed,,,,low,instant,Неочевидная релевантность к займам.
ccoloan kz,ccoloan kz,ccoloan kz,7,9,LOW,LOW,microcredit,microcredit:AdditionalQueries,review-needed,,,,low,,Неочевидная релевантность к займам.
алтын коин кредит,алтын коин кредит,алтын коин кредит,7,8,LOW,LOW,microcredit,microcredit:AdditionalQueries,review-needed,,,,low,,Неочевидная релевантность к займам.
кредит честное слово,кредит честное слово,кредит честное слово,7,8,AVERAGE,AVERAGE,microcredit,microcredit:AdditionalQueries,review-needed,,,,low,,Неочевидная релевантность к займам.
кридеттер,кридеттер,кридеттер,7,8,AVERAGE,AVERAGE,zaim,zaim:AdditionalQueries,review-needed,,,,low,,Неочевидная релевантность к займам.
лайм хайм личный кабинет,лайм хайм личный кабинет,лайм хайм личный кабинет,7,8,AVERAGE,AVERAGE,zaim,zaim:AdditionalQueries,review-needed,,,,low,,Неочевидная релевантность к займам.
пко рвс,пко рвс,пко рвс,7,8,HIGH,HIGH,microcredit,microcredit:AdditionalQueries,review-needed,,,,low,,Неочевидная релевантность к займам.
нецелевые финансы личный кабинет,нецелевые финансы личный кабинет,нецелевые финансы личный кабинет,7,6,AVERAGE,AVERAGE,zaim,zaim:AdditionalQueries,review-needed,,,,low,,Неочевидная релевантность к займам.
долгосрочный кредит онлайн на карту без отказа,долгосрочный кредит онлайн на карту без отказа,долгосрочный кредит онлайн на карту без отказа,7,5,HIGH,HIGH,microcredit,microcredit:AdditionalQueries,review-needed,,,,low,"online;onCard;noRefusal;instant;longTerm",Неочевидная релевантность к займам.
vivus деньги личный кабинет,vivus деньги личный кабинет,vivus деньги личный кабинет,7,5,HIGH,HIGH,zaim,zaim:AdditionalQueries,review-needed,,,,low,,Неочевидная релевантность к займам.
личный кабинет credit plus,личный кабинет credit plus,личный кабинет credit plus,7,4,HIGH,HIGH,microcredit,microcredit:AdditionalQueries,review-needed,,,,low,,Неочевидная релевантность к займам.
надо деньги личный кабинет вход по номеру телефона,надо деньги личный кабинет вход по номеру телефона,надо деньги личный кабинет вход по номеру телефона,7,4,AVERAGE,AVERAGE,zaim,zaim:AdditionalQueries,review-needed,,,,low,,Неочевидная релевантность к займам.
zaymer личный,zaymer личный,zaymer личный,6,44,HIGH,HIGH,zaim,zaim:AdditionalQueries,review-needed,,,,low,,Неочевидная релевантность к займам.
быстро дерьги,быстро дерьги,быстро дерьги,6,11,HIGH,HIGH,zaim,zaim:AdditionalQueries,review-needed,,,,low,instant,Неочевидная релевантность к займам.
тенге да кз личный,тенге да кз личный,тенге да кз личный,6,11,LOW,LOW,microcredit,microcredit:AdditionalQueries,review-needed,,,,low,,Неочевидная релевантность к займам.
деньги ок контакты,деньги ок контакты,деньги ок контакты,6,9,AVERAGE,AVERAGE,zaim,zaim:AdditionalQueries,review-needed,,,,low,,Неочевидная релевантность к займам.
кешьмагнит,кешьмагнит,кешьмагнит,6,8,AVERAGE,AVERAGE,zaim,zaim:AdditionalQueries,review-needed,,,,low,,Неочевидная релевантность к займам.
cashiri,cashiri,cashiri,6,8,AVERAGE,AVERAGE,zaim,zaim:AdditionalQueries,review-needed,,,,low,,Неочевидная релевантность к займам.
lime zim,lime zim,lime zim,6,8,LOW,LOW,zaim,zaim:AdditionalQueries,review-needed,,,,low,,Неочевидная релевантность к займам.
алтин коин,алтин коин,алтин коин,6,7,LOW,LOW,microcredit,microcredit:AdditionalQueries,review-needed,,,,low,,Неочевидная релевантность к займам.
алтын кой,алтын кой,алтын кой,6,7,LOW,LOW,microcredit,microcredit:AdditionalQueries,review-needed,,,,low,,Неочевидная релевантность к займам.
деньги на карту под 0 процентов,деньги на карту под 0 процентов,деньги на карту под 0 процентов,6,7,HIGH,HIGH,microzaim,microzaim:AdditionalQueries,review-needed,,,,low,"onCard;noInterest",Неочевидная релевантность к займам.
turbozaim ru,turbozaim ru,turbozaim ru,6,7,AVERAGE,AVERAGE,zaim,zaim:AdditionalQueries,review-needed,,,,low,,Неочевидная релевантность к займам.
даввка,даввка,даввка,6,6,LOW,LOW,zaim,zaim:AdditionalQueries,review-needed,,,,low,,Неочевидная релевантность к займам.
кредит свои люди,кредит свои люди,кредит свои люди,6,6,AVERAGE,AVERAGE,zaim,zaim:AdditionalQueries,review-needed,,,,low,,Неочевидная релевантность к займам.
othnal,othnal,othnal,6,6,LOW,LOW,zaim,zaim:AdditionalQueries,review-needed,,,,low,,Неочевидная релевантность к займам.
zaimexpres,zaimexpres,zaimexpres,6,6,HIGH,HIGH,zaim,zaim:AdditionalQueries,review-needed,,,,low,,Неочевидная релевантность к займам.
где взять деньги в долг с плохой кредитной историей и просрочками,где взять деньги в долг с плохой кредитной историей и просрочками,где взять деньги в долг с плохой кредитной историей и просрочками,6,5,HIGH,HIGH,zaim,zaim:AdditionalQueries,review-needed,,,,low,"badCredit;instant",Неочевидная релевантность к займам.
кредит на юмани кошелек,кредит на юмани кошелек,кредит на юмани кошелек,6,5,AVERAGE,AVERAGE,microzaim,microzaim:AdditionalQueries,review-needed,,,,low,wallet,Неочевидная релевантность к займам.
курс валют мкб банка на сегодня,курс валют мкб банка на сегодня,курс валют мкб банка на сегодня,6,5,AVERAGE,AVERAGE,microcredit,microcredit:AdditionalQueries,review-needed,,,,low,,Неочевидная релевантность к займам.
нео кз,нео кз,нео кз,6,5,LOW,LOW,microcredit,microcredit:AdditionalQueries,review-needed,,,,low,,Неочевидная релевантность к займам.
нпдоденег,нпдоденег,нпдоденег,6,5,AVERAGE,AVERAGE,zaim,zaim:AdditionalQueries,review-needed,,,,low,,Неочевидная релевантность к займам.
тез бол личный кабинет,тез бол личный кабинет,тез бол личный кабинет,6,5,AVERAGE,AVERAGE,microcredit,microcredit:AdditionalQueries,review-needed,,,,low,,Неочевидная релевантность к займам.
ezaem вход в личный кабинет,ezaem вход в личный кабинет,ezaem вход в личный кабинет,6,5,LOW,LOW,zaim,zaim:AdditionalQueries,review-needed,,,,low,,Неочевидная релевантность к займам.
tez credit,tez credit,tez credit,6,5,LOW,LOW,microcredit,microcredit:AdditionalQueries,review-needed,,,,low,,Неочевидная релевантность к займам.
где можно получить деньги без отказа с плохой кредитной историей сегодня срочно без отказа,где можно получить деньги без отказа с плохой кредитной историей сегодня срочно без отказа,где можно получить деньги без отказа с плохой кредитной историей сегодня срочно без отказа,6,4,HIGH,HIGH,microcredit,microcredit:AdditionalQueries,review-needed,,,,low,"noRefusal;badCredit;instant",Неочевидная релевантность к займам.
кредит на 6 месяцев онлайн,кредит на 6 месяцев онлайн,кредит на 6 месяцев онлайн,6,4,HIGH,HIGH,microcredit,microcredit:AdditionalQueries,review-needed,,,,low,"online;longTerm",Неочевидная релевантность к займам.
личный кабинет триумвират,личный кабинет триумвират,личный кабинет триумвират,6,4,LOW,LOW,microzaim,microzaim:AdditionalQueries,review-needed,,,,low,,Неочевидная релевантность к займам.
дозр,дозр,дозр,5,11,AVERAGE,AVERAGE,zaim,zaim:AdditionalQueries,review-needed,,,,low,,Неочевидная релевантность к займам.
cridit 365,cridit 365,cridit 365,5,10,AVERAGE,AVERAGE,microcredit,microcredit:AdditionalQueries,review-needed,,,,low,,Неочевидная релевантность к займам.
лайкщайм,лайкщайм,лайкщайм,5,9,AVERAGE,AVERAGE,zaim,zaim:AdditionalQueries,review-needed,,,,low,,Неочевидная релевантность к займам.
белка креоит,белка креоит,белка креоит,5,8,AVERAGE,AVERAGE,zaim,zaim:AdditionalQueries,review-needed,,,,low,,Неочевидная релевантность к займам.
бустру,бустру,бустру,5,8,AVERAGE,AVERAGE,zaim,zaim:AdditionalQueries,review-needed,,,,low,,Неочевидная релевантность к займам.
kreditbar kz,kreditbar kz,kreditbar kz,5,8,LOW,LOW,microcredit,microcredit:AdditionalQueries,review-needed,,,,low,,Неочевидная релевантность к займам.
привет сосед зайс,привет сосед зайс,привет сосед зайс,5,7,AVERAGE,AVERAGE,zaim,zaim:AdditionalQueries,review-needed,,,,low,,Неочевидная релевантность к займам.
юкки звйм,юкки звйм,юкки звйм,5,7,AVERAGE,AVERAGE,zaim,zaim:AdditionalQueries,review-needed,,,,low,,Неочевидная релевантность к займам.
koke zaim,koke zaim,koke zaim,5,7,LOW,LOW,microcredit,microcredit:AdditionalQueries,review-needed,,,,low,,Неочевидная релевантность к займам.
moneza личный,moneza личный,moneza личный,5,7,AVERAGE,AVERAGE,zaim,zaim:AdditionalQueries,review-needed,,,,low,,Неочевидная релевантность к займам.
дозарплпты,дозарплпты,дозарплпты,5,6,AVERAGE,AVERAGE,"microcredit;microzaim","microcredit:AdditionalQueries;microzaim:AdditionalQueries",review-needed,,,,low,,Неочевидная релевантность к займам.
мониман кз,мониман кз,мониман кз,5,6,LOW,LOW,microcredit,microcredit:AdditionalQueries,review-needed,,,,low,,Неочевидная релевантность к займам.
надо денег личный кабинет войти по номеру телефона и дате рождения,надо денег личный кабинет войти по номеру телефона и дате рождения,надо денег личный кабинет войти по номеру телефона и дате рождения,5,6,AVERAGE,AVERAGE,zaim,zaim:AdditionalQueries,review-needed,,,,low,,Неочевидная релевантность к займам.
нео кредит личный кабинет кз,нео кредит личный кабинет кз,нео кредит личный кабинет кз,5,6,LOW,LOW,microcredit,microcredit:AdditionalQueries,review-needed,,,,low,,Неочевидная релевантность к займам.
финтеррс личный кабинет,финтеррс личный кабинет,финтеррс личный кабинет,5,6,AVERAGE,AVERAGE,zaim,zaim:AdditionalQueries,review-needed,,,,low,,Неочевидная релевантность к займам.
честное слово сайт,честное слово сайт,честное слово сайт,5,6,AVERAGE,AVERAGE,microcredit,microcredit:AdditionalQueries,review-needed,,,,low,,Неочевидная релевантность к займам.
booostra,booostra,booostra,5,6,LOW,LOW,zaim,zaim:AdditionalQueries,review-needed,,,,low,,Неочевидная релевантность к займам.
dengu click,dengu click,dengu click,5,6,LOW,LOW,microcredit,microcredit:AdditionalQueries,review-needed,,,,low,,Неочевидная релевантность к займам.
dm credit,dm credit,dm credit,5,6,LOW,LOW,microcredit,microcredit:AdditionalQueries,review-needed,,,,low,,Неочевидная релевантность к займам.
hava zaim,hava zaim,hava zaim,5,6,LOW,LOW,microcredit,microcredit:AdditionalQueries,review-needed,,,,low,,Неочевидная релевантность к займам.
priversosed,priversosed,priversosed,5,6,LOW,LOW,zaim,zaim:AdditionalQueries,review-needed,,,,low,,Неочевидная релевантность к займам.
prostoyvopros ru,prostoyvopros ru,prostoyvopros ru,5,6,LOW,LOW,zaim,zaim:AdditionalQueries,review-needed,,,,low,,Неочевидная релевантность к займам.
wan click money,wan click money,wan click money,5,6,LOW,LOW,zaim,zaim:AdditionalQueries,review-needed,,,,low,,Неочевидная релевантность к займам.
ван клип мани,ван клип мани,ван клип мани,5,5,AVERAGE,AVERAGE,zaim,zaim:AdditionalQueries,review-needed,,,,low,,Неочевидная релевантность к займам.
зайи быстроденьги,зайи быстроденьги,зайи быстроденьги,5,5,HIGH,HIGH,zaim,zaim:AdditionalQueries,review-needed,,,,low,instant,Неочевидная релевантность к займам.
пко рсв официальный сайт,пко рсв официальный сайт,пко рсв официальный сайт,5,5,AVERAGE,AVERAGE,microcredit,microcredit:AdditionalQueries,review-needed,,,,low,,Неочевидная релевантность к займам.
тез бол кз личный кабинет,тез бол кз личный кабинет,тез бол кз личный кабинет,5,5,AVERAGE,AVERAGE,microcredit,microcredit:AdditionalQueries,review-needed,,,,low,,Неочевидная релевантность к займам.
тенго кз личный кабинет войти в личный,тенго кз личный кабинет войти в личный,тенго кз личный кабинет войти в личный,5,5,AVERAGE,AVERAGE,microcredit,microcredit:AdditionalQueries,review-needed,,,,low,,Неочевидная релевантность к займам.
mikrokreditbank kurs,mikrokreditbank kurs,mikrokreditbank kurs,5,5,AVERAGE,AVERAGE,microcredit,microcredit:AdditionalQueries,review-needed,,,,low,,Неочевидная релевантность к займам.
zime express,zime express,zime express,5,5,AVERAGE,AVERAGE,zaim,zaim:AdditionalQueries,review-needed,,,,low,,Неочевидная релевантность к займам.
веб банкир ру личный кабинет вход,веб банкир ру личный кабинет вход,веб банкир ру личный кабинет вход,5,4,AVERAGE,AVERAGE,zaim,zaim:AdditionalQueries,review-needed,,,,low,,Неочевидная релевантность к займам.
деньги в долг на карту без отказа с плохой кредитной историей,деньги в долг на карту без отказа с плохой кредитной историей,деньги в долг на карту без отказа с плохой кредитной историей,5,3,AVERAGE,AVERAGE,microcredit,microcredit:AdditionalQueries,review-needed,,,,low,"onCard;noRefusal;badCredit",Неочевидная релевантность к займам.
zaim казахстан,zaim казахстан,zaim казахстан,5,3,LOW,LOW,microcredit,microcredit:AdditionalQueries,review-needed,,,,low,,Неочевидная релевантность к займам.
гринман личный кабинет,гринман личный кабинет,гринман личный кабинет,4,7,AVERAGE,AVERAGE,zaim,zaim:AdditionalQueries,review-needed,,,,low,,Неочевидная релевантность к займам.
смфинанс,смфинанс,смфинанс,4,7,HIGH,HIGH,zaim,zaim:AdditionalQueries,review-needed,,,,low,,Неочевидная релевантность к займам.
белка быстроденьги,белка быстроденьги,белка быстроденьги,4,6,AVERAGE,AVERAGE,zaim,zaim:AdditionalQueries,review-needed,,,,low,instant,Неочевидная релевантность к займам.
деньги в долг через госуслуги,деньги в долг через госуслуги,деньги в долг через госуслуги,4,6,AVERAGE,AVERAGE,microcredit,microcredit:AdditionalQueries,review-needed,,,,low,gosuslugi,Неочевидная релевантность к займам.
деньги о,деньги о,деньги о,4,6,HIGH,HIGH,zaim,zaim:AdditionalQueries,review-needed,,,,low,,Неочевидная релевантность к займам.
креди 365,креди 365,креди 365,4,6,AVERAGE,AVERAGE,microcredit,microcredit:AdditionalQueries,review-needed,,,,low,,Неочевидная релевантность к займам.
маеи мен,маеи мен,маеи мен,4,6,HIGH,HIGH,microcredit,microcredit:AdditionalQueries,review-needed,,,,low,,Неочевидная релевантность к займам.
сисфинанс,сисфинанс,сисфинанс,4,6,HIGH,HIGH,zaim,zaim:AdditionalQueries,review-needed,,,,low,,Неочевидная релевантность к займам.
умные наличными,умные наличными,умные наличными,4,6,HIGH,HIGH,zaim,zaim:AdditionalQueries,review-needed,,,,low,cash,Неочевидная релевантность к займам.
credit bar kz личный,credit bar kz личный,credit bar kz личный,4,6,LOW,LOW,microcredit,microcredit:AdditionalQueries,review-needed,,,,low,,Неочевидная релевантность к займам.
канат кз личный,канат кз личный,канат кз личный,4,5,LOW,LOW,microcredit,microcredit:AdditionalQueries,review-needed,,,,low,,Неочевидная релевантность к займам.
кредит онлайн золотая корона,кредит онлайн золотая корона,кредит онлайн золотая корона,4,5,AVERAGE,AVERAGE,microzaim,microzaim:AdditionalQueries,review-needed,,,,low,online,Неочевидная релевантность к займам.
ооо пкл рсв,ооо пкл рсв,ооо пкл рсв,4,5,HIGH,HIGH,microcredit,microcredit:AdditionalQueries,review-needed,,,,low,,Неочевидная релевантность к займам.
пкл рсв,пкл рсв,пкл рсв,4,5,HIGH,HIGH,microcredit,microcredit:AdditionalQueries,review-needed,,,,low,,Неочевидная релевантность к займам.
срочноденьни,срочноденьни,срочноденьни,4,5,HIGH,HIGH,zaim,zaim:AdditionalQueries,review-needed,,,,low,instant,Неочевидная релевантность к займам.
турьомани,турьомани,турьомани,4,5,AVERAGE,AVERAGE,microcredit,microcredit:AdditionalQueries,review-needed,,,,low,,Неочевидная релевантность к займам.
умные и наличные,умные и наличные,умные и наличные,4,5,HIGH,HIGH,zaim,zaim:AdditionalQueries,review-needed,,,,low,cash,Неочевидная релевантность к займам.
целевый финансы,целевый финансы,целевый финансы,4,5,AVERAGE,AVERAGE,zaim,zaim:AdditionalQueries,review-needed,,,,low,,Неочевидная релевантность к займам.
mikrokreditbank kredit,mikrokreditbank kredit,mikrokreditbank kredit,4,5,AVERAGE,AVERAGE,microcredit,microcredit:AdditionalQueries,review-needed,,,,low,,Неочевидная релевантность к займам.
быстрые деньги без отказа,быстрые деньги без отказа,быстрые деньги без отказа,4,4,HIGH,HIGH,microzaim,microzaim:AdditionalQueries,review-needed,,,,low,"noRefusal;instant",Неочевидная релевантность к займам.
быстрые деньги официальный сайт,быстрые деньги официальный сайт,быстрые деньги официальный сайт,4,4,HIGH,HIGH,microzaim,microzaim:AdditionalQueries,review-needed,,,,low,instant,Неочевидная релевантность к займам.
веб юанкир,веб юанкир,веб юанкир,4,4,HIGH,HIGH,zaim,zaim:AdditionalQueries,review-needed,,,,low,,Неочевидная релевантность к займам.
взять кредит в озон банке на карту,взять кредит в озон банке на карту,взять кредит в озон банке на карту,4,4,HIGH,HIGH,zaim,zaim:AdditionalQueries,review-needed,,,,low,onCard,Неочевидная релевантность к займам.
взять кредит на карту без процентов,взять кредит на карту без процентов,взять кредит на карту без процентов,4,4,AVERAGE,AVERAGE,microzaim,microzaim:AdditionalQueries,review-needed,,,,low,"onCard;noInterest",Неочевидная релевантность к займам.
где можно взять деньги с плохой кредитной историей и просрочками на карту без отказа срочно,где можно взять деньги с плохой кредитной историей и просрочками на карту без отказа срочно,где можно взять деньги с плохой кредитной историей и просрочками на карту без отказа срочно,4,4,HIGH,HIGH,microcredit,microcredit:AdditionalQueries,review-needed,,,,low,"onCard;noRefusal;badCredit;instant",Неочевидная релевантность к займам.
деньгинадом ру,деньгинадом ру,деньгинадом ру,4,4,AVERAGE,AVERAGE,zaim,zaim:AdditionalQueries,review-needed,,,,low,,Неочевидная релевантность к займам.
получить деньги на карту онлайн срочно,получить деньги на карту онлайн срочно,получить деньги на карту онлайн срочно,4,4,LOW,LOW,microzaim,microzaim:AdditionalQueries,review-needed,,,,low,"online;onCard;instant",Неочевидная релевантность к займам.
срочное деньги личный кабинет,срочное деньги личный кабинет,срочное деньги личный кабинет,4,4,AVERAGE,AVERAGE,zaim,zaim:AdditionalQueries,review-needed,,,,low,instant,Неочевидная релевантность к займам.
ltymubyfljv,ltymubyfljv,ltymubyfljv,4,4,AVERAGE,AVERAGE,zaim,zaim:AdditionalQueries,review-needed,,,,low,,Неочевидная релевантность к займам.
сайт боостра,сайт боостра,сайт боостра,4,3,AVERAGE,AVERAGE,zaim,zaim:AdditionalQueries,review-needed,,,,low,,Неочевидная релевантность к займам.
finnmol,finnmol,finnmol,4,3,AVERAGE,AVERAGE,zaim,zaim:AdditionalQueries,review-needed,,,,low,,Неочевидная релевантность к займам.
zaim express личный,zaim express личный,zaim express личный,4,3,LOW,LOW,zaim,zaim:AdditionalQueries,review-needed,,,,low,,Неочевидная релевантность к займам.
надо деньги личный кабинет вход,надо деньги личный кабинет вход,надо деньги личный кабинет вход,4,2,AVERAGE,AVERAGE,zaim,zaim:AdditionalQueries,review-needed,,,,low,,Неочевидная релевантность к займам.
смсыинанс,смсыинанс,смсыинанс,3,7,AVERAGE,AVERAGE,zaim,zaim:AdditionalQueries,review-needed,,,,low,,Неочевидная релевантность к займам.
ekapuata,ekapuata,ekapuata,3,7,LOW,LOW,zaim,zaim:AdditionalQueries,review-needed,,,,low,,Неочевидная релевантность к займам.
деньги на карту без отказов с плохой кредитной и с просрочками без отказа,деньги на карту без отказов с плохой кредитной и с просрочками без отказа,деньги на карту без отказов с плохой кредитной и с просрочками без отказа,3,6,HIGH,HIGH,microzaim,microzaim:AdditionalQueries,review-needed,,,,low,"onCard;noRefusal;badCredit;instant",Неочевидная релевантность к займам.
надоденкг,надоденкг,надоденкг,3,6,AVERAGE,AVERAGE,zaim,zaim:AdditionalQueries,review-needed,,,,low,,Неочевидная релевантность к займам.
оставить машину под залог,оставить машину под залог,оставить машину под залог,3,6,HIGH,HIGH,zaim,zaim:AdditionalQueries,review-needed,,,,low,,Неочевидная релевантность к займам.
хурмауредит,хурмауредит,хурмауредит,3,6,LOW,LOW,zaim,zaim:AdditionalQueries,review-needed,,,,low,,Неочевидная релевантность к займам.
дозарплаьы,дозарплаьы,дозарплаьы,3,5,AVERAGE,AVERAGE,"microzaim;zaim","microzaim:AdditionalQueries;zaim:AdditionalQueries",review-needed,,,,low,,Неочевидная релевантность к займам.
моеейман,моеейман,моеейман,3,5,LOW,LOW,microcredit,microcredit:AdditionalQueries,review-needed,,,,low,,Неочевидная релевантность к займам.
новые мко,новые мко,новые мко,3,5,LOW,LOW,zaim,zaim:AdditionalQueries,review-needed,,,,low,newLoans,Неочевидная релевантность к займам.
опе кредит,опе кредит,опе кредит,3,5,LOW,LOW,microcredit,microcredit:AdditionalQueries,review-needed,,,,low,,Неочевидная релевантность к займам.
давака зацм,давака зацм,давака зацм,3,4,AVERAGE,AVERAGE,zaim,zaim:AdditionalQueries,review-needed,,,,low,,Неочевидная релевантность к займам.
екапустаз,екапустаз,екапустаз,3,4,HIGH,HIGH,zaim,zaim:AdditionalQueries,review-needed,,,,low,,Неочевидная релевантность к займам.
крешит плюс,крешит плюс,крешит плюс,3,4,HIGH,HIGH,microcredit,microcredit:AdditionalQueries,review-needed,,,,low,,Неочевидная релевантность к займам.
мани мэг,мани мэг,мани мэг,3,4,HIGH,HIGH,microcredit,microcredit:AdditionalQueries,review-needed,,,,low,,Неочевидная релевантность к займам.
оформить онлайн кредит без карты,оформить онлайн кредит без карты,оформить онлайн кредит без карты,3,4,AVERAGE,AVERAGE,zaim,zaim:AdditionalQueries,review-needed,,,,low,"online;onCard;noCard",Неочевидная релевантность к займам.
dengiclick kz личный кабинет вход,dengiclick kz личный кабинет вход,dengiclick kz личный кабинет вход,3,4,LOW,LOW,microcredit,microcredit:AdditionalQueries,review-needed,,,,low,,Неочевидная релевантность к займам.
koke kz вход,koke kz вход,koke kz вход,3,4,LOW,LOW,microcredit,microcredit:AdditionalQueries,review-needed,,,,low,,Неочевидная релевантность к займам.
tengego,tengego,tengego,3,4,LOW,LOW,microcredit,microcredit:AdditionalQueries,review-needed,,,,low,,Неочевидная релевантность к займам.
белые деньги официальный сайт,белые деньги официальный сайт,белые деньги официальный сайт,3,3,AVERAGE,AVERAGE,zaim,zaim:AdditionalQueries,review-needed,,,,low,,Неочевидная релевантность к займам.
бострп,бострп,бострп,3,3,AVERAGE,AVERAGE,zaim,zaim:AdditionalQueries,review-needed,,,,low,,Неочевидная релевантность к займам.
быстрый деньги на карту без отказов взять,быстрый деньги на карту без отказов взять,быстрый деньги на карту без отказов взять,3,3,AVERAGE,AVERAGE,microzaim,microzaim:AdditionalQueries,review-needed,,,,low,"onCard;noRefusal;instant",Неочевидная релевантность к займам.
гренмоней,гренмоней,гренмоней,3,3,AVERAGE,AVERAGE,zaim,zaim:AdditionalQueries,review-needed,,,,low,,Неочевидная релевантность к займам.
екапуста екапуста личный,екапуста екапуста личный,екапуста екапуста личный,3,3,AVERAGE,AVERAGE,zaim,zaim:AdditionalQueries,review-needed,,,,low,,Неочевидная релевантность к займам.
кредит бар как оплатить,кредит бар как оплатить,кредит бар как оплатить,3,3,LOW,LOW,microcredit,microcredit:AdditionalQueries,review-needed,,,,low,,Неочевидная релевантность к займам.
кредит онлайн на 12 месяцев,кредит онлайн на 12 месяцев,кредит онлайн на 12 месяцев,3,3,LOW,LOW,microcredit,microcredit:AdditionalQueries,review-needed,,,,low,"online;longTerm;term:1-year",Неочевидная релевантность к займам.
кредит онлайн на карту под 0 процентов,кредит онлайн на карту под 0 процентов,кредит онлайн на карту под 0 процентов,3,3,AVERAGE,AVERAGE,microzaim,microzaim:AdditionalQueries,review-needed,,,,low,"online;onCard;noInterest",Неочевидная релевантность к займам.
ооо пко псв,ооо пко псв,ооо пко псв,3,3,AVERAGE,AVERAGE,microcredit,microcredit:AdditionalQueries,review-needed,,,,low,,Неочевидная релевантность к займам.
отличные наличие,отличные наличие,отличные наличие,3,3,HIGH,HIGH,zaim,zaim:AdditionalQueries,review-needed,,,,low,,Неочевидная релевантность к займам.
отличные наличные новосибирск официальный сайт,отличные наличные новосибирск официальный сайт,отличные наличные новосибирск официальный сайт,3,3,LOW,LOW,zaim,zaim:AdditionalQueries,review-needed,,,,low,"cash;city:novosibirsk",Неочевидная релевантность к займам.
привет сосед зам,привет сосед зам,привет сосед зам,3,3,AVERAGE,AVERAGE,zaim,zaim:AdditionalQueries,review-needed,,,,low,,Неочевидная релевантность к займам.
сайт boostra,сайт boostra,сайт boostra,3,3,AVERAGE,AVERAGE,zaim,zaim:AdditionalQueries,review-needed,,,,low,,Неочевидная релевантность к займам.
laim zain,laim zain,laim zain,3,3,AVERAGE,AVERAGE,zaim,zaim:AdditionalQueries,review-needed,,,,low,,Неочевидная релевантность к займам.
lime zame,lime zame,lime zame,3,3,AVERAGE,AVERAGE,zaim,zaim:AdditionalQueries,review-needed,,,,low,,Неочевидная релевантность к займам.
100 процентный кредит без отказа без проверки мгновенно рсб,100 процентный кредит без отказа без проверки мгновенно рсб,100 процентный кредит без отказа без проверки мгновенно рсб,3,2,AVERAGE,AVERAGE,zaim,zaim:AdditionalQueries,review-needed,,,,low,"noRefusal;instant;noChecks",Неочевидная релевантность к займам.
взять кредит онлайн на карту без отказа в 18 лет,взять кредит онлайн на карту без отказа в 18 лет,взять кредит онлайн на карту без отказа в 18 лет,3,2,HIGH,HIGH,microzaim,microzaim:AdditionalQueries,review-needed,,,,low,"online;onCard;noRefusal;audience:18-plus",Неочевидная релевантность к займам.
деньги сразу на карту онлайн без отказа очень срочно без проверки кредитной,деньги сразу на карту онлайн без отказа очень срочно без проверки кредитной,деньги сразу на карту онлайн без отказа очень срочно без проверки кредитной,3,2,HIGH,HIGH,zaim,zaim:AdditionalQueries,review-needed,,,,low,"online;onCard;noRefusal;instant;noChecks",Неочевидная релевантность к займам.
доллар курс мкб,доллар курс мкб,доллар курс мкб,3,2,HIGH,HIGH,microcredit,microcredit:AdditionalQueries,review-needed,,,,low,,Неочевидная релевантность к займам.
занять деньги с плохой кредитной,занять деньги с плохой кредитной,занять деньги с плохой кредитной,3,2,HIGH,HIGH,microzaim,microzaim:AdditionalQueries,review-needed,,,,low,badCredit,Неочевидная релевантность к займам.
как на озоне купить товар в кредит,как на озоне купить товар в кредит,как на озоне купить товар в кредит,3,2,HIGH,HIGH,zaim,zaim:AdditionalQueries,review-needed,,,,low,,Неочевидная релевантность к займам.
каширо как оплатить без комиссии,каширо как оплатить без комиссии,каширо как оплатить без комиссии,3,2,LOW,LOW,zaim,zaim:AdditionalQueries,review-needed,,,,low,,Неочевидная релевантность к займам.
кредит микро с 18 лет,кредит микро с 18 лет,кредит микро с 18 лет,3,2,AVERAGE,AVERAGE,microcredit,microcredit:AdditionalQueries,review-needed,,,,low,audience:18-plus,Неочевидная релевантность к займам.
кредит онлайн для граждан узбекистана,кредит онлайн для граждан узбекистана,кредит онлайн для граждан узбекистана,3,2,HIGH,HIGH,microcredit,microcredit:AdditionalQueries,review-needed,,,,low,online,Неочевидная релевантность к займам.
кредитер официальный сайт,кредитер официальный сайт,кредитер официальный сайт,3,2,HIGH,HIGH,zaim,zaim:AdditionalQueries,review-needed,,,,low,,Неочевидная релевантность к займам.
ооо пко рсв что это за организация телефон,ооо пко рсв что это за организация телефон,ооо пко рсв что это за организация телефон,3,2,AVERAGE,AVERAGE,microcredit,microcredit:AdditionalQueries,review-needed,,,,low,,Неочевидная релевантность к займам.
экспресс деньги личный кабинет саратов официальный сайт,экспресс деньги личный кабинет саратов официальный сайт,экспресс деньги личный кабинет саратов официальный сайт,3,2,AVERAGE,AVERAGE,zaim,zaim:AdditionalQueries,review-needed,,,,low,"instant;city:saratov",Неочевидная релевантность к займам.
zaimrf,zaimrf,zaimrf,3,2,LOW,LOW,zaim,zaim:AdditionalQueries,review-needed,,,,low,,Неочевидная релевантность к займам.
белка кредит личный личный кабинет,белка кредит личный личный кабинет,белка кредит личный личный кабинет,3,1,HIGH,HIGH,zaim,zaim:AdditionalQueries,review-needed,,,,low,,Неочевидная релевантность к займам.
веб банкип,веб банкип,веб банкип,3,1,AVERAGE,AVERAGE,zaim,zaim:AdditionalQueries,review-needed,,,,low,,Неочевидная релевантность к займам.
веббанкир личный кабинет по номеру телефона без пароля вход,веббанкир личный кабинет по номеру телефона без пароля вход,веббанкир личный кабинет по номеру телефона без пароля вход,3,1,HIGH,HIGH,zaim,zaim:AdditionalQueries,review-needed,,,,low,,Неочевидная релевантность к займам.
срочно деньги официальный,срочно деньги официальный,срочно деньги официальный,3,0,NO_DATA,NO_DATA,zaim,zaim:AdditionalQueries,review-needed,,,,low,instant,Неочевидная релевантность к займам.
кредиса,кредиса,кредиса,2,5,AVERAGE,AVERAGE,zaim,zaim:AdditionalQueries,review-needed,,,,low,,Неочевидная релевантность к займам.
аденьни ру,аденьни ру,аденьни ру,2,4,LOW,LOW,zaim,zaim:AdditionalQueries,review-needed,,,,low,,Неочевидная релевантность к займам.
вэбщайм,вэбщайм,вэбщайм,2,4,AVERAGE,AVERAGE,zaim,zaim:AdditionalQueries,review-needed,,,,low,,Неочевидная релевантность к займам.
корона кредит взять на карту золотая корона,корона кредит взять на карту золотая корона,корона кредит взять на карту золотая корона,2,4,HIGH,HIGH,zaim,zaim:AdditionalQueries,review-needed,,,,low,onCard,Неочевидная релевантность к займам.
моненза,моненза,моненза,2,4,HIGH,HIGH,zaim,zaim:AdditionalQueries,review-needed,,,,low,,Неочевидная релевантность к займам.
приветсрсед,приветсрсед,приветсрсед,2,4,HIGH,HIGH,zaim,zaim:AdditionalQueries,review-needed,,,,low,,Неочевидная релевантность к займам.
monean,monean,monean,2,4,AVERAGE,AVERAGE,microcredit,microcredit:AdditionalQueries,review-needed,,,,low,,Неочевидная релевантность к займам.
быстро деньга,быстро деньга,быстро деньга,2,3,HIGH,HIGH,"microcredit;zaim","microcredit:AdditionalQueries;zaim:AdditionalQueries",review-needed,,,,low,instant,Неочевидная релевантность к займам.
взять моментальный кредит на карту,взять моментальный кредит на карту,взять моментальный кредит на карту,2,3,HIGH,HIGH,zaim,zaim:AdditionalQueries,review-needed,,,,low,"onCard;instant",Неочевидная релевантность к займам.
греен моней,греен моней,греен моней,2,3,HIGH,HIGH,zaim,zaim:AdditionalQueries,review-needed,,,,low,,Неочевидная релевантность к займам.
е капуста личный кабинет войти по номеру телефона,е капуста личный кабинет войти по номеру телефона,е капуста личный кабинет войти по номеру телефона,2,3,AVERAGE,AVERAGE,zaim,zaim:AdditionalQueries,review-needed,,,,low,,Неочевидная релевантность к займам.
зай мер,зай мер,зай мер,2,3,AVERAGE,AVERAGE,microcredit,microcredit:AdditionalQueries,review-needed,,,,low,,Неочевидная релевантность к займам.
зймер ру личный кабинет,зймер ру личный кабинет,зймер ру личный кабинет,2,3,AVERAGE,AVERAGE,zaim,zaim:AdditionalQueries,review-needed,,,,low,,Неочевидная релевантность к займам.
кабинет екапуста,кабинет екапуста,кабинет екапуста,2,3,AVERAGE,AVERAGE,zaim,zaim:AdditionalQueries,review-needed,,,,low,,Неочевидная релевантность к займам.
кредит наличными яндекс,кредит наличными яндекс,кредит наличными яндекс,2,3,HIGH,HIGH,zaim,zaim:AdditionalQueries,review-needed,,,,low,cash,Неочевидная релевантность к займам.
кредит с одобрением 100 процентов на карту,кредит с одобрением 100 процентов на карту,кредит с одобрением 100 процентов на карту,2,3,AVERAGE,AVERAGE,microzaim,microzaim:AdditionalQueries,review-needed,,,,low,"onCard;noRefusal",Неочевидная релевантность к займам.
манимен рф,манимен рф,манимен рф,2,3,AVERAGE,AVERAGE,microcredit,microcredit:AdditionalQueries,review-needed,,,,low,,Неочевидная релевантность к займам.
мони мейн,мони мейн,мони мейн,2,3,AVERAGE,AVERAGE,zaim,zaim:AdditionalQueries,review-needed,,,,low,,Неочевидная релевантность к займам.
надо денег личный кабинет войти по номеру,надо денег личный кабинет войти по номеру,надо денег личный кабинет войти по номеру,2,3,AVERAGE,AVERAGE,zaim,zaim:AdditionalQueries,review-needed,,,,low,,Неочевидная релевантность к займам.
надоденг,надоденг,надоденг,2,3,AVERAGE,AVERAGE,zaim,zaim:AdditionalQueries,review-needed,,,,low,,Неочевидная релевантность к займам.
новые мфл,новые мфл,новые мфл,2,3,AVERAGE,AVERAGE,zaim,zaim:AdditionalQueries,review-needed,,,,low,newLoans,Неочевидная релевантность к займам.
привсосед ру личный кабинет,привсосед ру личный кабинет,привсосед ру личный кабинет,2,3,AVERAGE,AVERAGE,zaim,zaim:AdditionalQueries,review-needed,,,,low,,Неочевидная релевантность к займам.
рокет мен лк,рокет мен лк,рокет мен лк,2,3,AVERAGE,AVERAGE,zaim,zaim:AdditionalQueries,review-needed,,,,low,,Неочевидная релевантность к займам.
роккет мен,роккет мен,роккет мен,2,3,HIGH,HIGH,zaim,zaim:AdditionalQueries,review-needed,,,,low,,Неочевидная релевантность к займам.
ссилон кз личный,ссилон кз личный,ссилон кз личный,2,3,LOW,LOW,microcredit,microcredit:AdditionalQueries,review-needed,,,,low,,Неочевидная релевантность к займам.
тенго да личный кабинет,тенго да личный кабинет,тенго да личный кабинет,2,3,LOW,LOW,microcredit,microcredit:AdditionalQueries,review-needed,,,,low,,Неочевидная релевантность к займам.
юери беру,юери беру,юери беру,2,3,AVERAGE,AVERAGE,zaim,zaim:AdditionalQueries,review-needed,,,,low,,Неочевидная релевантность к займам.
banymoney,banymoney,banymoney,2,3,LOW,LOW,zaim,zaim:AdditionalQueries,review-needed,,,,low,,Неочевидная релевантность к займам.
cclon kz,cclon kz,cclon kz,2,3,LOW,LOW,microcredit,microcredit:AdditionalQueries,review-needed,,,,low,,Неочевидная релевантность к займам.
tengo kz личный кабинет войти в личный кабинет,tengo kz личный кабинет войти в личный кабинет,tengo kz личный кабинет войти в личный кабинет,2,3,AVERAGE,AVERAGE,microcredit,microcredit:AdditionalQueries,review-needed,,,,low,,Неочевидная релевантность к займам.
аденьги личныймкабинет,аденьги личныймкабинет,аденьги личныймкабинет,2,2,AVERAGE,AVERAGE,microzaim,microzaim:AdditionalQueries,review-needed,,,,low,,Неочевидная релевантность к займам.
айм 0 процентов,айм 0 процентов,айм 0 процентов,2,2,LOW,LOW,microzaim,microzaim:AdditionalQueries,review-needed,,,,low,,Неочевидная релевантность к займам.
акапуста,акапуста,акапуста,2,2,AVERAGE,AVERAGE,zaim,zaim:AdditionalQueries,review-needed,,,,low,,Неочевидная релевантность к займам.
белка кредит белка,белка кредит белка,белка кредит белка,2,2,AVERAGE,AVERAGE,zaim,zaim:AdditionalQueries,review-needed,,,,low,,Неочевидная релевантность к займам.
взять без,взять без,взять без,2,2,HIGH,HIGH,microzaim,microzaim:AdditionalQueries,review-needed,,,,low,,Неочевидная релевантность к займам.
взять деньги быстро без отказа,взять деньги быстро без отказа,взять деньги быстро без отказа,2,2,HIGH,HIGH,microzaim,microzaim:AdditionalQueries,review-needed,,,,low,"noRefusal;instant",Неочевидная релевантность к займам.
где дают с плохой ки финдозор,где дают с плохой ки финдозор,где дают с плохой ки финдозор,2,2,LOW,LOW,zaim,zaim:AdditionalQueries,review-needed,,,,low,badCredit,Неочевидная релевантность к займам.
дазарплаты,дазарплаты,дазарплаты,2,2,AVERAGE,AVERAGE,"microcredit;zaim","microcredit:AdditionalQueries;zaim:AdditionalQueries",review-needed,,,,low,,Неочевидная релевантность к займам.
дввака,дввака,дввака,2,2,AVERAGE,AVERAGE,zaim,zaim:AdditionalQueries,review-needed,,,,low,,Неочевидная релевантность к займам.
деньги маркет аксай зко,деньги маркет аксай зко,деньги маркет аксай зко,2,2,AVERAGE,AVERAGE,microcredit,microcredit:AdditionalQueries,review-needed,,,,low,,Неочевидная релевантность к займам.
деньги на карту мгновенно без отказа с плохой,деньги на карту мгновенно без отказа с плохой,деньги на карту мгновенно без отказа с плохой,2,2,HIGH,HIGH,microzaim,microzaim:AdditionalQueries,review-needed,,,,low,"onCard;noRefusal;instant",Неочевидная релевантность к займам.
дозарпоаиы,дозарпоаиы,дозарпоаиы,2,2,AVERAGE,AVERAGE,zaim,zaim:AdditionalQueries,review-needed,,,,low,,Неочевидная релевантность к займам.
зайти в личный кабинет дополучкино,зайти в личный кабинет дополучкино,зайти в личный кабинет дополучкино,2,2,LOW,LOW,zaim,zaim:AdditionalQueries,review-needed,,,,low,,Неочевидная релевантность к займам.
кашхиро,кашхиро,кашхиро,2,2,LOW,LOW,zaim,zaim:AdditionalQueries,review-needed,,,,low,,Неочевидная релевантность к займам.
кредит снг узбекистан,кредит снг узбекистан,кредит снг узбекистан,2,2,HIGH,HIGH,microcredit,microcredit:AdditionalQueries,review-needed,,,,low,,Неочевидная релевантность к займам.
май быстроденьги,май быстроденьги,май быстроденьги,2,2,HIGH,HIGH,microzaim,microzaim:AdditionalQueries,review-needed,,,,low,instant,Неочевидная релевантность к займам.
манейман кз,манейман кз,манейман кз,2,2,LOW,LOW,microcredit,microcredit:AdditionalQueries,review-needed,,,,low,,Неочевидная релевантность к займам.
мани грин личный кабинет,мани грин личный кабинет,мани грин личный кабинет,2,2,AVERAGE,AVERAGE,zaim,zaim:AdditionalQueries,review-needed,,,,low,,Неочевидная релевантность к займам.
отличныеиналичные,отличныеиналичные,отличныеиналичные,2,2,AVERAGE,AVERAGE,zaim,zaim:AdditionalQueries,review-needed,,,,low,cash,Неочевидная релевантность к займам.
платизе,платизе,платизе,2,2,HIGH,HIGH,zaim,zaim:AdditionalQueries,review-needed,,,,low,,Неочевидная релевантность к займам.
сайт финтерс,сайт финтерс,сайт финтерс,2,2,AVERAGE,AVERAGE,zaim,zaim:AdditionalQueries,review-needed,,,,low,,Неочевидная релевантность к займам.
сисилон личный кабинет,сисилон личный кабинет,сисилон личный кабинет,2,2,LOW,LOW,microcredit,microcredit:AdditionalQueries,review-needed,,,,low,,Неочевидная релевантность к займам.
ска финанс,ска финанс,ска финанс,2,2,AVERAGE,AVERAGE,zaim,zaim:AdditionalQueries,review-needed,,,,low,,Неочевидная релевантность к займам.
финн мол,финн мол,финн мол,2,2,HIGH,HIGH,zaim,zaim:AdditionalQueries,review-needed,,,,low,,Неочевидная релевантность к займам.
фнтерс,фнтерс,фнтерс,2,2,AVERAGE,AVERAGE,zaim,zaim:AdditionalQueries,review-needed,,,,low,,Неочевидная релевантность к займам.
фридом банк кредит наличными онлайн,фридом банк кредит наличными онлайн,фридом банк кредит наличными онлайн,2,2,AVERAGE,AVERAGE,microcredit,microcredit:AdditionalQueries,review-needed,,,,low,"online;cash",Неочевидная релевантность к займам.
хава кз личный кабинет войти,хава кз личный кабинет войти,хава кз личный кабинет войти,2,2,LOW,LOW,microcredit,microcredit:AdditionalQueries,review-needed,,,,low,,Неочевидная релевантность к займам.
экспресс хайм,экспресс хайм,экспресс хайм,2,2,AVERAGE,AVERAGE,zaim,zaim:AdditionalQueries,review-needed,,,,low,instant,Неочевидная релевантность к займам.
яндекс кредит взять,яндекс кредит взять,яндекс кредит взять,2,2,HIGH,HIGH,zaim,zaim:AdditionalQueries,review-needed,,,,low,,Неочевидная релевантность к займам.
mikrokredit bank kurs,mikrokredit bank kurs,mikrokredit bank kurs,2,2,AVERAGE,AVERAGE,microcredit,microcredit:AdditionalQueries,review-needed,,,,low,,Неочевидная релевантность к займам.
mk bank internet bank,mk bank internet bank,mk bank internet bank,2,2,AVERAGE,AVERAGE,microcredit,microcredit:AdditionalQueries,review-needed,,,,low,,Неочевидная релевантность к займам.
mkk dengi ok отписаться,mkk dengi ok отписаться,mkk dengi ok отписаться,2,2,LOW,LOW,zaim,zaim:AdditionalQueries,review-needed,,,,low,,Неочевидная релевантность к займам.
my bistrodengi ru вход в личный,my bistrodengi ru вход в личный,my bistrodengi ru вход в личный,2,2,AVERAGE,AVERAGE,zaim,zaim:AdditionalQueries,review-needed,,,,low,,Неочевидная релевантность к займам.
solva kz кредит,solva kz кредит,solva kz кредит,2,2,LOW,LOW,microcredit,microcredit:AdditionalQueries,review-needed,,,,low,,Неочевидная релевантность к займам.
алтын коин личный кабинет на русском,алтын коин личный кабинет на русском,алтын коин личный кабинет на русском,2,1,LOW,LOW,microcredit,microcredit:AdditionalQueries,review-needed,,,,low,,Неочевидная релевантность к займам.
взять деньги онлайн без отказа,взять деньги онлайн без отказа,взять деньги онлайн без отказа,2,1,LOW,LOW,microcredit,microcredit:AdditionalQueries,review-needed,,,,low,"online;noRefusal",Неочевидная релевантность к займам.
взять кредит онлайн на карту без отказа 100000,взять кредит онлайн на карту без отказа 100000,взять кредит онлайн на карту без отказа 100000,2,1,HIGH,HIGH,microcredit,microcredit:AdditionalQueries,review-needed,,,,low,"online;onCard;noRefusal;amount:1000",Неочевидная релевантность к займам.
войти быстроденьги,войти быстроденьги,войти быстроденьги,2,1,HIGH,HIGH,microzaim,microzaim:AdditionalQueries,review-needed,,,,low,instant,Неочевидная релевантность к займам.
где можно получить деньги без отказа с плохой кредитной историей,где можно получить деньги без отказа с плохой кредитной историей,где можно получить деньги без отказа с плохой кредитной историей,2,1,HIGH,HIGH,"microcredit;microzaim","microcredit:AdditionalQueries;microzaim:AdditionalQueries",review-needed,,,,low,"noRefusal;badCredit",Неочевидная релевантность к займам.
деньги замер,деньги замер,деньги замер,2,1,HIGH,HIGH,microcredit,microcredit:AdditionalQueries,review-needed,,,,low,,Неочевидная релевантность к займам.
деньги онлайн на карту без отказа срочно,деньги онлайн на карту без отказа срочно,деньги онлайн на карту без отказа срочно,2,1,AVERAGE,AVERAGE,microzaim,microzaim:AdditionalQueries,review-needed,,,,low,"online;onCard;noRefusal;instant",Неочевидная релевантность к займам.
кредит на карту без отказа до 100000,кредит на карту без отказа до 100000,кредит на карту без отказа до 100000,2,1,HIGH,HIGH,microcredit,microcredit:AdditionalQueries,review-needed,,,,low,"onCard;noRefusal;amount:1000",Неочевидная релевантность к займам.
лайк кредит личный,лайк кредит личный,лайк кредит личный,2,1,LOW,LOW,zaim,zaim:AdditionalQueries,review-needed,,,,low,,Неочевидная релевантность к займам.
онлайн кредит в казахстане на карту без отказа без проверки,онлайн кредит в казахстане на карту без отказа без проверки,онлайн кредит в казахстане на карту без отказа без проверки,2,1,LOW,LOW,microcredit,microcredit:AdditionalQueries,review-needed,,,,low,"online;onCard;noRefusal;noChecks",Неочевидная релевантность к займам.
онлайн кредит под 0 процентов,онлайн кредит под 0 процентов,онлайн кредит под 0 процентов,2,1,AVERAGE,AVERAGE,microzaim,microzaim:AdditionalQueries,review-needed,,,,low,"online;noInterest",Неочевидная релевантность к займам.
самые быстрые деньги,самые быстрые деньги,самые быстрые деньги,2,1,AVERAGE,AVERAGE,zaim,zaim:AdditionalQueries,review-needed,,,,low,instant,Неочевидная релевантность к займам.
chestnoe slovo,chestnoe slovo,chestnoe slovo,2,1,LOW,LOW,zaim,zaim:AdditionalQueries,review-needed,,,,low,,Неочевидная релевантность к займам.
line zime,line zime,line zime,2,1,AVERAGE,AVERAGE,zaim,zaim:AdditionalQueries,review-needed,,,,low,,Неочевидная релевантность к займам.
mikrokridit,mikrokridit,mikrokridit,2,1,LOW,LOW,microcredit,microcredit:AdditionalQueries,review-needed,,,,low,,Неочевидная релевантность к займам.
nadodeneg личный кабинет войти,nadodeneg личный кабинет войти,nadodeneg личный кабинет войти,2,1,AVERAGE,AVERAGE,zaim,zaim:AdditionalQueries,review-needed,,,,low,,Неочевидная релевантность к займам.
sma финанс,sma финанс,sma финанс,2,1,AVERAGE,AVERAGE,zaim,zaim:AdditionalQueries,review-needed,,,,low,,Неочевидная релевантность к займам.
zaim srazu ru,zaim srazu ru,zaim srazu ru,2,1,LOW,LOW,zaim,zaim:AdditionalQueries,review-needed,,,,low,,Неочевидная релевантность к займам.
vebzaim ru личный кабинет,vebzaim ru личный кабинет,vebzaim ru личный кабинет,1,13,HIGH,HIGH,zaim,zaim:AdditionalQueries,review-needed,,,,low,,Неочевидная релевантность к займам.
вебзаци,вебзаци,вебзаци,1,4,HIGH,HIGH,zaim,zaim:AdditionalQueries,review-needed,,,,low,,Неочевидная релевантность к займам.
кредит на банковский счет,кредит на банковский счет,кредит на банковский счет,1,4,HIGH,HIGH,microzaim,microzaim:AdditionalQueries,review-needed,,,,low,account,Неочевидная релевантность к займам.
limezaim ru,limezaim ru,limezaim ru,1,4,LOW,LOW,zaim,zaim:AdditionalQueries,review-needed,,,,low,,Неочевидная релевантность к займам.
быстро ден,быстро ден,быстро ден,1,3,HIGH,HIGH,zaim,zaim:AdditionalQueries,review-needed,,,,low,instant,Неочевидная релевантность к займам.
доброщацм,доброщацм,доброщацм,1,3,LOW,LOW,microzaim,microzaim:AdditionalQueries,review-needed,,,,low,,Неочевидная релевантность к займам.
dа деньги,dа деньги,dа деньги,1,3,AVERAGE,AVERAGE,zaim,zaim:AdditionalQueries,review-needed,,,,low,,Неочевидная релевантность к займам.
turbozain,turbozain,turbozain,1,3,LOW,LOW,microcredit,microcredit:AdditionalQueries,review-needed,,,,low,,Неочевидная релевантность к займам.
в каком банке взять кредит 15000,в каком банке взять кредит 15000,в каком банке взять кредит 15000,1,2,HIGH,HIGH,zaim,zaim:AdditionalQueries,review-needed,,,,low,amount:5000,Неочевидная релевантность к займам.
взять кредит онлайн 15000,взять кредит онлайн 15000,взять кредит онлайн 15000,1,2,HIGH,HIGH,microzaim,microzaim:AdditionalQueries,review-needed,,,,low,"online;amount:5000",Неочевидная релевантность к займам.
где взять деньги без регистрации,где взять деньги без регистрации,где взять деньги без регистрации,1,2,AVERAGE,AVERAGE,microzaim,microzaim:AdditionalQueries,review-needed,,,,low,,Неочевидная релевантность к займам.
деньги населению в петропавловске,деньги населению в петропавловске,деньги населению в петропавловске,1,2,AVERAGE,AVERAGE,microcredit,microcredit:AdditionalQueries,review-needed,,,,low,,Неочевидная релевантность к займам.
екапуста вход личный вход,екапуста вход личный вход,екапуста вход личный вход,1,2,AVERAGE,AVERAGE,zaim,zaim:AdditionalQueries,review-needed,,,,low,,Неочевидная релевантность к займам.
занять без процентов,занять без процентов,занять без процентов,1,2,HIGH,HIGH,microzaim,microzaim:AdditionalQueries,review-needed,,,,low,noInterest,Неочевидная релевантность к займам.
как в яндексе взять кредит,как в яндексе взять кредит,как в яндексе взять кредит,1,2,HIGH,HIGH,zaim,zaim:AdditionalQueries,review-needed,,,,low,,Неочевидная релевантность к займам.
кжш тую,кжш тую,кжш тую,1,2,AVERAGE,AVERAGE,zaim,zaim:AdditionalQueries,review-needed,,,,low,,Неочевидная релевантность к займам.
коке кщ,коке кщ,коке кщ,1,2,AVERAGE,AVERAGE,microcredit,microcredit:AdditionalQueries,review-needed,,,,low,,Неочевидная релевантность к займам.
кредит 365 вход в личный кабинет,кредит 365 вход в личный кабинет,кредит 365 вход в личный кабинет,1,2,AVERAGE,AVERAGE,microcredit,microcredit:AdditionalQueries,review-needed,,,,low,,Неочевидная релевантность к займам.
креоит 365,креоит 365,креоит 365,1,2,AVERAGE,AVERAGE,microcredit,microcredit:AdditionalQueries,review-needed,,,,low,,Неочевидная релевантность к займам.
мни мен,мни мен,мни мен,1,2,HIGH,HIGH,microcredit,microcredit:AdditionalQueries,review-needed,,,,low,,Неочевидная релевантность к займам.
монеймон,монеймон,монеймон,1,2,AVERAGE,AVERAGE,microcredit,microcredit:AdditionalQueries,review-needed,,,,low,,Неочевидная релевантность к займам.
облигации федерального значения,облигации федерального значения,облигации федерального значения,1,2,HIGH,HIGH,zaim,zaim:AdditionalQueries,review-needed,,,,low,,Неочевидная релевантность к займам.
онличек мани,онличек мани,онличек мани,1,2,AVERAGE,AVERAGE,zaim,zaim:AdditionalQueries,review-needed,,,,low,,Неочевидная релевантность к займам.
смсфин,смсфин,смсфин,1,2,HIGH,HIGH,zaim,zaim:AdditionalQueries,review-needed,,,,low,,Неочевидная релевантность к займам.
список мко,список мко,список мко,1,2,HIGH,HIGH,microcredit,microcredit:AdditionalQueries,review-needed,,,,low,rating,Неочевидная релевантность к займам.
срочнодеьги,срочнодеьги,срочнодеьги,1,2,HIGH,HIGH,zaim,zaim:AdditionalQueries,review-needed,,,,low,instant,Неочевидная релевантность к займам.
тенге да кз личный кабинет вход,тенге да кз личный кабинет вход,тенге да кз личный кабинет вход,1,2,LOW,LOW,microcredit,microcredit:AdditionalQueries,review-needed,,,,low,,Неочевидная релевантность к займам.
что такое пко рсв,что такое пко рсв,что такое пко рсв,1,2,AVERAGE,AVERAGE,microcredit,microcredit:AdditionalQueries,review-needed,,,,low,,Неочевидная релевантность к займам.
bosstra zaim личный кабинет,bosstra zaim личный кабинет,bosstra zaim личный кабинет,1,2,AVERAGE,AVERAGE,zaim,zaim:AdditionalQueries,review-needed,,,,low,,Неочевидная релевантность к займам.
ffin кредит,ffin кредит,ffin кредит,1,2,LOW,LOW,microcredit,microcredit:AdditionalQueries,review-needed,,,,low,,Неочевидная релевантность к займам.
platza,platza,platza,1,2,AVERAGE,AVERAGE,zaim,zaim:AdditionalQueries,review-needed,,,,low,,Неочевидная релевантность к займам.
solve кредит,solve кредит,solve кредит,1,2,LOW,LOW,microcredit,microcredit:AdditionalQueries,review-needed,,,,low,,Неочевидная релевантность к займам.
zaim 18,zaim 18,zaim 18,1,2,LOW,LOW,microcredit,microcredit:AdditionalQueries,review-needed,,,,low,,Неочевидная релевантность к займам.
495 кредит вход в личный,495 кредит вход в личный,495 кредит вход в личный,1,1,AVERAGE,AVERAGE,zaim,zaim:AdditionalQueries,review-needed,,,,low,,Неочевидная релевантность к займам.
алтынкон,алтынкон,алтынкон,1,1,LOW,LOW,microcredit,microcredit:AdditionalQueries,review-needed,,,,low,,Неочевидная релевантность к займам.
бысиро деньги,бысиро деньги,бысиро деньги,1,1,HIGH,HIGH,zaim,zaim:AdditionalQueries,review-needed,,,,low,,Неочевидная релевантность к займам.
быстро деньги лич каб,быстро деньги лич каб,быстро деньги лич каб,1,1,AVERAGE,AVERAGE,zaim,zaim:AdditionalQueries,review-needed,,,,low,instant,Неочевидная релевантность к займам.
быстрые деньги как взять,быстрые деньги как взять,быстрые деньги как взять,1,1,HIGH,HIGH,"microcredit;microzaim","microcredit:AdditionalQueries;microzaim:AdditionalQueries",review-needed,,,,low,instant,Неочевидная релевантность к займам.
взять 15 тысяч,взять 15 тысяч,взять 15 тысяч,1,1,HIGH,HIGH,microzaim,microzaim:AdditionalQueries,review-needed,,,,low,,Неочевидная релевантность к займам.
взять кредит в фридом банк,взять кредит в фридом банк,взять кредит в фридом банк,1,1,LOW,LOW,microcredit,microcredit:AdditionalQueries,review-needed,,,,low,,Неочевидная релевантность к займам.
взять кредит по паспортным данным в интернете,взять кредит по паспортным данным в интернете,взять кредит по паспортным данным в интернете,1,1,HIGH,HIGH,microzaim,microzaim:AdditionalQueries,review-needed,,,,low,"noDocs;passport",Неочевидная релевантность к займам.
взять кредит с плохой кредитной историей без отказа на карту срочно,взять кредит с плохой кредитной историей без отказа на карту срочно,взять кредит с плохой кредитной историей без отказа на карту срочно,1,1,HIGH,HIGH,zaim,zaim:AdditionalQueries,review-needed,,,,low,"onCard;noRefusal;badCredit;instant",Неочевидная релевантность к займам.
где взять кредит без отказа с плохой кредитной историей на карту и просрочками срочно онлайн,где взять кредит без отказа с плохой кредитной историей на карту и просрочками срочно онлайн,где взять кредит без отказа с плохой кредитной историей на карту и просрочками срочно онлайн,1,1,HIGH,HIGH,zaim,zaim:AdditionalQueries,review-needed,,,,low,"online;onCard;noRefusal;badCredit;instant",Неочевидная релевантность к займам.
деньги в долг на карту без отказа онлайн,деньги в долг на карту без отказа онлайн,деньги в долг на карту без отказа онлайн,1,1,AVERAGE,AVERAGE,zaim,zaim:AdditionalQueries,review-needed,,,,low,"online;onCard;noRefusal",Неочевидная релевантность к займам.
деньги сосзу,деньги сосзу,деньги сосзу,1,1,AVERAGE,AVERAGE,zaim,zaim:AdditionalQueries,review-needed,,,,low,,Неочевидная релевантность к займам.
договор на долг денежных средств,договор на долг денежных средств,договор на долг денежных средств,1,1,HIGH,HIGH,zaim,zaim:AdditionalQueries,review-needed,,,,low,,Неочевидная релевантность к займам.
зайэкспресс,зайэкспресс,зайэкспресс,1,1,HIGH,HIGH,zaim,zaim:AdditionalQueries,review-needed,,,,low,instant,Неочевидная релевантность к займам.
занять 15000,занять 15000,занять 15000,1,1,HIGH,HIGH,microzaim,microzaim:AdditionalQueries,review-needed,,,,low,amount:5000,Неочевидная релевантность к займам.
как взять кредит на человека по паспорту,как взять кредит на человека по паспорту,как взять кредит на человека по паспорту,1,1,HIGH,HIGH,microcredit,microcredit:AdditionalQueries,review-needed,,,,low,"noDocs;passport",Неочевидная релевантность к займам.
капитална,капитална,капитална,1,1,AVERAGE,AVERAGE,zaim,zaim:AdditionalQueries,review-needed,,,,low,,Неочевидная релевантность к займам.
кмф онлайн заявка,кмф онлайн заявка,кмф онлайн заявка,1,1,LOW,LOW,microcredit,microcredit:AdditionalQueries,review-needed,,,,low,online,Неочевидная релевантность к займам.
коке кз кредит,коке кз кредит,коке кз кредит,1,1,LOW,LOW,microcredit,microcredit:AdditionalQueries,review-needed,,,,low,,Неочевидная релевантность к займам.
коке личный кабинет,коке личный кабинет,коке личный кабинет,1,1,LOW,LOW,microcredit,microcredit:AdditionalQueries,review-needed,,,,low,,Неочевидная релевантность к займам.
колл центр деньги маркет,колл центр деньги маркет,колл центр деньги маркет,1,1,AVERAGE,AVERAGE,microcredit,microcredit:AdditionalQueries,review-needed,,,,low,,Неочевидная релевантность к займам.
кредит 500 тыс тенге,кредит 500 тыс тенге,кредит 500 тыс тенге,1,1,LOW,LOW,microcredit,microcredit:AdditionalQueries,review-needed,,,,low,,Неочевидная релевантность к займам.
кредит для граждан снг на карту,кредит для граждан снг на карту,кредит для граждан снг на карту,1,1,AVERAGE,AVERAGE,microcredit,microcredit:AdditionalQueries,review-needed,,,,low,onCard,Неочевидная релевантность к займам.
кредит на карту по паспорту срочно,кредит на карту по паспорту срочно,кредит на карту по паспорту срочно,1,1,AVERAGE,AVERAGE,microcredit,microcredit:AdditionalQueries,review-needed,,,,low,"onCard;instant;noDocs;passport",Неочевидная релевантность к займам.
кредит онлайн до 1000000,кредит онлайн до 1000000,кредит онлайн до 1000000,1,1,HIGH,HIGH,microcredit,microcredit:AdditionalQueries,review-needed,,,,low,"online;amount:1000",Неочевидная релевантность к займам.
кредит тез,кредит тез,кредит тез,1,1,AVERAGE,AVERAGE,microcredit,microcredit:AdditionalQueries,review-needed,,,,low,,Неочевидная релевантность к займам.
кредитпдюс,кредитпдюс,кредитпдюс,1,1,AVERAGE,AVERAGE,microcredit,microcredit:AdditionalQueries,review-needed,,,,low,,Неочевидная релевантность к займам.
личный кабинет капитолина,личный кабинет капитолина,личный кабинет капитолина,1,1,AVERAGE,AVERAGE,zaim,zaim:AdditionalQueries,review-needed,,,,low,,Неочевидная релевантность к займам.
личный кабинет экофинанс,личный кабинет экофинанс,личный кабинет экофинанс,1,1,AVERAGE,AVERAGE,microzaim,microzaim:AdditionalQueries,review-needed,,,,low,,Неочевидная релевантность к займам.
лк умные наличные,лк умные наличные,лк умные наличные,1,1,AVERAGE,AVERAGE,zaim,zaim:AdditionalQueries,review-needed,,,,low,cash,Неочевидная релевантность к займам.
микра кредит 365,микра кредит 365,микра кредит 365,1,1,AVERAGE,AVERAGE,microcredit,microcredit:AdditionalQueries,review-needed,,,,low,,Неочевидная релевантность к займам.
микро зайс,микро зайс,микро зайс,1,1,HIGH,HIGH,microzaim,microzaim:AdditionalQueries,review-needed,,,,low,,Неочевидная релевантность к займам.
монеймай,монеймай,монеймай,1,1,AVERAGE,AVERAGE,microcredit,microcredit:AdditionalQueries,review-needed,,,,low,,Неочевидная релевантность к займам.
оне улик моней,оне улик моней,оне улик моней,1,1,AVERAGE,AVERAGE,zaim,zaim:AdditionalQueries,review-needed,,,,low,,Неочевидная релевантность к займам.
онлайн деньги на карту сбербанка,онлайн деньги на карту сбербанка,онлайн деньги на карту сбербанка,1,1,HIGH,HIGH,microzaim,microzaim:AdditionalQueries,review-needed,,,,low,"online;onCard",Неочевидная релевантность к займам.
ооо рсв пко,ооо рсв пко,ооо рсв пко,1,1,HIGH,HIGH,microcredit,microcredit:AdditionalQueries,review-needed,,,,low,,Неочевидная релевантность к займам.
отзывы кредит бар,отзывы кредит бар,отзывы кредит бар,1,1,AVERAGE,AVERAGE,microcredit,microcredit:AdditionalQueries,review-needed,,,,low,reviews,Неочевидная релевантность к займам.
оne kredit,оne kredit,оne kredit,1,1,LOW,LOW,microcredit,microcredit:AdditionalQueries,review-needed,,,,low,,Неочевидная релевантность к займам.
первый без процентов,первый без процентов,первый без процентов,1,1,HIGH,HIGH,microzaim,microzaim:AdditionalQueries,review-needed,,,,low,"noInterest;firstFree",Неочевидная релевантность к займам.
пко псв,пко псв,пко псв,1,1,AVERAGE,AVERAGE,microcredit,microcredit:AdditionalQueries,review-needed,,,,low,,Неочевидная релевантность к займам.
пко рсв номер телефона,пко рсв номер телефона,пко рсв номер телефона,1,1,HIGH,HIGH,microcredit,microcredit:AdditionalQueries,review-needed,,,,low,,Неочевидная релевантность к займам.
плюс кредит кредит,плюс кредит кредит,плюс кредит кредит,1,1,HIGH,HIGH,zaim,zaim:AdditionalQueries,review-needed,,,,low,,Неочевидная релевантность к займам.
приветсоскд,приветсоскд,приветсоскд,1,1,HIGH,HIGH,zaim,zaim:AdditionalQueries,review-needed,,,,low,,Неочевидная релевантность к займам.
простой вопрос скачать,простой вопрос скачать,простой вопрос скачать,1,1,LOW,LOW,zaim,zaim:AdditionalQueries,review-needed,,,,low,,Неочевидная релевантность к займам.
свои люди зай,свои люди зай,свои люди зай,1,1,AVERAGE,AVERAGE,zaim,zaim:AdditionalQueries,review-needed,,,,low,,Неочевидная релевантность к займам.
скачать скб финанс личный кабинет,скачать скб финанс личный кабинет,скачать скб финанс личный кабинет,1,1,AVERAGE,AVERAGE,zaim,zaim:AdditionalQueries,review-needed,,,,low,,Неочевидная релевантность к займам.
срочноденоги,срочноденоги,срочноденоги,1,1,HIGH,HIGH,zaim,zaim:AdditionalQueries,review-needed,,,,low,instant,Неочевидная релевантность к займам.
ссолан кз,ссолан кз,ссолан кз,1,1,LOW,LOW,microcredit,microcredit:AdditionalQueries,review-needed,,,,low,,Неочевидная релевантность к займам.
тез болл,тез болл,тез болл,1,1,AVERAGE,AVERAGE,microcredit,microcredit:AdditionalQueries,review-needed,,,,low,,Неочевидная релевантность к займам.
тенго кз личный кабинет войти в личный кабинет,тенго кз личный кабинет войти в личный кабинет,тенго кз личный кабинет войти в личный кабинет,1,1,LOW,LOW,microcredit,microcredit:AdditionalQueries,review-needed,,,,low,,Неочевидная релевантность к займам.
турбомани kz личный кабинет вход,турбомани kz личный кабинет вход,турбомани kz личный кабинет вход,1,1,LOW,LOW,microcredit,microcredit:AdditionalQueries,review-needed,,,,low,,Неочевидная релевантность к займам.
финмл,финмл,финмл,1,1,NO_DATA,NO_DATA,zaim,zaim:AdditionalQueries,review-needed,,,,low,,Неочевидная релевантность к займам.
финмолбанк,финмолбанк,финмолбанк,1,1,AVERAGE,AVERAGE,zaim,zaim:AdditionalQueries,review-needed,,,,low,,Неочевидная релевантность к займам.
фредом кредит онлайн,фредом кредит онлайн,фредом кредит онлайн,1,1,LOW,LOW,microcredit,microcredit:AdditionalQueries,review-needed,,,,low,online,Неочевидная релевантность к займам.
фридом финанс кредит онлайн,фридом финанс кредит онлайн,фридом финанс кредит онлайн,1,1,LOW,LOW,microcredit,microcredit:AdditionalQueries,review-needed,,,,low,online,Неочевидная релевантность к займам.
хуурма кредит,хуурма кредит,хуурма кредит,1,1,AVERAGE,AVERAGE,zaim,zaim:AdditionalQueries,review-needed,,,,low,,Неочевидная релевантность к займам.
эайм,эайм,эайм,1,1,AVERAGE,AVERAGE,zaim,zaim:AdditionalQueries,review-needed,,,,low,,Неочевидная релевантность к займам.
ccoclan кредит,ccoclan кредит,ccoclan кредит,1,1,LOW,LOW,microcredit,microcredit:AdditionalQueries,review-needed,,,,low,,Неочевидная релевантность к займам.
ctedit 365,ctedit 365,ctedit 365,1,1,AVERAGE,AVERAGE,microcredit,microcredit:AdditionalQueries,review-needed,,,,low,,Неочевидная релевантность к займам.
dengi market kz,dengi market kz,dengi market kz,1,1,LOW,LOW,microcredit,microcredit:AdditionalQueries,review-needed,,,,low,,Неочевидная релевантность к займам.
dengimarket kz,dengimarket kz,dengimarket kz,1,1,AVERAGE,AVERAGE,microcredit,microcredit:AdditionalQueries,review-needed,,,,low,,Неочевидная релевантность к займам.
konga ru,konga ru,konga ru,1,1,AVERAGE,AVERAGE,zaim,zaim:AdditionalQueries,review-needed,,,,low,,Неочевидная релевантность к займам.
kurs dollar uzbekistan mikrokreditbank,kurs dollar uzbekistan mikrokreditbank,kurs dollar uzbekistan mikrokreditbank,1,1,HIGH,HIGH,microcredit,microcredit:AdditionalQueries,review-needed,,,,low,,Неочевидная релевантность к займам.
mikrokridit bank,mikrokridit bank,mikrokridit bank,1,1,HIGH,HIGH,microcredit,microcredit:AdditionalQueries,review-needed,,,,low,,Неочевидная релевантность к займам.
rhtlbirf,rhtlbirf,rhtlbirf,1,1,AVERAGE,AVERAGE,zaim,zaim:AdditionalQueries,review-needed,,,,low,,Неочевидная релевантность к займам.
tenge go,tenge go,tenge go,1,1,LOW,LOW,microcredit,microcredit:AdditionalQueries,review-needed,,,,low,,Неочевидная релевантность к займам.
websaim личный кабинет,websaim личный кабинет,websaim личный кабинет,1,1,HIGH,HIGH,zaim,zaim:AdditionalQueries,review-needed,,,,low,,Неочевидная релевантность к займам.
акшамат алматы,акшамат алматы,акшамат алматы,1,0,NO_DATA,NO_DATA,microcredit,microcredit:AdditionalQueries,review-needed,,,,low,city:almaty,Неочевидная релевантность к займам.
белла кредит личный кабинет,белла кредит личный кабинет,белла кредит личный кабинет,1,0,NO_DATA,NO_DATA,zaim,zaim:AdditionalQueries,review-needed,,,,low,,Неочевидная релевантность к займам.
быстроденьги через интернет,быстроденьги через интернет,быстроденьги через интернет,1,0,NO_DATA,NO_DATA,"microcredit;zaim","microcredit:AdditionalQueries;zaim:AdditionalQueries",review-needed,,,,low,instant,Неочевидная релевантность к займам.
быстрые деньги рейтинг,быстрые деньги рейтинг,быстрые деньги рейтинг,1,0,NO_DATA,NO_DATA,"microzaim;zaim","microzaim:AdditionalQueries;zaim:AdditionalQueries",review-needed,,,,low,"instant;rating",Неочевидная релевантность к займам.
веб банкмр,веб банкмр,веб банкмр,1,0,NO_DATA,NO_DATA,zaim,zaim:AdditionalQueries,review-needed,,,,low,,Неочевидная релевантность к займам.
где можно взять деньги в долг в 16 лет,где можно взять деньги в долг в 16 лет,где можно взять деньги в долг в 16 лет,1,0,NO_DATA,NO_DATA,microzaim,microzaim:AdditionalQueries,review-needed,,,,low,,Неочевидная релевантность к займам.
грин мане,грин мане,грин мане,1,0,NO_DATA,NO_DATA,zaim,zaim:AdditionalQueries,review-needed,,,,low,,Неочевидная релевантность к займам.
деньги срочно на карту без проверки,деньги срочно на карту без проверки,деньги срочно на карту без проверки,1,0,NO_DATA,NO_DATA,microcredit,microcredit:AdditionalQueries,review-needed,,,,low,"onCard;instant;noChecks",Неочевидная релевантность к займам.
еикапус личный кабинет,еикапус личный кабинет,еикапус личный кабинет,1,0,NO_DATA,NO_DATA,zaim,zaim:AdditionalQueries,review-needed,,,,low,,Неочевидная релевантность к займам.
заявки по номеру телефона,заявки по номеру телефона,заявки по номеру телефона,1,0,NO_DATA,NO_DATA,microzaim,microzaim:AdditionalQueries,review-needed,,,,low,,Неочевидная релевантность к займам.
компания кредит 365,компания кредит 365,компания кредит 365,1,0,NO_DATA,NO_DATA,microcredit,microcredit:AdditionalQueries,review-needed,,,,low,,Неочевидная релевантность к займам.
личный кабинет деньги надо,личный кабинет деньги надо,личный кабинет деньги надо,1,0,NO_DATA,NO_DATA,zaim,zaim:AdditionalQueries,review-needed,,,,low,,Неочевидная релевантность к займам.
образец кредитного договора между физическими лицами,образец кредитного договора между физическими лицами,образец кредитного договора между физическими лицами,1,0,NO_DATA,NO_DATA,zaim,zaim:AdditionalQueries,review-needed,,,,low,,Неочевидная релевантность к займам.
онлайн на карту без отказа срочно,онлайн на карту без отказа срочно,онлайн на карту без отказа срочно,1,0,NO_DATA,NO_DATA,microcredit,microcredit:AdditionalQueries,review-needed,,,,low,"online;onCard;noRefusal;instant",Неочевидная релевантность к займам.
региональная служба взыскания инн 7707782563,региональная служба взыскания инн 7707782563,региональная служба взыскания инн 7707782563,1,0,NO_DATA,NO_DATA,microcredit,microcredit:AdditionalQueries,review-needed,,,,low,,Неочевидная релевантность к займам.
финлмолл,финлмолл,финлмолл,1,0,NO_DATA,NO_DATA,zaim,zaim:AdditionalQueries,review-needed,,,,low,,Неочевидная релевантность к займам.
хава кз личный кабинет войти в личный кабинет,хава кз личный кабинет войти в личный кабинет,хава кз личный кабинет войти в личный кабинет,1,0,NO_DATA,NO_DATA,microcredit,microcredit:AdditionalQueries,review-needed,,,,low,,Неочевидная релевантность к займам.
что такое кэшмагнит,что такое кэшмагнит,что такое кэшмагнит,1,0,NO_DATA,NO_DATA,zaim,zaim:AdditionalQueries,review-needed,,,,low,,Неочевидная релевантность к займам.
bonon ru,bonon ru,bonon ru,1,0,NO_DATA,NO_DATA,zaim,zaim:AdditionalQueries,review-needed,,,,low,,Неочевидная релевантность к займам.
mikrozaimi,mikrozaimi,mikrozaimi,1,0,NO_DATA,NO_DATA,microcredit,microcredit:AdditionalQueries,review-needed,,,,low,,Неочевидная релевантность к займам.
